0	105_Stadium	Impianti_sportivi_di_Rimini		754889
0	105_Stadium_(Genova)	Impianti_sportivi_di_Genova		1593633
0	Accademia_di_scherma_al_Foro_italico	Impianti_sportivi_di_Roma		3363587
0	Adria_International_Raceway	Impianti_sportivi_della_provincia_di_Rovigo		789395
0	Adriatic_Arena	Impianti_sportivi_di_Pesaro		718875
0	Aerautodromo_di_Modena	Impianti_sportivi_di_Modena		3849913
0	Arena_Alto_Adige	Impianti_sportivi_della_provincia_di_Bolzano		2610884
0	Arena_Civica	Impianti_sportivi_di_Milano		639154
0	Arena_Ritten	Impianti_sportivi_della_provincia_di_Bolzano		2854806
0	Autodromo_Enzo_e_Dino_Ferrari	Impianti_sportivi_della_provincia_di_Bologna		57374
0	Autodromo_Internazionale_del_Mugello	Impianti_sportivi_della_provincia_di_Firenze		507180
0	Autodromo_Nazionale_di_Monza	Impianti_sportivi_di_Monza		689041
0	Autodromo_Riccardo_Paletti	Impianti_sportivi_della_provincia_di_Parma		299581
0	Autodromo_di_Pergusa	Impianti_sportivi_di_Enna		361006
0	Autodromo_di_Vairano	Impianti_sportivi_della_provincia_di_Pavia		3405424
0	Bagni_di_Diana_(Milano)	Impianti_sportivi_di_Milano		4066895
0	Biella_Forum	Impianti_sportivi_di_Biella		2265806
0	Campo_Formisano	Impianti_sportivi_di_Torre_Annunziata		4731654
0	Campo_Oncino	Impianti_sportivi_di_Torre_Annunziata		4571372
0	Campo_Tenente_Onorato	Impianti_sportivi_di_Palermo		2038636
0	Campo_Testaccio	Impianti_sportivi_di_Roma		520439
0	Campo_degli_Sports	Impianti_sportivi_di_Bari		4313021
0	Campo_di_Atletica_Dal_Dan	Impianti_sportivi_di_Udine		4737742
0	Campo_di_via_Goldoni	Impianti_sportivi_di_Milano		3057318
0	Campo_sportivo_della_Cajenna	Impianti_sportivi_di_Genova		3483934
0	Campo_sportivo_di_Ponte_Carrega	Impianti_sportivi_di_Genova		3481700
0	Canalone_(pista_sciistica)	Piste_sciistiche_della_provincia_di_Sondrio		1216247
0	Carisport	Impianti_sportivi_di_Cesena		2580256
0	Centro_Fondo_Carlomagno	Impianti_sportivi_della_provincia_di_Cosenza		2906840
0	Centro_Natatorio_Mompiano	Impianti_sportivi_di_Brescia		4717974
0	Centro_Sportivo_Gloriano_Mugnaini	Impianti_sportivi_della_provincia_di_Genova		3815113
0	Centro_Sportivo_Saini	Impianti_sportivi_di_Milano		1686432
0	Centro_Sportivo_San_Filippo	Impianti_sportivi_di_Brescia		2466817
0	Centro_di_Preparazione_Olimpica_di_Formia	Impianti_sportivi_della_provincia_di_Latina		4398169
0	Centro_sportivo_Angelo_Moratti	Impianti_sportivi_della_provincia_di_Como		3062885
0	Centro_sportivo_Giulio_Onesti	Impianti_sportivi_di_Roma		1036116
0	Centro_sportivo_Sant'Agata	Impianti_sportivi_di_Reggio_Calabria		527364
0	Centro_sportivo_di_Formello	Impianti_sportivi_della_provincia_di_Roma		2905754
0	Centro_tecnico_federale_della_Federazione_Italiana_Giuoco_Calcio	Impianti_sportivi_di_Firenze		4260709
0	Circolo_Tennis_Pescara	Impianti_sportivi_di_Pescara		3005357
0	Circuito_automobilistico_di_Salerno	Impianti_sportivi_di_Salerno		4331454
0	Circuito_della_Superba	Impianti_sportivi_di_Genova		2196937
0	Circuito_di_Cagliari	Impianti_sportivi_di_Cagliari		3654478
0	Circuito_di_Fiorano	Impianti_sportivi_della_provincia_di_Modena		1609266
0	Circuito_di_Pescara	Impianti_sportivi_di_Pescara		1201474
0	Circuito_di_Siracusa	Impianti_sportivi_di_Siracusa		4436542
0	Circuito_di_Torretta	Impianti_sportivi_della_provincia_di_Palermo		1780171
0	Città_dello_sport	Impianti_sportivi_di_Roma		1911965
0	Complesso_natatorio_del_Foro_Italico	Impianti_sportivi_di_Roma		3268031
0	Diamante_Fondo_Patti	Impianti_sportivi_di_Palermo		1312942
0	Gurian_Field	Impianti_sportivi_della_provincia_di_Varese		1602967
0	Hodegart	Impianti_sportivi_della_provincia_di_Vicenza		2050845
0	Idroscalo_di_Milano	Impianti_sportivi_della_provincia_di_Milano		479838
14	Impianti_sportivi_dell'Aquila	Impianti_sportivi_della_provincia_dell'Aquila		4642476
14	Impianti_sportivi_della_Sicilia	Impianti_sportivi_in_Italia_per_regione		4653486
14	Impianti_sportivi_della_Valle_d'Aosta	Impianti_sportivi_in_Italia_per_regione		4647054
14	Impianti_sportivi_della_provincia_del_Verbano-Cusio-Ossola	Impianti_sportivi_in_Piemonte		4654206
14	Impianti_sportivi_della_provincia_dell'Aquila	Impianti_sportivi_in_Abruzzo		4642478
14	Impianti_sportivi_della_provincia_della_Spezia	Impianti_sportivi_in_Liguria		4639639
14	Impianti_sportivi_della_provincia_di_Agrigento	Impianti_sportivi_della_Sicilia		4091533
14	Impianti_sportivi_della_provincia_di_Alessandria	Impianti_sportivi_in_Piemonte		4647073
14	Impianti_sportivi_della_provincia_di_Ancona	Impianti_sportivi_nelle_Marche		4644857
14	Impianti_sportivi_della_provincia_di_Arezzo	Impianti_sportivi_in_Toscana		4636051
14	Impianti_sportivi_della_provincia_di_Ascoli_Piceno	Impianti_sportivi_nelle_Marche		4644888
14	Impianti_sportivi_della_provincia_di_Asti	Impianti_sportivi_in_Piemonte		4662472
14	Impianti_sportivi_della_provincia_di_Avellino	Impianti_sportivi_in_Campania		4632121
14	Impianti_sportivi_della_provincia_di_Bari	Impianti_sportivi_in_Puglia		4639662
14	Impianti_sportivi_della_provincia_di_Barletta-Andria-Trani	Impianti_sportivi_in_Puglia		4639666
14	Impianti_sportivi_della_provincia_di_Belluno	Impianti_sportivi_in_Veneto		4649026
14	Impianti_sportivi_della_provincia_di_Benevento	Impianti_sportivi_in_Campania		4632148
14	Impianti_sportivi_della_provincia_di_Bergamo	Impianti_sportivi_in_Lombardia		4647120
14	Impianti_sportivi_della_provincia_di_Biella	Impianti_sportivi_in_Piemonte		4647061
14	Impianti_sportivi_della_provincia_di_Bologna	Impianti_sportivi_in_Emilia-Romagna		4646770
14	Impianti_sportivi_della_provincia_di_Bolzano	Impianti_sportivi_in_Trentino-Alto_Adige		4649019
14	Impianti_sportivi_della_provincia_di_Brescia	Impianti_sportivi_in_Lombardia		4647116
14	Impianti_sportivi_della_provincia_di_Brindisi	Impianti_sportivi_in_Puglia		4639679
14	Impianti_sportivi_della_provincia_di_Cagliari	Impianti_sportivi_in_Sardegna		4631994
14	Impianti_sportivi_della_provincia_di_Caltanissetta	Impianti_sportivi_della_Sicilia		4091564
14	Impianti_sportivi_della_provincia_di_Campobasso	Impianti_sportivi_in_Molise		4639709
14	Impianti_sportivi_della_provincia_di_Caserta	Impianti_sportivi_in_Campania		4632107
14	Impianti_sportivi_della_provincia_di_Catania	Impianti_sportivi_della_Sicilia		4091525
14	Impianti_sportivi_della_provincia_di_Catanzaro	Impianti_sportivi_in_Calabria		4632017
14	Impianti_sportivi_della_provincia_di_Chieti	Impianti_sportivi_in_Abruzzo		4642461
14	Impianti_sportivi_della_provincia_di_Como	Impianti_sportivi_in_Lombardia		4647098
14	Impianti_sportivi_della_provincia_di_Cosenza	Impianti_sportivi_in_Calabria		4632016
14	Impianti_sportivi_della_provincia_di_Cremona	Impianti_sportivi_in_Lombardia		4649008
14	Impianti_sportivi_della_provincia_di_Crotone	Impianti_sportivi_in_Calabria		4632012
14	Impianti_sportivi_della_provincia_di_Cuneo	Impianti_sportivi_in_Piemonte		4647077
14	Impianti_sportivi_della_provincia_di_Enna	Impianti_sportivi_della_Sicilia		4091558
14	Impianti_sportivi_della_provincia_di_Fermo	Impianti_sportivi_nelle_Marche		4644880
14	Impianti_sportivi_della_provincia_di_Ferrara	Impianti_sportivi_in_Emilia-Romagna		4646790
14	Impianti_sportivi_della_provincia_di_Firenze	Impianti_sportivi_in_Toscana		4636023
14	Impianti_sportivi_della_provincia_di_Foggia	Impianti_sportivi_in_Puglia		4639690
14	Impianti_sportivi_della_provincia_di_Forlì-Cesena	Impianti_sportivi_in_Emilia-Romagna		4646755
14	Impianti_sportivi_della_provincia_di_Frosinone	Impianti_sportivi_nel_Lazio		4632152
14	Impianti_sportivi_della_provincia_di_Genova	Impianti_sportivi_in_Liguria		4638872
14	Impianti_sportivi_della_provincia_di_Grosseto	Impianti_sportivi_in_Toscana		4636024
14	Impianti_sportivi_della_provincia_di_Imperia	Impianti_sportivi_in_Liguria		4638870
14	Impianti_sportivi_della_provincia_di_Isernia	Impianti_sportivi_in_Molise		4639715
14	Impianti_sportivi_della_provincia_di_Latina	Impianti_sportivi_nel_Lazio		4632179
14	Impianti_sportivi_della_provincia_di_Lecce	Impianti_sportivi_in_Puglia		4639673
14	Impianti_sportivi_della_provincia_di_Lecco	Impianti_sportivi_in_Lombardia		4648051
14	Impianti_sportivi_della_provincia_di_Livorno	Impianti_sportivi_in_Toscana		4636034
14	Impianti_sportivi_della_provincia_di_Lodi	Impianti_sportivi_in_Lombardia		4647124
14	Impianti_sportivi_della_provincia_di_Lucca	Impianti_sportivi_in_Toscana		4636043
14	Impianti_sportivi_della_provincia_di_Macerata	Impianti_sportivi_nelle_Marche		4644901
14	Impianti_sportivi_della_provincia_di_Mantova	Impianti_sportivi_in_Lombardia		4647996
14	Impianti_sportivi_della_provincia_di_Massa_e_Carrara	Impianti_sportivi_in_Toscana		4636064
14	Impianti_sportivi_della_provincia_di_Matera	Impianti_sportivi_in_Basilicata		4632011
14	Impianti_sportivi_della_provincia_di_Messina	Impianti_sportivi_della_Sicilia		4091546
14	Impianti_sportivi_della_provincia_di_Milano	Impianti_sportivi_in_Lombardia		4647082
14	Impianti_sportivi_della_provincia_di_Modena	Impianti_sportivi_in_Emilia-Romagna		4646785
14	Impianti_sportivi_della_provincia_di_Monza_e_della_Brianza	Impianti_sportivi_in_Lombardia		4647115
14	Impianti_sportivi_della_provincia_di_Napoli	Impianti_sportivi_in_Campania		4294538
14	Impianti_sportivi_della_provincia_di_Novara	Impianti_sportivi_in_Piemonte		4647055
14	Impianti_sportivi_della_provincia_di_Nuoro	Impianti_sportivi_in_Sardegna		4653912
14	Impianti_sportivi_della_provincia_di_Olbia-Tempio	Impianti_sportivi_in_Sardegna		4632023
14	Impianti_sportivi_della_provincia_di_Padova	Impianti_sportivi_in_Veneto		4651036
14	Impianti_sportivi_della_provincia_di_Palermo	Impianti_sportivi_della_Sicilia		4091519
14	Impianti_sportivi_della_provincia_di_Parma	Impianti_sportivi_in_Emilia-Romagna		4646753
14	Impianti_sportivi_della_provincia_di_Pavia	Impianti_sportivi_in_Lombardia		4647980
14	Impianti_sportivi_della_provincia_di_Perugia	Impianti_sportivi_in_Umbria		4638865
14	Impianti_sportivi_della_provincia_di_Pesaro_e_Urbino	Impianti_sportivi_nelle_Marche		4644850
14	Impianti_sportivi_della_provincia_di_Pescara	Impianti_sportivi_in_Abruzzo		4642454
14	Impianti_sportivi_della_provincia_di_Piacenza	Impianti_sportivi_in_Emilia-Romagna		4646759
14	Impianti_sportivi_della_provincia_di_Pisa	Impianti_sportivi_in_Toscana		4636036
14	Impianti_sportivi_della_provincia_di_Pistoia	Impianti_sportivi_in_Toscana		4636066
14	Impianti_sportivi_della_provincia_di_Potenza	Impianti_sportivi_in_Basilicata		4632002
14	Impianti_sportivi_della_provincia_di_Prato	Impianti_sportivi_in_Toscana		4653946
14	Impianti_sportivi_della_provincia_di_Ragusa	Impianti_sportivi_della_Sicilia		4091542
14	Impianti_sportivi_della_provincia_di_Ravenna	Impianti_sportivi_in_Emilia-Romagna		4646763
14	Impianti_sportivi_della_provincia_di_Reggio_Calabria	Impianti_sportivi_in_Calabria		4632013
14	Impianti_sportivi_della_provincia_di_Reggio_nell'Emilia	Impianti_sportivi_in_Emilia-Romagna		4646782
14	Impianti_sportivi_della_provincia_di_Rieti	Impianti_sportivi_nel_Lazio		4632156
14	Impianti_sportivi_della_provincia_di_Rimini	Impianti_sportivi_in_Emilia-Romagna		4646794
14	Impianti_sportivi_della_provincia_di_Roma	Impianti_sportivi_nel_Lazio		4632158
14	Impianti_sportivi_della_provincia_di_Rovigo	Impianti_sportivi_in_Veneto		4651082
14	Impianti_sportivi_della_provincia_di_Salerno	Impianti_sportivi_in_Campania		4632036
14	Impianti_sportivi_della_provincia_di_Sassari	Impianti_sportivi_in_Sardegna		4631998
14	Impianti_sportivi_della_provincia_di_Savona	Impianti_sportivi_in_Liguria		4638877
14	Impianti_sportivi_della_provincia_di_Siena	Impianti_sportivi_in_Toscana		4636020
14	Impianti_sportivi_della_provincia_di_Siracusa	Impianti_sportivi_della_Sicilia		4091552
14	Impianti_sportivi_della_provincia_di_Taranto	Impianti_sportivi_in_Puglia		4639683
14	Impianti_sportivi_della_provincia_di_Teramo	Impianti_sportivi_in_Abruzzo		4642469
14	Impianti_sportivi_della_provincia_di_Terni	Impianti_sportivi_in_Umbria		4636102
14	Impianti_sportivi_della_provincia_di_Torino	Impianti_sportivi_in_Piemonte		4647056
14	Impianti_sportivi_della_provincia_di_Trapani	Impianti_sportivi_della_Sicilia		4091536
14	Impianti_sportivi_della_provincia_di_Trento	Impianti_sportivi_in_Trentino-Alto_Adige		4649021
14	Impianti_sportivi_della_provincia_di_Treviso	Impianti_sportivi_in_Veneto		4651071
14	Impianti_sportivi_della_provincia_di_Trieste	Impianti_sportivi_in_Friuli-Venezia_Giulia		4651115
14	Impianti_sportivi_della_provincia_di_Udine	Impianti_sportivi_in_Friuli-Venezia_Giulia		4651118
14	Impianti_sportivi_della_provincia_di_Varese	Impianti_sportivi_in_Lombardia		4647089
14	Impianti_sportivi_della_provincia_di_Venezia	Impianti_sportivi_in_Veneto		4651078
14	Impianti_sportivi_della_provincia_di_Vercelli	Impianti_sportivi_in_Piemonte		4647067
14	Impianti_sportivi_della_provincia_di_Verona	Impianti_sportivi_in_Veneto		4651087
14	Impianti_sportivi_della_provincia_di_Vibo_Valentia	Impianti_sportivi_in_Calabria		4632019
14	Impianti_sportivi_della_provincia_di_Vicenza	Impianti_sportivi_in_Veneto		4651085
14	Impianti_sportivi_della_provincia_di_Viterbo	Impianti_sportivi_nel_Lazio		4632200
14	Impianti_sportivi_di_Acireale	Impianti_sportivi_della_provincia_di_Catania		4092533
14	Impianti_sportivi_di_Alba	Impianti_sportivi_della_provincia_di_Cuneo		4651562
14	Impianti_sportivi_di_Ancona	Impianti_sportivi_della_provincia_di_Ancona		4644854
14	Impianti_sportivi_di_Avellino	Impianti_sportivi_della_provincia_di_Avellino		4662426
14	Impianti_sportivi_di_Barcellona_Pozzo_di_Gotto	Impianti_sportivi_della_provincia_di_Messina		4631173
14	Impianti_sportivi_di_Bari	Impianti_sportivi_della_provincia_di_Bari		4639692
14	Impianti_sportivi_di_Barletta	Impianti_sportivi_della_provincia_di_Barletta-Andria-Trani		4639694
14	Impianti_sportivi_di_Bassano_del_Grappa	Impianti_sportivi_della_provincia_di_Vicenza		4654599
14	Impianti_sportivi_di_Benevento	Impianti_sportivi_della_provincia_di_Benevento		4662813
14	Impianti_sportivi_di_Bergamo	Impianti_sportivi_della_provincia_di_Bergamo		4647119
14	Impianti_sportivi_di_Biella	Impianti_sportivi_della_provincia_di_Biella		4647059
14	Impianti_sportivi_di_Bisceglie	Impianti_sportivi_della_provincia_di_Barletta-Andria-Trani		4639664
14	Impianti_sportivi_di_Bologna	Impianti_sportivi_della_provincia_di_Bologna		4474085
14	Impianti_sportivi_di_Bolzano	Impianti_sportivi_della_provincia_di_Bolzano		4649024
14	Impianti_sportivi_di_Brescia	Impianti_sportivi_della_provincia_di_Brescia		4657951
14	Impianti_sportivi_di_Brindisi	Impianti_sportivi_della_provincia_di_Brindisi		4639678
14	Impianti_sportivi_di_Busto_Arsizio	Impianti_sportivi_della_provincia_di_Varese		4662466
14	Impianti_sportivi_di_Cagliari	Impianti_sportivi_della_provincia_di_Cagliari		4631199
14	Impianti_sportivi_di_Caltanissetta	Impianti_sportivi_della_provincia_di_Caltanissetta		4653487
14	Impianti_sportivi_di_Casale_Monferrato	Impianti_sportivi_della_provincia_di_Alessandria		4660151
14	Impianti_sportivi_di_Caserta	Impianti_sportivi_della_provincia_di_Caserta		4661059
14	Impianti_sportivi_di_Catania	Impianti_sportivi_della_provincia_di_Catania		4091538
14	Impianti_sportivi_di_Cesena	Impianti_sportivi_della_provincia_di_Forlì-Cesena		4654595
14	Impianti_sportivi_di_Chieti	Impianti_sportivi_della_provincia_di_Chieti		4662461
14	Impianti_sportivi_di_Colle_di_Val_d'Elsa	Impianti_sportivi_della_provincia_di_Siena		2989230
14	Impianti_sportivi_di_Colleferro	Impianti_sportivi_della_provincia_di_Roma		4654610
14	Impianti_sportivi_di_Cortina_d'Ampezzo	Impianti_sportivi_della_provincia_di_Belluno		1961043
14	Impianti_sportivi_di_Crema	Impianti_sportivi_della_provincia_di_Cremona		4653580
14	Impianti_sportivi_di_Cremona	Impianti_sportivi_della_provincia_di_Cremona		4662428
14	Impianti_sportivi_di_Crotone	Impianti_sportivi_della_provincia_di_Crotone		4631251
14	Impianti_sportivi_di_Cuneo	Impianti_sportivi_della_provincia_di_Cuneo		4662459
14	Impianti_sportivi_di_Eboli	Impianti_sportivi_della_provincia_di_Salerno		4662455
14	Impianti_sportivi_di_Enna	Impianti_sportivi_della_provincia_di_Enna		4657838
14	Impianti_sportivi_di_Faenza	Impianti_sportivi_della_provincia_di_Ravenna		4646761
14	Impianti_sportivi_di_Ferrara	Impianti_sportivi_della_provincia_di_Ferrara		4646789
14	Impianti_sportivi_di_Firenze	Impianti_sportivi_della_provincia_di_Firenze		3195680
14	Impianti_sportivi_di_Foligno	Impianti_sportivi_della_provincia_di_Perugia		4638867
14	Impianti_sportivi_di_Forlì	Impianti_sportivi_della_provincia_di_Forlì-Cesena		4657972
14	Impianti_sportivi_di_Frosinone	Impianti_sportivi_della_provincia_di_Frosinone		3996210
14	Impianti_sportivi_di_Gela	Impianti_sportivi_della_provincia_di_Caltanissetta		4092520
14	Impianti_sportivi_di_Genova	Impianti_sportivi_della_provincia_di_Genova		4638875
14	Impianti_sportivi_di_Grosseto	Impianti_sportivi_della_provincia_di_Grosseto		1811900
14	Impianti_sportivi_di_Imperia	Impianti_sportivi_della_provincia_di_Imperia		4638868
14	Impianti_sportivi_di_Ischia	Impianti_sportivi_della_provincia_di_Napoli		4632134
14	Impianti_sportivi_di_Jesi	Impianti_sportivi_della_provincia_di_Ancona		4653880
14	Impianti_sportivi_di_Jesolo	Impianti_sportivi_della_provincia_di_Venezia		4654625
14	Impianti_sportivi_di_Latina	Impianti_sportivi_della_provincia_di_Latina		4632178
14	Impianti_sportivi_di_Livorno	Impianti_sportivi_della_provincia_di_Livorno		4636033
14	Impianti_sportivi_di_Lodi	Impianti_sportivi_della_provincia_di_Lodi		4655727
14	Impianti_sportivi_di_Macerata	Impianti_sportivi_della_provincia_di_Macerata		4644897
14	Impianti_sportivi_di_Mantova	Impianti_sportivi_della_provincia_di_Mantova		4657958
14	Impianti_sportivi_di_Marino	Impianti_sportivi_della_provincia_di_Roma		4632173
14	Impianti_sportivi_di_Martina_Franca	Impianti_sportivi_della_provincia_di_Taranto		4639702
14	Impianti_sportivi_di_Matera	Impianti_sportivi_della_provincia_di_Matera		4632010
14	Impianti_sportivi_di_Messina	Impianti_sportivi_della_provincia_di_Messina		4091544
14	Impianti_sportivi_di_Milano	Impianti_sportivi_della_provincia_di_Milano		4648526
14	Impianti_sportivi_di_Modena	Impianti_sportivi_della_provincia_di_Modena		4657828
14	Impianti_sportivi_di_Mogliano_Veneto	Impianti_sportivi_della_provincia_di_Treviso		4651073
14	Impianti_sportivi_di_Molfetta	Impianti_sportivi_della_provincia_di_Bari		4639668
14	Impianti_sportivi_di_Monza	Impianti_sportivi_della_provincia_di_Monza_e_della_Brianza		4648053
14	Impianti_sportivi_di_Napoli	Impianti_sportivi_della_provincia_di_Napoli		4632653
14	Impianti_sportivi_di_Novara	Impianti_sportivi_della_provincia_di_Novara		4648528
14	Impianti_sportivi_di_Novi_Ligure	Impianti_sportivi_della_provincia_di_Alessandria		4647071
14	Impianti_sportivi_di_Padova	Impianti_sportivi_della_provincia_di_Padova		4472803
14	Impianti_sportivi_di_Palermo	Impianti_sportivi_della_provincia_di_Palermo		2495403
14	Impianti_sportivi_di_Parma	Impianti_sportivi_della_provincia_di_Parma		4646776
14	Impianti_sportivi_di_Paternò	Impianti_sportivi_della_provincia_di_Catania		4091570
14	Impianti_sportivi_di_Pavia	Impianti_sportivi_della_provincia_di_Pavia		4647976
14	Impianti_sportivi_di_Perugia	Impianti_sportivi_della_provincia_di_Perugia		4638866
14	Impianti_sportivi_di_Pesaro	Impianti_sportivi_della_provincia_di_Pesaro_e_Urbino		4644836
14	Impianti_sportivi_di_Pescara	Impianti_sportivi_della_provincia_di_Pescara		4642453
14	Impianti_sportivi_di_Piacenza	Impianti_sportivi_della_provincia_di_Piacenza		4646757
14	Impianti_sportivi_di_Pisa	Impianti_sportivi_della_provincia_di_Pisa		4636078
14	Impianti_sportivi_di_Pistoia	Impianti_sportivi_della_provincia_di_Pistoia		4636065
14	Impianti_sportivi_di_Pozzuoli	Impianti_sportivi_della_provincia_di_Napoli		4662438
14	Impianti_sportivi_di_Prato	Impianti_sportivi_della_provincia_di_Prato		4662809
14	Impianti_sportivi_di_Ragusa	Impianti_sportivi_della_provincia_di_Ragusa		4092537
14	Impianti_sportivi_di_Ravenna	Impianti_sportivi_della_provincia_di_Ravenna		4646765
14	Impianti_sportivi_di_Reggio_Calabria	Impianti_sportivi_della_provincia_di_Reggio_Calabria		4632652
14	Impianti_sportivi_di_Reggio_nell'Emilia	Impianti_sportivi_della_provincia_di_Reggio_nell'Emilia		4646780
14	Impianti_sportivi_di_Rieti	Impianti_sportivi_della_provincia_di_Rieti		3996215
14	Impianti_sportivi_di_Rimini	Impianti_sportivi_della_provincia_di_Rimini		4646793
14	Impianti_sportivi_di_Roma	Impianti_sportivi_della_provincia_di_Roma		2731240
14	Impianti_sportivi_di_Rovigo	Impianti_sportivi_della_provincia_di_Rovigo		4651081
14	Impianti_sportivi_di_Salerno	Impianti_sportivi_della_provincia_di_Salerno		4473061
14	Impianti_sportivi_di_San_Benedetto_del_Tronto	Impianti_sportivi_della_provincia_di_Ascoli_Piceno		4644904
14	Impianti_sportivi_di_San_Donà_di_Piave	Impianti_sportivi_della_provincia_di_Venezia		4651112
14	Impianti_sportivi_di_Sassari	Impianti_sportivi_della_provincia_di_Sassari		4631208
14	Impianti_sportivi_di_Savona	Impianti_sportivi_della_provincia_di_Savona		4638876
14	Impianti_sportivi_di_Scafati	Impianti_sportivi_della_provincia_di_Salerno		4681311
14	Impianti_sportivi_di_Siena	Impianti_sportivi_della_provincia_di_Siena		4636061
14	Impianti_sportivi_di_Siracusa	Impianti_sportivi_della_provincia_di_Siracusa		4653493
14	Impianti_sportivi_di_Sulmona	Impianti_sportivi_della_provincia_dell'Aquila		4648524
14	Impianti_sportivi_di_Taranto	Impianti_sportivi_della_provincia_di_Taranto		4661060
14	Impianti_sportivi_di_Teramo	Impianti_sportivi_della_provincia_di_Teramo		4642468
14	Impianti_sportivi_di_Terni	Impianti_sportivi_della_provincia_di_Terni		4636101
14	Impianti_sportivi_di_Torino	Impianti_sportivi_della_provincia_di_Torino		4648533
14	Impianti_sportivi_di_Torre_Annunziata	Impianti_sportivi_della_provincia_di_Napoli		4651561
14	Impianti_sportivi_di_Trento	Impianti_sportivi_della_provincia_di_Trento		4649020
14	Impianti_sportivi_di_Treviso	Impianti_sportivi_della_provincia_di_Treviso		4476178
14	Impianti_sportivi_di_Trieste	Impianti_sportivi_della_provincia_di_Trieste		4659079
14	Impianti_sportivi_di_Udine	Impianti_sportivi_della_provincia_di_Udine		4651120
14	Impianti_sportivi_di_Urbino	Impianti_sportivi_della_provincia_di_Pesaro_e_Urbino		4644869
14	Impianti_sportivi_di_Varese	Impianti_sportivi_della_provincia_di_Varese		4647088
14	Impianti_sportivi_di_Vasto	Impianti_sportivi_della_provincia_di_Chieti		4653495
14	Impianti_sportivi_di_Venezia	Impianti_sportivi_della_provincia_di_Venezia		4651076
14	Impianti_sportivi_di_Verbania	Impianti_sportivi_della_provincia_del_Verbano-Cusio-Ossola		4657949
14	Impianti_sportivi_di_Verona	Impianti_sportivi_della_provincia_di_Verona		4654605
14	Impianti_sportivi_di_Viareggio	Impianti_sportivi_della_provincia_di_Lucca		4636040
14	Impianti_sportivi_di_Vibo_Valentia	Impianti_sportivi_della_provincia_di_Vibo_Valentia		4662464
14	Impianti_sportivi_di_Vicenza	Impianti_sportivi_della_provincia_di_Vicenza		4661066
14	Impianti_sportivi_in_Abruzzo	Impianti_sportivi_in_Italia_per_regione		2730403
14	Impianti_sportivi_in_Basilicata	Impianti_sportivi_in_Italia_per_regione		3900197
14	Impianti_sportivi_in_Calabria	Impianti_sportivi_in_Italia_per_regione		3925516
14	Impianti_sportivi_in_Campania	Impianti_sportivi_in_Italia_per_regione		3900067
14	Impianti_sportivi_in_Emilia-Romagna	Impianti_sportivi_in_Italia_per_regione		3899964
14	Impianti_sportivi_in_Friuli-Venezia_Giulia	Impianti_sportivi_in_Italia_per_regione		3901260
14	Impianti_sportivi_in_Liguria	Impianti_sportivi_in_Italia_per_regione		3903640
14	Impianti_sportivi_in_Lombardia	Impianti_sportivi_in_Italia_per_regione		3900183
14	Impianti_sportivi_in_Molise	Impianti_sportivi_in_Italia_per_regione		3925522
14	Impianti_sportivi_in_Piemonte	Impianti_sportivi_in_Italia_per_regione		3902899
14	Impianti_sportivi_in_Puglia	Impianti_sportivi_in_Italia_per_regione		3900227
14	Impianti_sportivi_in_Sardegna	Impianti_sportivi_in_Italia_per_regione		3925521
14	Impianti_sportivi_in_Toscana	Impianti_sportivi_in_Italia_per_regione		3900004
14	Impianti_sportivi_in_Trentino-Alto_Adige	Impianti_sportivi_in_Italia_per_regione		3900011
14	Impianti_sportivi_in_Umbria	Impianti_sportivi_in_Italia_per_regione		3904787
14	Impianti_sportivi_in_Veneto	Impianti_sportivi_in_Italia_per_regione		3925520
14	Impianti_sportivi_nel_Lazio	Impianti_sportivi_in_Italia_per_regione		3900056
14	Impianti_sportivi_nelle_Marche	Impianti_sportivi_in_Italia_per_regione		3900438
0	Ippodromo_Corrado_Romanengo	Impianti_sportivi_di_Novi_Ligure		2082604
0	Ippodromo_Federico_Caprilli	Impianti_sportivi_di_Livorno		1870838
0	Ippodromo_Le_Bettole	Impianti_sportivi_di_Varese		614374
0	Ippodromo_San_Rossore	Impianti_sportivi_di_Pisa		2533834
0	Ippodromo_Sesana	Impianti_sportivi_della_provincia_di_Pistoia		2587850
0	Ippodromo_Tor_di_Valle	Impianti_sportivi_di_Roma		2572538
0	Ippodromo_Vincenzo_Stefano_Breda	Impianti_sportivi_di_Padova		4415461
0	Ippodromo_del_Casalone	Impianti_sportivi_di_Grosseto		1811703
0	Ippodromo_del_Mediterraneo	Impianti_sportivi_di_Siracusa		4376883
0	Ippodromo_del_Mirabello	Impianti_sportivi_di_Monza		4163531
0	Ippodromo_del_Savio	Impianti_sportivi_di_Cesena		878337
0	Ippodromo_dell'Arcoveggio	Impianti_sportivi_di_Bologna		1817349
0	Ippodromo_della_Favorita	Impianti_sportivi_di_Palermo		1312616
0	Ippodromo_delle_Capannelle	Impianti_sportivi_di_Roma		1117482
0	Ippodromo_delle_Cascine	Impianti_sportivi_di_Firenze		2047984
0	Ippodromo_di_Agnano	Impianti_sportivi_di_Napoli		298307
0	Ippodromo_di_Chilivani_Don_Deodato_Meloni	Impianti_sportivi_della_provincia_di_Sassari		2186866
0	Ippodromo_di_Maia	Impianti_sportivi_della_provincia_di_Bolzano		1530778
0	Ippodromo_di_Montebello	Impianti_sportivi_di_Trieste		2728677
0	Juventus_Center	Impianti_sportivi_della_provincia_di_Torino		1062108
0	Juventus_Stadium	Impianti_sportivi_di_Torino		2660298
0	Kursaal_Diana	Impianti_sportivi_di_Milano		742574
0	La_Torricella	Impianti_sportivi_della_provincia_di_Grosseto		614360
0	Leitner_Solar_Arena	Impianti_sportivi_della_provincia_di_Bolzano		4260785
0	Lido_di_Milano	Impianti_sportivi_di_Milano		719593
0	Lista_delle_piste_sciistiche_di_Cortina_d'Ampezzo	Impianti_sportivi_di_Cortina_d'Ampezzo		3381389
0	Mapei_Stadium-Città_del_Tricolore	Impianti_sportivi_di_Reggio_nell'Emilia		1380747
0	Mapooro_Arena	Impianti_sportivi_della_provincia_di_Como		1700661
0	Massimo_Falsetti_Cricket_Field	Impianti_sportivi_di_Grosseto		1811851
0	Mediolanum_Forum	Impianti_sportivi_della_provincia_di_Milano		2618358
0	Milanello	Impianti_sportivi_della_provincia_di_Varese		1562758
0	Misano_World_Circuit_Marco_Simoncelli	Impianti_sportivi_della_provincia_di_Rimini		895743
0	Modigliani_Forum	Impianti_sportivi_di_Livorno		452600
0	Motovelodromo_Appio	Impianti_sportivi_di_Roma		2866547
0	Motovelodromo_Fausto_Coppi	Impianti_sportivi_di_Torino		3406808
0	Nelson_Mandela_Forum	Impianti_sportivi_di_Firenze		1875955
0	Novarello_-_Villaggio_Azzurro	Impianti_sportivi_della_provincia_di_Novara		4081114
0	Nuovo_Stadio_Comunale	Impianti_sportivi_della_provincia_di_Brescia		2604427
0	Oval_Lingotto	Impianti_sportivi_di_Torino		295002
0	PalAlbani	Impianti_sportivi_di_Varese		1211890
0	PalAlberti	Impianti_sportivi_di_Barcellona_Pozzo_di_Gotto		3562808
0	PalAmico	Impianti_sportivi_della_provincia_di_Novara		779329
0	PalaBCC	Impianti_sportivi_di_Vasto		3601810
0	PalaBam	Impianti_sportivi_di_Mantova		3085959
0	PalaBanca	Impianti_sportivi_di_Piacenza		2086042
0	PalaBarbuto	Impianti_sportivi_di_Napoli		482031
0	PalaBarsacchi	Impianti_sportivi_di_Viareggio		2040206
0	PalaBattisti	Impianti_sportivi_di_Verbania		2945694
0	PalaBianchini	Impianti_sportivi_di_Latina		2596791
0	PalaBigi	Impianti_sportivi_di_Reggio_nell'Emilia		2275402
0	PalaBorsani	Impianti_sportivi_della_provincia_di_Varese		2920642
0	PalaBotteghelle	Impianti_sportivi_di_Reggio_Calabria		478244
0	PalaBruel	Impianti_sportivi_di_Bassano_del_Grappa		2795495
0	PalaBubani	Impianti_sportivi_di_Faenza		3123276
0	PalaCalafiore	Impianti_sportivi_di_Reggio_Calabria		329482
0	PalaCampagnola	Impianti_sportivi_della_provincia_di_Vicenza		1785663
0	PalaCampanara	Impianti_sportivi_di_Pesaro		2848263
0	PalaCarife	Impianti_sportivi_di_Ferrara		777330
0	PalaCarnera	Impianti_sportivi_di_Udine		1595099
0	PalaCarrara	Impianti_sportivi_di_Pistoia		1290267
0	PalaCastellotti	Impianti_sportivi_di_Lodi		4528370
0	PalaCatania	Impianti_sportivi_di_Catania		631899
0	PalaCattani	Impianti_sportivi_di_Faenza		777324
0	PalaColombo	Impianti_sportivi_della_provincia_di_Bari		2495099
0	PalaCossiga	Impianti_sportivi_di_Gela		2620750
0	PalaCosta	Impianti_sportivi_di_Ravenna		3096359
0	PalaCredito_di_Romagna	Impianti_sportivi_di_Forlì		1889183
0	PalaDamonte	Impianti_sportivi_della_provincia_di_Genova		3434038
0	PalaDeAndré	Impianti_sportivi_di_Ravenna		3445170
0	PalaDeSantis	Impianti_sportivi_di_Terni		2271542
0	PalaDesio	Impianti_sportivi_della_provincia_di_Monza_e_della_Brianza		3735169
0	PalaDiVittorio	Impianti_sportivi_di_Terni		2193609
0	PalaDisfida	Impianti_sportivi_di_Barletta		2431450
0	PalaDolmen	Impianti_sportivi_di_Bisceglie		2806584
0	PalaDonBosco	Impianti_sportivi_di_Genova		4690114
0	PalaDozza	Impianti_sportivi_di_Bologna		214893
0	PalaElettra	Impianti_sportivi_di_Pescara		2376434
0	PalaEstra	Impianti_sportivi_di_Siena		2275422
0	PalaEvangelisti	Impianti_sportivi_di_Perugia		744446
0	PalaFabris	Impianti_sportivi_di_Padova		841291
0	PalaFacchetti	Impianti_sportivi_della_provincia_di_Bergamo		1865791
0	PalaFantozzi	Impianti_sportivi_della_provincia_di_Messina		1487546
0	PalaFerraris	Impianti_sportivi_di_Casale_Monferrato		1085633
0	PalaFigoi	Impianti_sportivi_di_Genova		3432861
0	PalaFlorio	Impianti_sportivi_di_Bari		2914204
0	PalaGalermo	Impianti_sportivi_di_Catania		1501611
0	PalaGeorge	Impianti_sportivi_della_provincia_di_Brescia		3533429
0	PalaGrotte	Impianti_sportivi_della_provincia_di_Bari		4187821
0	PalaGuerrieri	Impianti_sportivi_della_provincia_di_Ancona		3939290
0	PalaInfoplus	Impianti_sportivi_di_Bassano_del_Grappa		1594531
0	PalaIper	Impianti_sportivi_di_Monza		3449265
0	PalaJonio	Impianti_sportivi_della_provincia_di_Siracusa		2806869
0	PalaKemon	Impianti_sportivi_della_provincia_di_Perugia		3427453
0	PalaKrò	Impianti_sportivi_di_Crotone		4435017
0	PalaLido	Impianti_sportivi_di_Milano		714583
0	PalaLivatino	Impianti_sportivi_di_Gela		2706774
0	PalaLottomatica	Impianti_sportivi_di_Roma		257384
0	PalaMacchia	Impianti_sportivi_di_Livorno		3899412
0	PalaMadigan	Impianti_sportivi_della_provincia_di_Pistoia		1633582
0	PalaMaggetti	Impianti_sportivi_della_provincia_di_Teramo		4585400
0	PalaMaggiò	Impianti_sportivi_di_Caserta		1119605
0	PalaMangano	Impianti_sportivi_della_provincia_di_Salerno		962993
0	PalaMangano_(Palermo)	Impianti_sportivi_di_Palermo		1470337
0	PalaMazzalovo	Impianti_sportivi_della_provincia_di_Treviso		2135940
0	PalaMazzola	Impianti_sportivi_di_Taranto		2429278
0	PalaMilone	Impianti_sportivi_di_Crotone		3528793
0	PalaMinardi	Impianti_sportivi_di_Ragusa		2007717
0	PalaMondolce	Impianti_sportivi_di_Urbino		3411671
0	PalaNorda	Impianti_sportivi_di_Bergamo		1610316
0	PalaOlimpia	Impianti_sportivi_di_Verona		1054469
0	PalaOlimpo	Impianti_sportivi_di_Palermo		3091647
0	PalaPadua	Impianti_sportivi_di_Ragusa		1778213
0	PalaPalumbo	Impianti_sportivi_di_Salerno		4414333
0	PalaPanini	Impianti_sportivi_di_Modena		3083573
0	PalaPaternesi	Impianti_sportivi_di_Foligno		2192333
0	PalaPellini	Impianti_sportivi_di_Perugia		2532401
0	PalaPentassuglia	Impianti_sportivi_di_Brindisi		1790453
0	PalaPoli	Impianti_sportivi_di_Molfetta		3966263
0	PalaRaschi	Impianti_sportivi_di_Parma		3199699
0	PalaRavizza	Impianti_sportivi_di_Pavia		3720048
0	PalaRescifina	Impianti_sportivi_di_Messina		3887315
0	PalaRewatt	Impianti_sportivi_di_Vicenza		1754093
0	PalaRigopiano	Impianti_sportivi_di_Pescara		2808981
0	PalaRockefeller	Impianti_sportivi_di_Cagliari		1391611
0	PalaRoma	Impianti_sportivi_della_provincia_di_Pescara		3004134
0	PalaRomboli	Impianti_sportivi_di_Colleferro		4075734
0	PalaRossini	Impianti_sportivi_di_Ancona		669010
0	PalaRuffini	Impianti_sportivi_di_Torino		1220642
0	PalaSassi	Impianti_sportivi_di_Matera		2556742
0	PalaSavelli	Impianti_sportivi_della_provincia_di_Fermo		2374718
0	PalaSavena	Impianti_sportivi_della_provincia_di_Bologna		1461372
0	PalaScapriano	Impianti_sportivi_di_Teramo		1278525
0	PalaSele	Impianti_sportivi_di_Eboli		2207164
0	PalaSharp	Impianti_sportivi_di_Milano		1252668
0	PalaSilver	Impianti_sportivi_di_Ferrara		1994491
0	PalaSojourner	Impianti_sportivi_di_Rieti		1056210
0	PalaTorino	Impianti_sportivi_di_Torino		1465676
0	PalaTornambè	Impianti_sportivi_della_provincia_di_Agrigento		3246509
0	PalaTracuzzi	Impianti_sportivi_di_Messina		3767726
0	PalaTrento	Impianti_sportivi_di_Trento		1928028
0	PalaTricalle_Sandro_Leombroni	Impianti_sportivi_di_Chieti		2378954
0	PalaTriccoli	Impianti_sportivi_di_Jesi		910182
0	PalaTrieste	Impianti_sportivi_di_Trieste		3158383
0	PalaTrincone	Impianti_sportivi_di_Pozzuoli		3890299
0	PalaTupparello	Impianti_sportivi_di_Acireale		1716899
0	PalaValentia	Impianti_sportivi_di_Vibo_Valentia		2050140
0	PalaVerde	Impianti_sportivi_della_provincia_di_Treviso		219774
0	PalaVerdi	Impianti_sportivi_di_Novara		4387510
0	PalaVolcan	Impianti_sportivi_di_Acireale		3505342
0	PalaVuerich	Impianti_sportivi_della_provincia_di_Udine		4211177
0	PalaWhirlpool	Impianti_sportivi_di_Varese		611199
0	PalaWojtyla	Impianti_sportivi_di_Martina_Franca		2441327
0	PalaYamamay	Impianti_sportivi_di_Busto_Arsizio		1654720
0	Pala_Alì	Impianti_sportivi_di_Padova		4064250
0	Pala_San_Nicolò	Impianti_sportivi_di_Teramo		3088952
0	Pala_San_Quirico	Impianti_sportivi_della_provincia_di_Asti		3556475
0	Palaghiaccio_di_Marino	Impianti_sportivi_di_Marino		1803157
0	Palaghiaccio_olimpico_di_Torre_Pellice_Giorgio_Cotta_Morandini	Impianti_sportivi_della_provincia_di_Torino		2940597
0	Palaindoor_di_Ancona	Impianti_sportivi_di_Ancona		854482
0	Palallio	Impianti_sportivi_della_provincia_di_Trapani		574780
0	Palaonda	Impianti_sportivi_di_Bolzano		219696
0	Palasport_Andrea_Ioan	Impianti_sportivi_della_provincia_di_Perugia		4448804
0	Palasport_Castel_Goffredo	Impianti_sportivi_della_provincia_di_Mantova		3813499
0	Palasport_Dal_Lago	Impianti_sportivi_di_Novara		3878276
0	Palasport_Falcone_e_Borsellino	Impianti_sportivi_della_provincia_di_Foggia		3868175
0	Palasport_Flaminio	Impianti_sportivi_di_Rimini		754922
0	Palasport_Fondo_Patti	Impianti_sportivi_di_Palermo		1312620
0	Palasport_Fontescodella	Impianti_sportivi_di_Macerata		3983768
0	Palasport_Giacomo_Del_Mauro	Impianti_sportivi_di_Avellino		1285967
0	Palasport_Gioia_del_Colle	Impianti_sportivi_della_provincia_di_Bari		3835379
0	Palasport_Giovanni_Paolo_II	Impianti_sportivi_di_Pescara		2412288
0	Palasport_Mario_Radi	Impianti_sportivi_di_Cremona		3181294
0	Palasport_Olimpico	Impianti_sportivi_di_Torino		272958
0	Palasport_Roberta_Serradimigni	Impianti_sportivi_di_Sassari		1915202
0	Palasport_Taliercio	Impianti_sportivi_di_Venezia		1803998
0	Palasport_Tazzoli	Impianti_sportivi_di_Torino		796297
0	Palasport_Tre_Pini	Impianti_sportivi_di_Padova		4069281
0	Palasport_Villa_Romiti	Impianti_sportivi_di_Forlì		2835374
0	Palasport_di_San_Rocco_Castagnaretta	Impianti_sportivi_di_Cuneo		2065090
0	Palasport_di_San_Siro	Impianti_sportivi_di_Milano		1811027
0	Palazzetto_dello_Sport_"Città_di_Frosinone"	Impianti_sportivi_di_Frosinone		2322664
0	Palazzetto_dello_Sport_(Roma)	Impianti_sportivi_di_Roma		597076
0	Palazzetto_dello_Sport_(Sulmona)	Impianti_sportivi_di_Sulmona		4110793
0	Palazzetto_dello_Sport_Parini	Impianti_sportivi_della_provincia_di_Como		3804156
0	Palazzetto_dello_sport_Bernardo_Speca	Impianti_sportivi_di_San_Benedetto_del_Tronto		1285195
0	Palazzetto_dello_sport_Mario_Argento	Impianti_sportivi_di_Napoli		1811462
0	Palazzo_a_Vela	Impianti_sportivi_di_Torino		1476151
0	Palazzo_del_Nuoto	Impianti_sportivi_di_Torino		4366540
0	Palazzo_del_Turismo	Impianti_sportivi_di_Jesolo		2123440
0	Piazza_d'Armi_del_Campasso	Impianti_sportivi_di_Genova		3680198
0	Piscina_Carlo_Zanelli	Impianti_sportivi_di_Savona		3427661
0	Piscina_Cozzi	Impianti_sportivi_di_Milano		4749900
0	Piscina_Felice_Scandone	Impianti_sportivi_di_Napoli		1792664
0	Piscina_Goffredo_Nannini	Impianti_sportivi_di_Firenze		3277560
0	Piscina_Olimpia	Impianti_sportivi_di_Colle_di_Val_d'Elsa		1739752
0	Piscina_comunale_Felice_Cascione	Impianti_sportivi_di_Imperia		3427677
0	Piscina_comunale_Paolo_Costoli	Impianti_sportivi_di_Firenze		2578709
0	Piscina_delle_Rose	Impianti_sportivi_di_Roma		3456148
0	Piscina_di_Nesima	Impianti_sportivi_di_Catania		631916
0	Piscina_olimpionica_comunale_di_Palermo	Impianti_sportivi_di_Palermo		2295489
0	Piscine_Le_Naiadi	Impianti_sportivi_di_Pescara		3003839
14	Piste_sciistiche_della_provincia_di_Sondrio	Impianti_sportivi_in_Lombardia		4225457
0	Rugby_Stadium_Otello_Gerli	Impianti_sportivi_di_Udine		1036494
0	Sede_della_Rari_Nantes_Florentia	Impianti_sportivi_di_Firenze		1785245
0	Sferisterio_Alessandro_Mermet	Impianti_sportivi_di_Alba		1699039
0	Sferisterio_Edmondo_De_Amicis_(Imperia)	Impianti_sportivi_di_Imperia		1703647
0	Sferisterio_Edmondo_De_Amicis_(Torino)	Impianti_sportivi_di_Torino		4389814
0	Sferisterio_Partenopeo	Impianti_sportivi_di_Napoli		3808260
0	Sferisterio_della_Montagnola	Impianti_sportivi_di_Bologna		4389956
0	Sferisterio_delle_Cascine	Impianti_sportivi_di_Firenze		1699149
0	Sferisterio_di_Macerata	Impianti_sportivi_di_Macerata		298332
0	Sferisterio_di_Porta_Montanara	Impianti_sportivi_di_Faenza		1711401
0	Sferisterio_di_via_Palermo	Impianti_sportivi_di_Milano		4389747
0	Sporting_Palace	Impianti_sportivi_di_Novara		2288337
0	Stadio_Adriatico	Impianti_sportivi_di_Pescara		774019
0	Stadio_Alberto_Braglia	Impianti_sportivi_di_Modena		1673615
0	Stadio_Alberto_De_Cristofaro	Impianti_sportivi_della_provincia_di_Napoli		4620505
0	Stadio_Alberto_Picco	Impianti_sportivi_della_provincia_della_Spezia		561499
0	Stadio_Alberto_Pinto	Impianti_sportivi_di_Caserta		669916
0	Stadio_Aldo_Campo	Impianti_sportivi_di_Ragusa		512183
0	Stadio_Aldo_Invernici	Impianti_sportivi_di_Brescia		1205846
0	Stadio_Alfredo_Giraud	Impianti_sportivi_di_Torre_Annunziata		2070371
0	Stadio_Alfredo_Viviani	Impianti_sportivi_della_provincia_di_Potenza		1041240
0	Stadio_Amerigo_Liguori	Impianti_sportivi_della_provincia_di_Napoli		1200717
0	Stadio_Amsicora	Impianti_sportivi_di_Cagliari		1901740
0	Stadio_Angelo_Massimino	Impianti_sportivi_di_Catania		264241
0	Stadio_Annibale_Riva	Impianti_sportivi_della_provincia_di_Savona		4426911
0	Stadio_Antonino_Lombardo_Angotta	Impianti_sportivi_della_provincia_di_Trapani		1321025
0	Stadio_Antonio_Bianco	Impianti_sportivi_della_provincia_di_Lecce		1572284
0	Stadio_Antonio_Casadio	Impianti_sportivi_della_provincia_di_Ravenna		2900510
0	Stadio_Antonio_Tamborino_Frisari	Impianti_sportivi_della_provincia_di_Lecce		4679659
0	Stadio_Aragona	Impianti_sportivi_di_Vasto		2710233
0	Stadio_Arcoveggio	Impianti_sportivi_di_Bologna		1080964
0	Stadio_Arechi	Impianti_sportivi_di_Salerno		466320
0	Stadio_Arena_Garibaldi_-_Romeo_Anconetani	Impianti_sportivi_di_Pisa		2521729
0	Stadio_Armando_Picchi	Impianti_sportivi_di_Livorno		520162
0	Stadio_Armando_Picchi_(Jesolo)	Impianti_sportivi_di_Jesolo		4439183
0	Stadio_Artemio_Franchi	Impianti_sportivi_di_Firenze		419011
0	Stadio_Artemio_Franchi-Montepaschi_Arena	Impianti_sportivi_di_Siena		1331015
0	Stadio_Arturo_Collana	Impianti_sportivi_di_Napoli		1055835
0	Stadio_Arturo_Valerio	Impianti_sportivi_della_provincia_di_Potenza		1029017
0	Stadio_Atleti_Azzurri_d'Italia	Impianti_sportivi_di_Bergamo		270588
0	Stadio_Augusto_Bisceglia	Impianti_sportivi_della_provincia_di_Caserta		3244491
0	Stadio_Breda	Impianti_sportivi_della_provincia_di_Milano		1208065
0	Stadio_Briamasco	Impianti_sportivi_di_Trento		646711
0	Stadio_Brianteo	Impianti_sportivi_di_Monza		123484
0	Stadio_Bruno_Benelli	Impianti_sportivi_di_Ravenna		860097
0	Stadio_Bruno_Neri	Impianti_sportivi_di_Faenza		4060093
0	Stadio_Bruno_Nespoli	Impianti_sportivi_della_provincia_di_Olbia-Tempio		519756
0	Stadio_Bruno_Recchioni	Impianti_sportivi_della_provincia_di_Fermo		3303809
0	Stadio_Carillo_Pesenti_Pigna	Impianti_sportivi_della_provincia_di_Bergamo		1377949
0	Stadio_Carlo_Angelo_Luzi	Impianti_sportivi_della_provincia_di_Perugia		2480938
0	Stadio_Carlo_Castellani	Impianti_sportivi_della_provincia_di_Firenze		613689
0	Stadio_Carlo_Martinelli	Impianti_sportivi_della_provincia_di_Bergamo		1065443
0	Stadio_Carlo_Pedroli	Impianti_sportivi_di_Verbania		4401853
0	Stadio_Carlo_Speroni	Impianti_sportivi_di_Busto_Arsizio		1524747
0	Stadio_Carlo_Stagno_d'Alcontres	Impianti_sportivi_di_Barcellona_Pozzo_di_Gotto		552486
0	Stadio_Carlo_Zecchini	Impianti_sportivi_di_Grosseto		304051
0	Stadio_Centro_d'Italia_-_Manlio_Scopigno	Impianti_sportivi_di_Rieti		1595889
0	Stadio_Cino_e_Lillo_Del_Duca	Impianti_sportivi_della_provincia_di_Ascoli_Piceno		384824
0	Stadio_Ciro_Vigorito	Impianti_sportivi_di_Benevento		263216
0	Stadio_Città_di_Arezzo	Impianti_sportivi_della_provincia_di_Arezzo		775031
0	Stadio_Claudio_Tomei	Impianti_sportivi_della_provincia_di_Frosinone		3121240
0	Stadio_Colombo-Gianetti	Impianti_sportivi_della_provincia_di_Varese		4213966
0	Stadio_Cosimo_Puttilli	Impianti_sportivi_di_Barletta		1107573
0	Stadio_Costante_Girardengo	Impianti_sportivi_di_Novi_Ligure		2104100
0	Stadio_Daciano_Colbachini	Impianti_sportivi_di_Padova		4065821
0	Stadio_Danilo_Martelli	Impianti_sportivi_di_Mantova		728272
0	Stadio_Dario_Ballotta	Impianti_sportivi_della_provincia_di_Parma		3913607
0	Stadio_Degli_Ulivi	Impianti_sportivi_della_provincia_di_Barletta-Andria-Trani		427538
0	Stadio_Del_Conero	Impianti_sportivi_di_Ancona		504541
0	Stadio_Diana	Impianti_sportivi_della_provincia_di_Ancona		3749441
0	Stadio_Dino_Liotta	Impianti_sportivi_della_provincia_di_Agrigento		314226
0	Stadio_Dino_Manuzzi	Impianti_sportivi_di_Cesena		878436
0	Stadio_Domenico_Conte	Impianti_sportivi_di_Pozzuoli		3661258
0	Stadio_Domenico_Francioni	Impianti_sportivi_di_Latina		2484643
0	Stadio_Domenico_Monterisi	Impianti_sportivi_della_provincia_di_Foggia		2579582
0	Stadio_Donato_Vestuti	Impianti_sportivi_di_Salerno		2460625
0	Stadio_Dorico	Impianti_sportivi_di_Ancona		2143229
0	Stadio_Dossenina	Impianti_sportivi_di_Lodi		277122
0	Stadio_Druso	Impianti_sportivi_di_Bolzano		336866
0	Stadio_Ennio_Tardini	Impianti_sportivi_di_Parma		613664
0	Stadio_Enrico_Chersoni	Impianti_sportivi_di_Prato		2593059
0	Stadio_Enrico_Rocchi	Impianti_sportivi_della_provincia_di_Viterbo		3553817
0	Stadio_Enzo_Blasone	Impianti_sportivi_di_Foligno		575125
0	Stadio_Enzo_Mazzella	Impianti_sportivi_di_Ischia		1220502
0	Stadio_Enzo_Ricci	Impianti_sportivi_della_provincia_di_Modena		1740531
0	Stadio_Erasmo_Iacovone	Impianti_sportivi_di_Taranto		500788
0	Stadio_Esseneto	Impianti_sportivi_della_provincia_di_Agrigento		1462150
0	Stadio_Ettore_Mannucci	Impianti_sportivi_della_provincia_di_Pisa		1084497
0	Stadio_Euganeo	Impianti_sportivi_di_Padova		826461
0	Stadio_Europa	Impianti_sportivi_di_Bolzano		923028
0	Stadio_Ezio_Scida	Impianti_sportivi_di_Crotone		397260
0	Stadio_Falcone-Borsellino	Impianti_sportivi_di_Paternò		3647516
0	Stadio_Felice_Chinetti	Impianti_sportivi_della_provincia_di_Varese		885443
0	Stadio_Ferruccio	Impianti_sportivi_della_provincia_di_Monza_e_della_Brianza		3372589
0	Stadio_Filadelfia	Impianti_sportivi_di_Torino		1449684
0	Stadio_Flaminio	Impianti_sportivi_di_Roma		1201016
0	Stadio_Francesco_Baracca	Impianti_sportivi_di_Venezia		2464917
0	Stadio_Francesco_Gabrielli	Impianti_sportivi_di_Rovigo		1710036
0	Stadio_Francesco_Pallozzi	Impianti_sportivi_di_Sulmona		4088465
0	Stadio_Franco_Fanuzzi	Impianti_sportivi_di_Brindisi		86218
0	Stadio_Franco_Frogheri	Impianti_sportivi_della_provincia_di_Nuoro		4446937
0	Stadio_Franco_Ossola	Impianti_sportivi_di_Varese		365573
0	Stadio_Fratelli_Molinari	Impianti_sportivi_della_provincia_di_Lodi		3614768
0	Stadio_Fratelli_Paschiero	Impianti_sportivi_di_Cuneo		2178947
0	Stadio_Friuli	Impianti_sportivi_di_Udine		2419405
0	Stadio_Generale_Gaeta	Impianti_sportivi_di_Enna		830553
0	Stadio_Germano_Todoli	Impianti_sportivi_della_provincia_di_Ravenna		2535402
0	Stadio_Giacomo_Carlini	Impianti_sportivi_di_Genova		1360706
0	Stadio_Giacomo_Romanelli	Impianti_sportivi_della_provincia_di_Firenze		1765722
0	Stadio_Gianni_Falchi	Impianti_sportivi_di_Bologna		2900504
0	Stadio_Gino_Alfonso_Sada	Impianti_sportivi_di_Monza		773682
0	Stadio_Gino_Cannarsa	Impianti_sportivi_della_provincia_di_Campobasso		1331380
0	Stadio_Gino_Manni	Impianti_sportivi_di_Colle_di_Val_d'Elsa		1639857
0	Stadio_Gino_Salveti	Impianti_sportivi_della_provincia_di_Frosinone		1604673
0	Stadio_Giovanni_Biazzo	Impianti_sportivi_di_Ragusa		4091604
0	Stadio_Giovanni_Bruccoleri	Impianti_sportivi_della_provincia_di_Agrigento		1637934
0	Stadio_Giovanni_Celeste	Impianti_sportivi_di_Messina		426633
0	Stadio_Giovanni_Mari	Impianti_sportivi_della_provincia_di_Milano		1254572
0	Stadio_Giovanni_Maria_Fattori	Impianti_sportivi_della_provincia_di_Roma		1419147
0	Stadio_Giovanni_Zini	Impianti_sportivi_di_Cremona		1383672
0	Stadio_Giuseppe_Capozza	Impianti_sportivi_della_provincia_di_Lecce		508764
0	Stadio_Giuseppe_Domenico_Tursi	Impianti_sportivi_di_Martina_Franca		3510428
0	Stadio_Giuseppe_Grezar	Impianti_sportivi_di_Trieste		622280
0	Stadio_Giuseppe_Lopresti	Impianti_sportivi_della_provincia_di_Reggio_Calabria		3527897
0	Stadio_Giuseppe_Meazza	Impianti_sportivi_di_Milano		210677
0	Stadio_Giuseppe_Moccagatta	Impianti_sportivi_della_provincia_di_Alessandria		2414715
0	Stadio_Giuseppe_Sinigaglia	Impianti_sportivi_della_provincia_di_Como		355024
0	Stadio_Giuseppe_Sivori	Impianti_sportivi_della_provincia_di_Genova		2573029
0	Stadio_Giuseppe_Voltini	Impianti_sportivi_di_Crema		2091532
0	Stadio_Goffredo_Bianchelli	Impianti_sportivi_della_provincia_di_Ancona		1948290
0	Stadio_Goffredo_Del_Buffa	Impianti_sportivi_della_provincia_di_Firenze		2604396
0	Stadio_Guido_Angelini	Impianti_sportivi_di_Chieti		1390765
0	Stadio_Guido_Biondi	Impianti_sportivi_della_provincia_di_Chieti		1382055
0	Stadio_Gustavo_Ventura	Impianti_sportivi_di_Bisceglie		4275492
0	Stadio_Helvia_Recina	Impianti_sportivi_di_Macerata		1542786
0	Stadio_Il_Noce	Impianti_sportivi_della_provincia_di_Parma		2683543
0	Stadio_Is_Arenas	Impianti_sportivi_della_provincia_di_Cagliari		4052142
0	Stadio_Italia	Impianti_sportivi_della_provincia_di_Napoli		1194742
0	Stadio_José_Guimarães_Dirceu	Impianti_sportivi_della_provincia_di_Salerno		2993874
0	Stadio_La_Sciorba	Impianti_sportivi_di_Genova		1683546
0	Stadio_Lamarmora	Impianti_sportivi_di_Biella		2973026
0	Stadio_Leonardo_Garilli	Impianti_sportivi_di_Piacenza		859842
0	Stadio_Libero_Liberati	Impianti_sportivi_di_Terni		357376
0	Stadio_Libero_Masini	Impianti_sportivi_della_provincia_di_Pisa		4676693
0	Stadio_Lino_Turina	Impianti_sportivi_della_provincia_di_Brescia		4383341
0	Stadio_Luigi_Ferraris	Impianti_sportivi_di_Genova		1443788
0	Stadio_Luigi_Pastena	Impianti_sportivi_della_provincia_di_Salerno		4520910
0	Stadio_Luigi_Razza	Impianti_sportivi_di_Vibo_Valentia		1522117
0	Stadio_Luigi_Riccardo_Gurrera	Impianti_sportivi_della_provincia_di_Agrigento		3460224
0	Stadio_Luigi_Ridolfi	Impianti_sportivi_di_Firenze		1746665
0	Stadio_Luigi_Zaffanella	Impianti_sportivi_della_provincia_di_Mantova		1062151
0	Stadio_Lungobisenzio	Impianti_sportivi_di_Prato		1146166
0	Stadio_Magona_d'Italia	Impianti_sportivi_della_provincia_di_Livorno		1575251
0	Stadio_Marcantonio_Bentegodi	Impianti_sportivi_di_Verona		149304
0	Stadio_Marcello_Melani	Impianti_sportivi_di_Pistoia		1362696
0	Stadio_Marcello_Torre	Impianti_sportivi_della_provincia_di_Salerno		2175775
0	Stadio_Marco_Lorenzon	Impianti_sportivi_della_provincia_di_Cosenza		1754291
0	Stadio_Marco_Provini	Impianti_sportivi_di_Novara		4387548
0	Stadio_Marco_Tomaselli	Impianti_sportivi_di_Caltanissetta		728373
0	Stadio_Mario_Battaglini	Impianti_sportivi_di_Rovigo		261897
0	Stadio_Mario_Lancellotta	Impianti_sportivi_della_provincia_di_Isernia		3632715
0	Stadio_Mario_Piccirillo	Impianti_sportivi_della_provincia_di_Caserta		4242829
0	Stadio_Mario_Puchoz	Impianti_sportivi_della_Valle_d'Aosta		4088887
0	Stadio_Mario_Rigamonti	Impianti_sportivi_di_Brescia		1156029
0	Stadio_Mario_Sandrini	Impianti_sportivi_della_provincia_di_Verona		1702537
0	Stadio_Mariotti	Impianti_sportivi_della_provincia_di_Sassari		965384
0	Stadio_Maurizio_Natali	Impianti_sportivi_di_Colleferro		2829474
0	Stadio_Maurizio_Quaggia	Impianti_sportivi_di_Mogliano_Veneto		3456935
0	Stadio_Militare_dell'Arenaccia	Impianti_sportivi_di_Napoli		1055782
0	Stadio_Miramare	Impianti_sportivi_della_provincia_di_Foggia		821987
0	Stadio_Montefeltro	Impianti_sportivi_di_Urbino		4050809
0	Stadio_Moretti	Impianti_sportivi_di_Udine		2640127
0	Stadio_Mundial_'82	Impianti_sportivi_della_provincia_di_Brescia		2610496
0	Stadio_Natale_Palli	Impianti_sportivi_di_Casale_Monferrato		2707590
0	Stadio_Nazareth	Impianti_sportivi_della_provincia_di_Frosinone		3923644
0	Stadio_Nazionale	Impianti_sportivi_di_Roma		2283464
0	Stadio_Nereo_Rocco	Impianti_sportivi_di_Trieste		616844
0	Stadio_Nicola_Ceravolo	Impianti_sportivi_della_provincia_di_Catanzaro		264193
0	Stadio_Nicola_De_Simone	Impianti_sportivi_di_Siracusa		902690
0	Stadio_Nino_Cavalli	Impianti_sportivi_di_Parma		2243106
0	Stadio_Nino_Ciccione	Impianti_sportivi_di_Imperia		2937331
0	Stadio_Nino_Manconi	Impianti_sportivi_della_provincia_di_Olbia-Tempio		3125991
0	Stadio_Nino_Vaccara	Impianti_sportivi_della_provincia_di_Trapani		2672150
0	Stadio_Nuovo_Romagnoli	Impianti_sportivi_della_provincia_di_Campobasso		682543
0	Stadio_Olimpico_(Roma)	Impianti_sportivi_di_Roma		73686
0	Stadio_Olimpico_(Torino)	Impianti_sportivi_di_Torino		136266
0	Stadio_Olimpico_del_Ghiaccio	Impianti_sportivi_di_Cortina_d'Ampezzo		2755844
0	Stadio_Omobono_Tenni	Impianti_sportivi_di_Treviso		396195
0	Stadio_Oreste_Granillo	Impianti_sportivi_di_Reggio_Calabria		643257
0	Stadio_Pacevecchia	Impianti_sportivi_di_Benevento		1116546
0	Stadio_Pacifico_Carotti	Impianti_sportivi_di_Jesi		3214559
0	Stadio_Palmintelli	Impianti_sportivi_di_Caltanissetta		3897083
0	Stadio_Paolo_Mazza	Impianti_sportivi_di_Ferrara		738915
0	Stadio_Paolo_Poli	Impianti_sportivi_di_Molfetta		3518858
0	Stadio_Partenio-Adriano_Lombardi	Impianti_sportivi_di_Avellino		384817
0	Stadio_Partenopeo	Impianti_sportivi_di_Napoli		1055864
0	Stadio_Piercesare_Tombolato	Impianti_sportivi_della_provincia_di_Padova		1814459
0	Stadio_Piergiovanni_Mecchia	Impianti_sportivi_della_provincia_di_Venezia		2507594
0	Stadio_Pierluigi_Penzo	Impianti_sportivi_di_Venezia		630151
0	Stadio_Pietro_Barbetti	Impianti_sportivi_della_provincia_di_Perugia		2385584
0	Stadio_Pietro_Fortunati	Impianti_sportivi_di_Pavia		472836
0	Stadio_Pino_Zaccheria	Impianti_sportivi_della_provincia_di_Foggia		2664700
0	Stadio_Plebiscito	Impianti_sportivi_di_Padova		823725
0	Stadio_Polisportivo	Impianti_sportivi_della_provincia_di_Belluno		1192086
0	Stadio_Polisportivo_Provinciale	Impianti_sportivi_della_provincia_di_Trapani		1321049
0	Stadio_Porta_Elisa	Impianti_sportivi_della_provincia_di_Lucca		106748
0	Stadio_Primo_Nebiolo	Impianti_sportivi_di_Messina		2890124
0	Stadio_Primo_Nebiolo_(Torino)	Impianti_sportivi_di_Torino		3659855
0	Stadio_Progreditur	Impianti_sportivi_della_provincia_di_Caserta		2399211
0	Stadio_Quadrifoglio_-_Aldo_Notari	Impianti_sportivi_di_Parma		2773815
0	Stadio_Quercia	Impianti_sportivi_di_Trento		4705593
0	Stadio_Ranchibile	Impianti_sportivi_di_Palermo		1489889
0	Stadio_Regionale	Impianti_sportivi_della_provincia_di_Catania		1715443
0	Stadio_Renato_Curi	Impianti_sportivi_di_Perugia		209591
0	Stadio_Renato_Dall'Ara	Impianti_sportivi_di_Bologna		584236
0	Stadio_Renato_Reatini	Impianti_sportivi_della_provincia_di_Roma		2491232
0	Stadio_Renzo_Barbera	Impianti_sportivi_di_Palermo		278506
0	Stadio_Renzo_Tizian	Impianti_sportivi_della_provincia_di_Verona		2655075
0	Stadio_Rigamonti-Ceppi	Impianti_sportivi_della_provincia_di_Lecco		864800
0	Stadio_Rino_Mercante	Impianti_sportivi_di_Bassano_del_Grappa		616595
0	Stadio_Riviera_delle_Palme	Impianti_sportivi_di_San_Benedetto_del_Tronto		1321492
0	Stadio_Roberto_Jannella	Impianti_sportivi_di_Grosseto		1811965
0	Stadio_Romeo_Malservisi_-_Mario_Matteini	Impianti_sportivi_della_provincia_di_Grosseto		3261332
0	Stadio_Romeo_Menti	Impianti_sportivi_di_Vicenza		245744
0	Stadio_Romeo_Menti_(Castellammare_di_Stabia)	Impianti_sportivi_della_provincia_di_Napoli		2393248
0	Stadio_Romeo_Neri	Impianti_sportivi_di_Rimini		1055215
0	Stadio_Romolo_Pacifici	Impianti_sportivi_di_San_Donà_di_Piave		626227
0	Stadio_Rubens_Fadini	Impianti_sportivi_della_provincia_di_Teramo		1115324
0	Stadio_Sabatino_De_Rosa	Impianti_sportivi_della_provincia_di_Napoli		3623641
0	Stadio_San_Cassiano	Impianti_sportivi_di_Alba		2391266
0	Stadio_San_Ciro	Impianti_sportivi_della_provincia_di_Napoli		3273572
0	Stadio_San_Filippo	Impianti_sportivi_di_Messina		1380244
0	Stadio_San_Francesco_d'Assisi	Impianti_sportivi_della_provincia_di_Salerno		1219918
0	Stadio_San_Michele	Impianti_sportivi_della_provincia_di_Brescia		1036472
0	Stadio_San_Nicola	Impianti_sportivi_di_Bari		95715
0	Stadio_San_Paolo	Impianti_sportivi_di_Napoli		1614248
0	Stadio_San_Vito	Impianti_sportivi_della_provincia_di_Cosenza		607929
0	Stadio_Sandro_Cabassi	Impianti_sportivi_della_provincia_di_Modena		3621501
0	Stadio_Sant'Elia	Impianti_sportivi_di_Cagliari		583658
0	Stadio_Santa_Giuliana	Impianti_sportivi_di_Perugia		4137143
0	Stadio_Santa_Maria_Goretti	Impianti_sportivi_di_Catania		344130
0	Stadio_Sergio_Lanfranchi	Impianti_sportivi_di_Parma		1036028
0	Stadio_Silvio_Appiani	Impianti_sportivi_di_Padova		815905
0	Stadio_Silvio_Piola_(Novara)	Impianti_sportivi_di_Novara		1240242
0	Stadio_Silvio_Piola_(Vercelli)	Impianti_sportivi_della_provincia_di_Vercelli		1380755
0	Stadio_Simonetta_Lamberti	Impianti_sportivi_della_provincia_di_Salerno		1437515
0	Stadio_Steno_Borghese	Impianti_sportivi_della_provincia_di_Roma		2172366
0	Stadio_Sterlino	Impianti_sportivi_di_Bologna		3789115
0	Stadio_Teofilo_Patini	Impianti_sportivi_della_provincia_dell'Aquila		509401
0	Stadio_Tommaso_Fattori	Impianti_sportivi_dell'Aquila		630811
0	Stadio_Tonino_Benelli	Impianti_sportivi_di_Pesaro		3520806
0	Stadio_Torquato_Bresciani	Impianti_sportivi_di_Viareggio		2032630
0	Stadio_Tre_Fontane	Impianti_sportivi_di_Roma		1036251
0	Stadio_Tre_Pini	Impianti_sportivi_di_Padova		4036367
0	Stadio_Tullo_Morgagni	Impianti_sportivi_di_Forlì		4595298
0	Stadio_Tupparello	Impianti_sportivi_di_Acireale		131536
0	Stadio_Valerio_Bacigalupo	Impianti_sportivi_di_Savona		3511217
0	Stadio_Vanni_Sanna	Impianti_sportivi_di_Sassari		1164621
0	Stadio_Velodromo_Lello_Simeone	Impianti_sportivi_di_Barletta		3232672
0	Stadio_Velodromo_Libertas	Impianti_sportivi_di_Firenze		3450797
0	Stadio_Verino_Zanutto	Impianti_sportivi_di_San_Donà_di_Piave		631752
0	Stadio_Via_del_Mare	Impianti_sportivi_della_provincia_di_Lecce		1201519
0	Stadio_Viale_Brin	Impianti_sportivi_di_Terni		3226984
0	Stadio_Vincenzo_Presti	Impianti_sportivi_di_Gela		1016224
0	Stadio_Vincenzo_Rispoli	Impianti_sportivi_di_Ischia		3608428
0	Stadio_Virgilio_Fedini	Impianti_sportivi_della_provincia_di_Arezzo		1154689
0	Stadio_Vito_Simone_Veneziani	Impianti_sportivi_della_provincia_di_Bari		727578
0	Stadio_Walter_Petron	Impianti_sportivi_di_Padova		4455146
0	Stadio_XXI_Settembre_-_Franco_Salerno	Impianti_sportivi_di_Matera		1041278
0	Stadio_XXV_Aprile	Impianti_sportivi_di_Parma		2094289
0	Stadio_XXV_Aprile_(Carate_Brianza)	Impianti_sportivi_della_provincia_di_Monza_e_della_Brianza		3304205
0	Stadio_comunale_(Chiavari)	Impianti_sportivi_della_provincia_di_Genova		2342204
0	Stadio_comunale_(Fiorenzuola_d'Arda)	Impianti_sportivi_della_provincia_di_Piacenza		3638709
0	Stadio_comunale_(Mogliano_Veneto)	Impianti_sportivi_di_Mogliano_Veneto		3480347
0	Stadio_comunale_(Monselice)	Impianti_sportivi_della_provincia_di_Padova		4522301
0	Stadio_comunale_(Piacenza)	Impianti_sportivi_di_Piacenza		4718369
0	Stadio_comunale_(Sanremo)	Impianti_sportivi_della_provincia_di_Imperia		3091640
0	Stadio_comunale_(Teramo)	Impianti_sportivi_di_Teramo		3098378
0	Stadio_comunale_(Trani)	Impianti_sportivi_della_provincia_di_Barletta-Andria-Trani		4239864
0	Stadio_comunale_28_settembre_1943	Impianti_sportivi_di_Scafati		1510187
0	Stadio_comunale_Città_di_Locri	Impianti_sportivi_della_provincia_di_Reggio_Calabria		1228759
0	Stadio_comunale_Domenico_Fiore	Impianti_sportivi_di_Marino		1778909
0	Stadio_comunale_Giovanni_Paolo_II	Impianti_sportivi_della_provincia_di_Lecce		1482429
0	Stadio_comunale_Matusa	Impianti_sportivi_di_Frosinone		1196439
0	Stadio_comunale_Mirabello	Impianti_sportivi_di_Reggio_nell'Emilia		1714390
0	Stadio_comunale_Pasquale_Ianniello	Impianti_sportivi_della_provincia_di_Napoli		4213535
0	Stadio_comunale_Walter_Beltrametti	Impianti_sportivi_di_Piacenza		1715293
0	Stadio_comunale_di_Monigo	Impianti_sportivi_di_Treviso		2337976
0	Stadio_degli_Oliveti	Impianti_sportivi_della_provincia_di_Massa_e_Carrara		3614457
0	Stadio_dei_Fiori	Impianti_sportivi_della_provincia_di_Vicenza		4019798
0	Stadio_dei_Marmi	Impianti_sportivi_di_Roma		1134220
0	Stadio_dei_Marmi_(Carrara)	Impianti_sportivi_della_provincia_di_Massa_e_Carrara		610915
0	Stadio_dei_Marsi	Impianti_sportivi_della_provincia_dell'Aquila		1346365
0	Stadio_dei_Pirati	Impianti_sportivi_di_Rimini		2900565
0	Stadio_del_Littorio	Impianti_sportivi_di_Genova		1348771
0	Stadio_del_Nuoto_(Frosinone)	Impianti_sportivi_di_Frosinone		2420883
0	Stadio_del_Trampolino	Impianti_sportivi_della_provincia_di_Torino		3610935
0	Stadio_del_ghiaccio_Agorà	Impianti_sportivi_di_Milano		3672251
0	Stadio_del_ghiaccio_Alvise_De_Toni	Impianti_sportivi_della_provincia_di_Belluno		3857792
0	Stadio_del_ghiaccio_Gianmario_Scola	Impianti_sportivi_della_provincia_di_Trento		4261176
0	Stadio_del_tennis_di_Roma	Impianti_sportivi_di_Roma		1684472
0	Stadio_della_Rondinella	Impianti_sportivi_di_Roma		4529273
0	Stadio_della_Vittoria_(Bari)	Impianti_sportivi_di_Bari		1097359
0	Stadio_della_Vittoria_(Macerata)	Impianti_sportivi_di_Macerata		1644267
0	Stadio_della_Vittoria_(Tolentino)	Impianti_sportivi_della_provincia_di_Macerata		2139243
0	Stadio_delle_Alpi	Impianti_sportivi_di_Torino		50181
0	Stadio_delle_Palme	Impianti_sportivi_di_Palermo		1209257
0	Stadio_di_Acquasanta	Impianti_sportivi_dell'Aquila		4628661
0	Stadio_di_Atletica_(Sulmona)	Impianti_sportivi_di_Sulmona		4111843
0	Stadio_di_Corso_Marsiglia	Impianti_sportivi_di_Torino		1966560
0	Stadio_di_Corso_Sebastopoli	Impianti_sportivi_di_Torino		2653040
0	Stadio_di_Piano_d'Accio	Impianti_sportivi_di_Teramo		1122976
0	Stadio_di_Villa_Scassi	Impianti_sportivi_di_Genova		2184965
0	Stadium	Impianti_sportivi_di_Torino		3249518
0	Stadium_(Genova)	Impianti_sportivi_di_Genova		4209406
0	Stelvio_(pista_sciistica)	Piste_sciistiche_della_provincia_di_Sondrio		2145406
0	Tendostruttura_Geodetica	Impianti_sportivi_della_provincia_di_Napoli		3083472
0	Torino_Esposizioni	Impianti_sportivi_di_Torino		294956
0	Torre_del_Grifo_Village	Impianti_sportivi_della_provincia_di_Catania		4445492
0	Trampolino_Fratelli_Nogara	Impianti_sportivi_della_provincia_di_Udine		4071266
0	Trampolino_Giuseppe_Dal_Ben	Impianti_sportivi_della_provincia_di_Trento		3594631
0	Trampolino_Italia	Impianti_sportivi_di_Cortina_d'Ampezzo		3549293
0	Trampolino_del_Pakstall	Impianti_sportivi_della_provincia_di_Vicenza		3986730
6	Tribuna-Stadio-Fratelli-Molinari-Codogno.jpg	Impianti_sportivi_in_Lombardia		3654401
0	Unipol_Arena	Impianti_sportivi_della_provincia_di_Bologna		640725
0	Velodromo_Comunale_di_Oppido_Lucano	Impianti_sportivi_della_provincia_di_Potenza		3470087
0	Velodromo_Giovanni_Monti	Impianti_sportivi_di_Padova		2705360
0	Velodromo_Mainetti	Impianti_sportivi_della_provincia_di_Vicenza		616606
0	Velodromo_Maspes-Vigorelli	Impianti_sportivi_di_Milano		419383
0	Velodromo_Olimpico	Impianti_sportivi_di_Roma		1926527
0	Velodromo_Paolo_Borsellino	Impianti_sportivi_di_Palermo		1299156
0	Velodromo_Pierino_Baffi	Impianti_sportivi_di_Crema		4006517
0	Velodromo_Salinelle	Impianti_sportivi_di_Paternò		3707672
0	Velodromo_Stampace	Impianti_sportivi_di_Pisa		2772379
0	Velodromo_Umberto_I	Impianti_sportivi_di_Torino		2816559
0	Velodromo_di_Mori	Impianti_sportivi_della_provincia_di_Trento		3261796
0	Villa_Gentile	Impianti_sportivi_di_Genova		2471470
0	Villa_Lomellini_Rostan	Impianti_sportivi_di_Genova		433808
0	Zoppas_Arena	Impianti_sportivi_della_provincia_di_Treviso		2650904
