0	Achille_Lauro	Nati_a_Piano_di_Sorrento		134132
0	Adolfo_Gori	Calciatori_del_F.C._Esperia_Viareggio|Nati_a_Viareggio		1549899
0	Adolfo_L'Arco	Morti_a_Vico_Equense		3140289
0	Adolfo_Sormani	Calciatori_del_F.C._Esperia_Viareggio		2580912
0	Adone_Del_Cima	Nati_a_Torre_del_Lago_Puccini		1087945
0	Agenore_Maurizi	Allenatori_del_F.C._Esperia_Viareggio		2462542
0	Alberto_Batori	Morti_a_Viareggio|Nati_a_Viareggio		4009836
0	Alberto_Bertuccelli	Calciatori_del_F.C._Esperia_Viareggio|Morti_a_Viareggio|Nati_a_Viareggio		1965415
0	Alberto_Franchetti	Morti_a_Viareggio		644592
0	Alberto_Gianni	Nati_a_Viareggio		2037676
0	Alberto_Orlandi	Nati_a_Viareggio		3031182
0	Alberto_Tenenti	Nati_a_Viareggio		3142275
0	Alberto_Tonoli	Calciatori_del_F.C._Esperia_Viareggio		3836470
0	Alberto_della_Ragione	Nati_a_Piano_di_Sorrento		2264434
0	Albo_d'oro_del_Torneo_di_Viareggio	Torneo_di_Viareggio		4096923
0	Albori_(Vietri_sul_Mare)	Frazioni_di_Vietri_sul_Mare		3339505
0	Aldo_Cerantola	Allenatori_del_F.C._Esperia_Viareggio		2752326
0	Aldo_De_Maria	Morti_a_Ravello		3235612
0	Aldo_Novelli	Calciatori_del_F.C._Esperia_Viareggio		3320755
0	Aldo_Olivieri	Allenatori_del_F.C._Esperia_Viareggio		506325
0	Aldo_Raimondi_(calciatore)	Nati_a_Vietri_sul_Mare		3880690
0	Aleardo_Villa	Nati_a_Ravello		2455145
0	Alessandra_Petrucci	Nati_a_Viareggio		4273600
0	Alessandro_Abbondanza	Allenatori_del_Sorrento_Calcio|Calciatori_del_Sorrento_Calcio		1603707
0	Alessandro_Bertolucci_(hockeista_su_pista)	Nati_a_Viareggio		3024093
0	Alessandro_Cupisti	Nati_a_Viareggio		2825726
0	Alessandro_Lazzarini	Calciatori_del_F.C._Esperia_Viareggio|Nati_a_Viareggio		2292884
0	Alessandro_Mannini	Calciatori_del_F.C._Esperia_Viareggio|Nati_a_Viareggio		1234836
0	Alessandro_Nista	Calciatori_del_Sorrento_Calcio		1106435
0	Alessandro_Pane	Calciatori_del_Sorrento_Calcio		1901587
0	Alessandro_Pierini	Nati_a_Viareggio		1530832
0	Alessandro_Romeo	Calciatori_del_F.C._Esperia_Viareggio		1192806
0	Alessandro_Scarponi	Calciatori_del_F.C._Esperia_Viareggio		2976913
0	Alex_Brunner	Calciatori_del_Sorrento_Calcio		1755287
0	Alfonso_Camorani	Calciatori_del_Sorrento_Calcio		419980
0	Alfonso_Del_Re	Morti_a_Vico_Equense		23682
0	Alfredo_Aglietti	Allenatori_del_F.C._Esperia_Viareggio		1207124
0	Alfredo_Ammendola	Nati_a_Piano_di_Sorrento		2262848
0	Alfredo_Belluomini	Nati_a_Viareggio		1908240
0	Alfredo_Franci	Calciatori_del_F.C._Esperia_Viareggio		3262708
0	Alfredo_Schiaffini	Morti_a_Viareggio		2099462
14	Allenatori_del_F.C._Esperia_Viareggio	F.C._Esperia_Viareggio		2461982
14	Allenatori_del_Sorrento_Calcio	Sorrento_Calcio		2466809
0	Alluvione_di_Salerno_del_25_ottobre_1954	Costiera_Amalfitana		1336540
0	Altibano_Maselli	Calciatori_del_F.C._Esperia_Viareggio		3260080
14	Amalfi	Costiera_Amalfitana		2040417
0	Amalfi	Amalfi		2828987
0	Amedeo_Escobar	Morti_a_Viareggio		3659254
0	Andrea_Ardito	Nati_a_Viareggio		999010
0	Andrea_De_Pino	Nati_ad_Amalfi		4834274
0	Andrea_Forzano	Nati_a_Viareggio		2649637
0	Andrea_Giallombardo	Calciatori_del_F.C._Esperia_Viareggio		935643
0	Andrea_Mangoni	Calciatori_del_F.C._Esperia_Viareggio		3442109
0	Andrea_Masiello	Nati_a_Viareggio		1176951
0	Andrea_Nesti	Calciatori_del_F.C._Esperia_Viareggio		4023962
0	Andrea_Paulgross	Nati_a_Viareggio		2458800
0	Andrea_Tofanelli	Nati_a_Viareggio		556969
0	Andrea_Valdinoci	Calciatori_del_Sorrento_Calcio		1611380
0	Angelo_Aimo	Calciatori_del_F.C._Esperia_Viareggio		3979775
0	Angelo_Deruggiero	Calciatori_del_Sorrento_Calcio		2979866
0	Angelo_Moratti	Morti_a_Viareggio		362256
0	Angiolo_Tommasi	Morti_a_Torre_del_Lago_Puccini		3060001
0	Aniello_Califano	Nati_a_Sorrento		775871
0	Anna_d'Orléans	Morti_a_Sorrento		1347774
0	Annalisa_Pardini	Nati_a_Viareggio		903160
0	Ansano_Giannarelli	Nati_a_Viareggio		2905857
0	Antiquarium_Silio_Italico	Musei_di_Vico_Equense		4361533
0	Antonino_Bonvissuto	Calciatori_del_Sorrento_Calcio		3898128
0	Antonino_Cannavacciuolo	Nati_a_Vico_Equense		4531065
0	Antonino_Fiorile	Calciatori_del_Sorrento_Calcio		4800125
0	Antonino_Sersale	Nati_a_Sorrento		2790247
0	Antonino_di_Sorrento	Morti_a_Sorrento		577390
0	Antonio_Agelli	Nati_a_Sorrento		2962378
0	Antonio_Asturi	Morti_a_Vico_Equense|Nati_a_Vico_Equense		1709408
0	Antonio_Bonaldi	Calciatori_del_Sorrento_Calcio		3961107
0	Antonio_Dell'Oglio	Allenatori_del_Sorrento_Calcio		1861795
0	Antonio_Di_Natale	Calciatori_del_F.C._Esperia_Viareggio		2954480
0	Antonio_Falangola	Nati_a_Sorrento		3624108
0	Antonio_Ferrigno	Nati_a_Maiori		2555118
0	Antonio_Forcellino	Nati_a_Vietri_sul_Mare		766550
0	Antonio_Gridelli	Calciatori_del_Sorrento_Calcio		3945245
0	Antonio_Maria_Pucci	Morti_a_Viareggio		576927
0	Antonio_Mirante	Calciatori_del_Sorrento_Calcio		584888
0	Antonio_Savastano	Morti_a_Vietri_sul_Mare		234583
0	Antonio_Subranni	Nati_a_Termoli		3480344
0	Antonio_Tirabassi	Nati_ad_Amalfi		1605534
0	Antonio_Zama	Morti_a_Sorrento		1883045
0	Antonio_Zito	Calciatori_del_Sorrento_Calcio		2388851
0	Araldo_Caprili	Calciatori_del_F.C._Esperia_Viareggio|Nati_a_Viareggio		3240786
14	Architetture_di_Marina_di_Massa	Marina_di_Massa		1870891
14	Architetture_di_Meta	Meta		4294190
14	Architetture_di_Piano_di_Sorrento	Piano_di_Sorrento		4730882
14	Architetture_di_Ravello	Ravello		3981109
14	Architetture_di_Sant'Agnello	Sant'Agnello		4294192
14	Architetture_di_Sorrento	Sorrento		4294193
14	Architetture_di_Termoli	Termoli		2752393
14	Architetture_di_Viareggio	Viareggio		1849826
14	Architetture_di_Vico_Equense	Vico_Equense		3935102
0	Arcidiocesi_di_Amalfi-Cava_de'_Tirreni	Amalfi		491664
0	Arcipelago_Spezzino	Golfo_della_Spezia		3182643
0	Area_marina_protetta_Cinque_Terre	Cinque_terre		1500906
0	Area_naturale_Baia_di_Ieranto	Massa_Lubrense		2633782
0	Area_naturale_marina_protetta_Punta_Campanella	Capi_e_promontori_della_Campania|Massa_Lubrense|Positano		653001
0	Armando_Cascione	Calciatori_del_F.C._Esperia_Viareggio		2887324
0	Arola_(Vico_Equense)	Frazioni_di_Vico_Equense		2236234
0	Arrigo_Pelliccia	Nati_a_Viareggio		4240968
0	Arsenale_militare_marittimo_di_La_Spezia	Golfo_della_Spezia		354678
0	Arturo_Aiello	Nati_a_Vico_Equense		589207
0	Arturo_Biagi	Nati_a_Viareggio		3475268
0	Arturo_Maffei	Morti_a_Torre_del_Lago_Puccini|Nati_a_Viareggio		554560
0	Associazione_Sportiva_Sorrento_1969-1970	Stagioni_del_Sorrento_Calcio		4732326
0	Associazione_Sportiva_Sorrento_1970-1971	Stagioni_del_Sorrento_Calcio		4732309
0	Associazione_Sportiva_Sorrento_1971-1972	Stagioni_del_Sorrento_Calcio		4729939
0	Associazione_Sportiva_Sorrento_1972-1973	Stagioni_del_Sorrento_Calcio		4751335
0	Associazione_Sportiva_Sorrento_1973-1974	Stagioni_del_Sorrento_Calcio		4753485
0	Associazione_Sportiva_Sorrento_1974-1975	Stagioni_del_Sorrento_Calcio		4766015
0	Associazione_Sportiva_Sorrento_1975-1976	Stagioni_del_Sorrento_Calcio		4773931
0	Atrani	Costiera_Amalfitana		29658
0	Auditorium_Oscar_Niemeyer	Architetture_di_Ravello		3028164
0	Axel_Konan	Calciatori_del_Sorrento_Calcio		291237
0	Axis_Group_Yacht_Design	Viareggio		2974014
0	Bacolo_di_Sorrento	Morti_a_Sorrento		2149246
0	Bagno_Balena	Stabilimenti_balneari_di_Viareggio		1849824
0	Baia_dei_Turchi	Coste_della_Puglia		485136
0	Baia_della_Crepatura	Golfi_della_Toscana		2482244
0	Baia_di_Trentaremi	Coste_della_Campania|Golfi_della_Campania		1106464
0	Balai_(Porto_Torres)	Coste_della_Sardegna|Spiagge_della_Sardegna		3941114
0	Bandite_di_Scarlino	Capi_e_promontori_della_Toscana|Coste_della_provincia_di_Grosseto		1443656
0	Barbara_Cupisti	Nati_a_Viareggio		2205011
0	Barbara_Negri	Nati_a_Sorrento		2419629
0	Barcobestia	Viareggio		122890
0	Basilica_di_Sant'Antonino_(Sorrento)	Chiese_di_Sorrento		4485668
0	Basilica_di_Santa_Maria_del_Lauro	Chiese_di_Meta		3936422
0	Basso_Ragni	Nati_a_Termoli		796203
0	Basso_Sciarretta	Nati_a_Termoli		2560646
0	Bastiglia_(Salerno)	Torri_costiere_della_Campania		4419898
0	Bastione_di_Malta	Torri_costiere_della_Calabria		304427
0	Bastione_di_Santa_Barbara	Torri_costiere_di_Monte_Argentario		2286851
0	Battista_Lena	Nati_a_Viareggio		3459327
0	Benito_Jacovitti	Nati_a_Termoli		17071
0	Berchida	Spiagge_della_Sardegna		2509733
0	Biagio_d'Agostino	Morti_a_Termoli|Nati_a_Termoli		4010154
0	Bianca_di_Borbone-Spagna	Morti_a_Viareggio		3043248
0	Bocca_d'Arno	Coste_della_provincia_di_Pisa		1108699
0	Bocca_d'Ombrone	Coste_della_provincia_di_Grosseto		1983558
0	Bonaventura_da_Potenza	Morti_a_Ravello		1289235
0	Bosco_Malenchini	Colline_livornesi		2098653
0	Bruno_Bolchi	Allenatori_del_Sorrento_Calcio		844253
0	Bruno_Chinellato	Calciatori_del_Sorrento_Calcio		1652315
0	Burlamacco	Viareggio		1555488
0	Cala_Goloritzé	Spiagge_della_Sardegna		1839684
0	Cala_Gonone	Coste_della_Sardegna		1277120
0	Cala_Luna	Spiagge_della_Sardegna		3482784
0	Cala_Mariolu	Spiagge_della_Sardegna		3481446
0	Cala_Martina	Coste_della_provincia_di_Grosseto		2811884
0	Cala_Sisine	Spiagge_della_Sardegna		1921835
0	Cala_Violina	Coste_della_provincia_di_Grosseto		606420
0	Cala_di_Forno	Coste_della_provincia_di_Grosseto		768675
0	Cala_di_Volpe	Golfi_della_Sardegna		1934172
0	Calambrone	Coste_della_provincia_di_Pisa		393640
0	Calamosca	Spiagge_della_Sardegna		3159075
14	Calciatori_del_F.C._Esperia_Viareggio	F.C._Esperia_Viareggio		2461980
14	Calciatori_del_Sorrento_Calcio	Sorrento_Calcio		2466806
0	Calisto_Bertramo	Morti_a_Viareggio		4841908
0	Campiglia_Tramonti	Riviera_spezzina		583686
0	Campomarino_Lido	Coste_del_Molise		1895847
0	Candida_Morvillo	Nati_a_Sorrento		900891
0	Cantiere_navale_Picchiotti	Perini_Navi		3243916
0	Cantiere_navale_fratelli_Orlando	Cantieri_Benetti		1490725
0	Cantieri_Benetti	Cantieri_Benetti		351566
14	Cantieri_Benetti	Viareggio		4847872
0	Cané	Allenatori_del_Sorrento_Calcio		565876
14	Capi_e_promontori_del_Lazio	Coste_del_Lazio		2960037
14	Capi_e_promontori_della_Calabria	Coste_della_Calabria		1991680
14	Capi_e_promontori_della_Campania	Coste_della_Campania		1991700
14	Capi_e_promontori_della_Liguria	Coste_della_Liguria		1991705
14	Capi_e_promontori_della_Puglia	Coste_della_Puglia		1991692
14	Capi_e_promontori_della_Sardegna	Coste_della_Sardegna		1991661
14	Capi_e_promontori_della_Toscana	Coste_della_Toscana		1991646
14	Capi_e_promontori_della_provincia_di_Cosenza	Capi_e_promontori_della_Calabria		3015981
14	Capi_e_promontori_della_provincia_di_Crotone	Capi_e_promontori_della_Calabria		3015975
14	Capi_e_promontori_della_provincia_di_Reggio_Calabria	Capi_e_promontori_della_Calabria		3015971
14	Capi_e_promontori_della_provincia_di_Vibo_Valentia	Capi_e_promontori_della_Calabria		3015976
0	Capi_e_promontori_italiani	Coste_d'Italia		38754
0	Capo_Caccia	Capi_e_promontori_della_Sardegna		596264
0	Capo_Carbonara	Capi_e_promontori_della_Sardegna		1646803
0	Capo_Ceraso	Capi_e_promontori_della_Sardegna		2661925
0	Capo_Coda_Cavallo	Capi_e_promontori_della_Sardegna		2665658
0	Capo_Colonna	Capi_e_promontori_della_provincia_di_Crotone		512514
0	Capo_Comino	Capi_e_promontori_della_Sardegna|Spiagge_della_Sardegna		609270
0	Capo_Corvo	Capi_e_promontori_della_Liguria		4546059
0	Capo_Cozzo	Capi_e_promontori_della_provincia_di_Vibo_Valentia		2938451
0	Capo_Falcone	Capi_e_promontori_della_Sardegna		2579506
0	Capo_Figari	Capi_e_promontori_della_Sardegna		2486856
0	Capo_Linaro	Capi_e_promontori_del_Lazio		2847144
0	Capo_Mannu	Capi_e_promontori_della_Sardegna		308587
0	Capo_Marrargiu	Capi_e_promontori_della_Sardegna		149863
0	Capo_Miseno	Capi_e_promontori_della_Campania		687298
0	Capo_Mortola	Capi_e_promontori_della_Liguria		1604940
0	Capo_Palinuro	Capi_e_promontori_della_Campania		1142858
0	Capo_Piccolo	Capi_e_promontori_della_provincia_di_Crotone		2607888
0	Capo_San_Marco	Capi_e_promontori_della_Sardegna		1955140
0	Capo_Spartivento_(Brancaleone)	Capi_e_promontori_della_provincia_di_Reggio_Calabria|Coste_della_provincia_di_Reggio_Calabria		1504735
0	Capo_Spartivento_(Sardegna)	Capi_e_promontori_della_Sardegna		1596763
0	Capo_Spulico	Capi_e_promontori_della_provincia_di_Cosenza		1630463
0	Capo_Testa	Capi_e_promontori_della_Sardegna		1561295
0	Capo_Teulada	Capi_e_promontori_della_Sardegna		2582349
0	Capo_Vaticano	Capi_e_promontori_della_provincia_di_Vibo_Valentia		95888
0	Capo_Verde_(Liguria)	Capi_e_promontori_della_Liguria		2310335
0	Capo_dell'Argentiera	Capi_e_promontori_della_Sardegna		2589833
0	Capo_dell'Armi	Capi_e_promontori_della_provincia_di_Reggio_Calabria|Coste_della_provincia_di_Reggio_Calabria		1076281
0	Capocotta	Spiagge_del_Lazio		2405024
0	Cappella_di_Santa_Lucia_(Vico_Equense)	Chiese_di_Vico_Equense		3494580
0	Cappella_di_Santa_Maria_della_Rotonda	Chiese_di_Ravello		4059291
0	Cappellina_di_Santa_Maria_delle_Grazie	Chiese_di_Amalfi		4379047
0	Capriccioli	Coste_della_Sardegna		277492
0	Carlo_Azzali	Calciatori_del_F.C._Esperia_Viareggio		3825289
0	Carlo_Baldini_(arcivescovo)	Morti_a_Sorrento		2912629
0	Carlo_Biagi	Calciatori_del_F.C._Esperia_Viareggio|Nati_a_Viareggio		1714077
0	Carlo_Bresciani	Calciatori_del_F.C._Esperia_Viareggio		1701939
0	Carlo_Caramelli	Allenatori_del_F.C._Esperia_Viareggio|Calciatori_del_F.C._Esperia_Viareggio		4005157
0	Carlo_Castellani	Calciatori_del_F.C._Esperia_Viareggio		1157244
0	Carlo_Fontana_(giornalista)	Nati_a_Viareggio		1535432
0	Carlo_Lenci	Nati_a_Viareggio		2318428
0	Carlo_Pinsoglio	Calciatori_del_F.C._Esperia_Viareggio		3650527
0	Carlo_Simi	Nati_a_Viareggio		1265057
0	Carmine_Gautieri	Calciatori_del_Sorrento_Calcio		1229974
0	Carnevale_di_Viareggio	Viareggio		1399767
0	Carta_di_Amalfi	Amalfi		199382
0	Carta_di_Viareggio	Viareggio		1001148
0	Casa_Albergo	Architetture_di_Viareggio		1849845
0	Casalabate	Torri_costiere_del_Salento		1394283
0	Casale_della_Giannella	Torri_costiere_di_Orbetello		2327603
0	Castel_Sant'Angelo_(Licata)	Torri_costiere_della_Sicilia		1816047
0	Castel_Sant'Elmo	Torri_costiere_della_Campania		1614236
0	Castel_dell'Ovo	Torri_costiere_della_Campania		251994
0	Castellare_del_Giglio	Torri_costiere_di_Isola_del_Giglio		2290339
0	Castello_Aragonese_(Baia)	Torri_costiere_della_Campania		1580493
0	Castello_Aragonese_(Ischia)	Torri_costiere_della_Campania		1215316
0	Castello_Eurialo	Torri_costiere_della_Sicilia		337241
0	Castello_Giusso	Architetture_di_Vico_Equense		3935100
0	Castello_Maniace	Torri_costiere_della_Sicilia		531556
0	Castello_Ruffo_di_Scilla	Capi_e_promontori_della_provincia_di_Reggio_Calabria		1489808
0	Castello_San_Giorgio	Torri_costiere_della_Liguria		784574
0	Castello_Sonnino	Torri_costiere_di_Livorno		1159264
0	Castello_Ursino	Torri_costiere_della_Sicilia		439705
0	Castello_a_Mare_(Palermo)	Torri_costiere_della_Sicilia		1251438
0	Castello_del_Boccale	Torri_costiere_di_Livorno		1325605
0	Castello_del_Carmine	Torri_costiere_della_Campania		1148575
0	Castello_della_Colombaia	Torri_costiere_della_Sicilia		3320730
0	Castello_della_Dragonara	Torri_costiere_della_Liguria		1285234
0	Castello_di_Aci	Torri_costiere_della_Sicilia		124554
0	Castello_di_Agrigento	Torri_costiere_della_Sicilia		1336954
0	Castello_di_Antignano	Torri_costiere_di_Livorno		1454168
0	Castello_di_Arechi	Torri_costiere_della_Campania		764161
0	Castello_di_Bonassola	Torri_costiere_della_Liguria		3242395
0	Castello_di_Calatubo	Torri_costiere_della_Sicilia		778624
0	Castello_di_Castiglione_della_Pescaia	Torri_costiere_di_Castiglione_della_Pescaia		1184563
0	Castello_di_Duino	Torri_costiere_del_Friuli-Venezia_Giulia		1478252
0	Castello_di_Lerici	Torri_costiere_della_Liguria		3515858
0	Castello_di_Levanto	Torri_costiere_della_Liguria		3460701
0	Castello_di_Milazzo	Torri_costiere_della_Sicilia		388595
0	Castello_di_Miramare	Torri_costiere_del_Friuli-Venezia_Giulia		51487
0	Castello_di_Muggia	Torri_costiere_del_Friuli-Venezia_Giulia		1562228
0	Castello_di_Nisida	Torri_costiere_della_Campania		1065859
0	Castello_di_Pentefur	Torri_costiere_della_Sicilia		2741804
0	Castello_di_Piombino	Torri_costiere_di_Piombino		2246913
0	Castello_di_Poggiodiana	Torri_costiere_della_Sicilia		2612068
0	Castello_di_Porto_Venere	Torri_costiere_della_Liguria		1290604
0	Castello_di_Punta_Ala	Torri_costiere_di_Castiglione_della_Pescaia		1184158
0	Castello_di_Punta_Pagana	Torri_costiere_della_Liguria		3010926
0	Castello_di_Rapallo	Torri_costiere_della_Liguria		467457
0	Castello_di_Riomaggiore	Torri_costiere_della_Liguria		3595522
0	Castello_di_San_Giusto	Torri_costiere_del_Friuli-Venezia_Giulia		1173280
0	Castello_di_Sant'Alessio_Siculo	Torri_costiere_della_Sicilia		1158105
0	Castello_di_Santa_Margherita_Ligure	Torri_costiere_della_Liguria		1089612
0	Castello_di_Terra	Torri_costiere_della_Sicilia		4553155
0	Castello_di_Vernazza	Torri_costiere_della_Liguria		3553080
0	Castello_svevo_(Augusta)	Torri_costiere_della_Sicilia		3443229
0	Castello_svevo_(Termoli)	Architetture_di_Termoli		2670282
0	Cattedrale_dei_Santi_Filippo_e_Giacomo	Chiese_di_Sorrento		3999522
0	Cattedrale_di_Santa_Maria_della_Purificazione	Chiese_di_Termoli		2336890
0	Cavalieri_del_Mare_Beach_Soccer	Viareggio		1212812
0	Centrale_termoelettrica_Eugenio_Montale	Golfo_della_Spezia		1938337
0	Cesare_Bertagnini	Morti_a_Viareggio		1577837
0	Cesare_Del_Torto	Calciatori_del_F.C._Esperia_Viareggio		3264304
0	Cesare_Garboli	Nati_a_Viareggio		699649
0	Cesare_Giulio_Viola	Morti_a_Positano		4164618
0	Cesare_Rickler	Nati_a_Viareggio		675031
14	Cestisti_del_Vela_Viareggio	Vela_Viareggio		3675527
0	Cetara	Costiera_Amalfitana		29764
0	Chia_(Domus_de_Maria)	Golfi_della_Sardegna		1261737
0	Chiesa_dei_Santi_Ciro_e_Giovanni	Chiese_di_Vico_Equense		3916866
0	Chiesa_dei_Santi_Felice_e_Baccolo	Chiese_di_Sorrento		2789774
0	Chiesa_dei_Santi_Prisco_ed_Agnello	Chiese_di_Sant'Agnello		3953339
0	Chiesa_della_Santissima_Annunziata_(Vico_Equense)	Chiese_di_Vico_Equense		3914304
0	Chiesa_di_San_Francesco_(Maiori)	Chiese_di_Maiori|Costiera_Amalfitana		235753
0	Chiesa_di_San_Giovanni_Bosco_(Viareggio)	Chiese_di_Viareggio		1901019
0	Chiesa_di_San_Giovanni_del_Toro	Chiese_di_Ravello		2947958
0	Chiesa_di_San_Giuseppe_(Torre_del_Lago)	Chiese_di_Viareggio		1901038
0	Chiesa_di_San_Paolino_(Viareggio)	Chiese_di_Viareggio		1900998
0	Chiesa_di_San_Paolo_(Sorrento)	Chiese_di_Sorrento		4697871
0	Chiesa_di_San_Pietro_Apostolo_a_Tovere	Chiese_di_Amalfi		4379082
0	Chiesa_di_Sant'Andrea_(Viareggio)	Chiese_di_Viareggio		576941
0	Chiesa_di_Sant'Antonio_(Viareggio)	Chiese_di_Viareggio		1900979
0	Chiesa_di_Santa_Maria_a_Gradillo	Chiese_di_Ravello|Costiera_Amalfitana		2493208
0	Chiesa_di_Santa_Maria_a_Piazza_(Amalfi)	Chiese_di_Amalfi		4081060
0	Chiesa_di_Santa_Maria_del_Carmine_(Amalfi)	Chiese_di_Amalfi		4377799
0	Chiesa_di_Santa_Maria_del_Pino	Chiese_di_Amalfi		4377702
0	Chiesa_di_Santa_Maria_della_Neve_(Amalfi)	Chiese_di_Amalfi		4379037
14	Chiese_di_Amalfi	Amalfi		4118543
14	Chiese_di_Maiori	Maiori		2580232
14	Chiese_di_Meta	Architetture_di_Meta		3936424
14	Chiese_di_Ravello	Architetture_di_Ravello		2580219
14	Chiese_di_Sant'Agnello	Architetture_di_Sant'Agnello		3953340
14	Chiese_di_Sorrento	Architetture_di_Sorrento		2685115
10	Chiese_di_Sorrento	Template_di_navigazione_-_Sorrento		4251071
14	Chiese_di_Termoli	Architetture_di_Termoli		2752391
14	Chiese_di_Viareggio	Architetture_di_Viareggio		1412834
14	Chiese_di_Vico_Equense	Architetture_di_Vico_Equense		3914305
10	Chiese_di_Vico_Equense	Template_di_navigazione_-_Vico_Equense		4044980
0	Chiunzi	Costiera_Amalfitana		1670595
0	Cinquale	Coste_della_provincia_di_Massa_e_Carrara		1469864
0	Cinque_Terre	Cinque_terre		2652865
14	Cinque_terre	Coste_della_Liguria|Riviera_spezzina		39214
0	Circeo	Capi_e_promontori_del_Lazio		1085693
0	Circolo_Canottieri_Antonio_Offredi_A.S.D.	Sport_ad_Amalfi		2965955
0	Ciro_Ginestra	Calciatori_del_Sorrento_Calcio		639392
0	Ciro_Immobile	Calciatori_del_Sorrento_Calcio		2277490
0	Cittadella_di_Piombino	Torri_costiere_di_Piombino		2246482
0	Classe_Driade	Cantieri_Benetti		3972478
0	Claudio_Ricciarelli	Calciatori_del_F.C._Esperia_Viareggio		2788256
0	Claudio_Varese	Morti_a_Viareggio		1653553
0	Clelia_Merloni	Personalità_legate_a_Viareggio		2843844
0	Colli_di_Fontanelle	Sant'Agnello		1472365
0	Colline_Livornesi	Colline_livornesi		743334
14	Colline_livornesi	Capi_e_promontori_della_Toscana		1792375
0	Colonia_Ettore_Motta	Architetture_di_Marina_di_Massa		4139769
0	Colonia_Torino	Architetture_di_Marina_di_Massa		1870910
0	Colonia_marina_Edoardo_Agnelli	Architetture_di_Marina_di_Massa		1870889
0	Colostrai	Spiagge_della_Sardegna		509038
0	Comando_subacquei_ed_incursori	Golfo_della_Spezia		230113
0	Comunità_montana_Penisola_Amalfitana	Costiera_Amalfitana		1226125
0	Comunità_montana_della_Riviera_Spezzina	Riviera_spezzina		579865
0	Conca_dei_Marini	Costiera_Amalfitana		29767
0	Concerto_(gastronomia)	Costiera_Amalfitana		308276
0	Concerto_per_Viareggio	Viareggio		2894869
0	Conservatoria_delle_coste_della_Sardegna	Coste_della_Sardegna		2819816
0	Conservatorio_di_Santa_Rosa_da_Lima	Costiera_Amalfitana		1689242
0	Convento_di_Santa_Maria_della_Sapienza	Architetture_di_Sorrento		1758790
0	Corniglia	Cinque_terre		39089
0	Corrado_Ciompi	Sindaci_di_Viareggio		1949262
0	Cosimo_Giorgeri_Contri	Morti_a_Viareggio		4811166
0	Cosimo_Zappelli	Nati_a_Viareggio		1564997
0	Costa_Smeralda	Coste_della_Sardegna		692217
0	Costa_Verde_(Italia)	Coste_della_Sardegna		3076055
0	Costa_Viola	Coste_della_provincia_di_Reggio_Calabria		541847
0	Costa_apuana	Coste_della_Liguria|Coste_della_provincia_di_Massa_e_Carrara		1412015
0	Costa_d'Argento_(Italia)	Coste_della_provincia_di_Grosseto		1480237
0	Costa_degli_Etruschi	Coste_della_provincia_di_Livorno		739922
0	Costa_dei_Trabocchi	Coste_dell'Abruzzo		402003
0	Costa_dei_feaci	Coste_della_Calabria		4590940
0	Costa_dei_gelsomini	Coste_della_provincia_di_Reggio_Calabria		963501
0	Costa_del_Sole	Coste_della_provincia_di_Livorno		4241920
0	Costa_jonica_lucana	Coste_della_Basilicata		3032148
0	Costa_saracena	Coste_della_Sicilia		1611656
0	Costa_veneziana	Coste_del_Veneto		1095858
14	Coste_del_Friuli-Venezia_Giulia	Coste_d'Italia		2848580
14	Coste_del_Lazio	Coste_d'Italia		1991807
14	Coste_del_Molise	Coste_d'Italia		1991863
14	Coste_del_Veneto	Coste_d'Italia		1991831
14	Coste_dell'Abruzzo	Coste_d'Italia		1991858
14	Coste_dell'Emilia-Romagna	Coste_d'Italia		1991715
14	Coste_della_Basilicata	Coste_d'Italia		1991785
14	Coste_della_Calabria	Coste_d'Italia		1991681
14	Coste_della_Campania	Coste_d'Italia		1991701
14	Coste_della_Liguria	Coste_d'Italia		1991706
14	Coste_della_Puglia	Coste_d'Italia		1991693
14	Coste_della_Sardegna	Coste_d'Italia		650888
14	Coste_della_Sicilia	Coste_d'Italia		1613838
14	Coste_della_Toscana	Coste_d'Italia		1149069
14	Coste_della_provincia_di_Grosseto	Coste_della_Toscana		1149082
14	Coste_della_provincia_di_Livorno	Coste_della_Toscana		1991919
14	Coste_della_provincia_di_Lucca	Coste_della_Toscana		1991966
14	Coste_della_provincia_di_Massa_e_Carrara	Coste_della_Toscana		2793888
14	Coste_della_provincia_di_Pisa	Coste_della_Toscana		1992000
14	Coste_della_provincia_di_Reggio_Calabria	Coste_della_Calabria		2931332
14	Coste_delle_Marche	Coste_d'Italia		1991717
0	Coste_italiane	Coste_d'Italia		232503
14	Costiera_Amalfitana	Coste_della_Campania		1541064
0	Costiera_amalfitana	Coste_della_Campania|Costiera_Amalfitana		124280
0	Costiera_cilentana	Coste_della_Campania		476823
0	Costiera_sorrentina	Coste_della_Campania|Costiera_sorrentina		3796632
14	Costiera_sorrentina	Coste_della_Campania		3796637
0	Cristian_Agnelli	Calciatori_del_Sorrento_Calcio		1338150
0	Cristian_Biancone	Calciatori_del_Sorrento_Calcio		3900582
0	Cristiano_Camillucci	Calciatori_del_Sorrento_Calcio		4691000
0	Cristiano_Lucarelli	Allenatori_del_F.C._Esperia_Viareggio		96982
0	Daniela_Servillo	Nati_a_Vico_Equense		4765738
0	Daniele_Bresciano	Nati_a_Viareggio		1522807
0	Daniele_Croce	Calciatori_del_Sorrento_Calcio		3569779
0	Daniele_Mannini	Calciatori_del_F.C._Esperia_Viareggio		595320
0	Dante_Lodrini	Calciatori_del_Sorrento_Calcio		4349696
0	Dario_Cavallito	Calciatori_del_F.C._Esperia_Viareggio		3270991
0	Davide_Grassi_(calciatore)	Calciatori_del_Sorrento_Calcio		2747802
0	Davide_Matteini	Calciatori_del_F.C._Esperia_Viareggio		1001122
0	Davide_Sanguinetti	Nati_a_Viareggio		449780
0	Dean_Benedetti	Morti_a_Torre_del_Lago_Puccini		557723
0	Deborah_Bergamini	Nati_a_Viareggio		2527436
0	Delizia_al_limone	Sorrento		1693948
0	Demetrio_del_Monferrato	Morti_ad_Amalfi		890888
0	Denis_D'Onofrio	Calciatori_del_F.C._Esperia_Viareggio		2358291
0	Dino_Gifford	Calciatori_del_F.C._Esperia_Viareggio		2922970
0	Diocesi_di_Massa_Lubrense	Massa_Lubrense		1848705
0	Diocesi_di_Minori	Costiera_Amalfitana		2162487
0	Diocesi_di_Termoli-Larino	Termoli		481120
0	Diocesi_di_Vico_Equense	Vico_Equense		2160074
0	Dionisio_Collavini	Calciatori_del_Sorrento_Calcio		3062491
0	Divier_Nelli	Nati_a_Viareggio		2937424
0	Domenico_Botticella	Calciatori_del_Sorrento_Calcio		3946640
0	Domenico_Casablanca	Morti_a_Vico_Equense		3369382
0	Domenico_Doardo	Calciatori_del_Sorrento_Calcio		1904326
0	Domenico_Fortunato_Savino	Nati_a_Positano		2441859
0	Domenico_Jervolino	Nati_a_Sorrento		305776
0	Domenico_Mennitti	Nati_a_Termoli		530034
0	Dragone_(Campania)	Costiera_Amalfitana		3118620
0	Dragonea	Costiera_Amalfitana|Frazioni_di_Vietri_sul_Mare		1574868
0	Ducato_di_Amalfi	Storia_di_Amalfi		1635419
0	Dune_di_Piscinas	Coste_della_Sardegna		1475349
0	Duomo_di_Amalfi	Chiese_di_Amalfi		894269
0	Duomo_di_Ravello	Chiese_di_Ravello|Costiera_Amalfitana		2416085
0	Eddo_Carlet	Calciatori_del_Sorrento_Calcio		3943620
0	Edificio_condominiale_di_viale_Roma	Architetture_di_Marina_di_Massa		1870931
0	Edmondo_Lorenzini	Calciatori_del_Sorrento_Calcio		2808084
0	Egisto_Malfatti	Morti_a_Viareggio|Nati_a_Viareggio		865907
0	Egiziano_Bertolucci	Calciatori_del_F.C._Esperia_Viareggio|Nati_a_Viareggio		3260263
0	Egnazia	Egnazia		453667
14	Egnazia	Torri_costiere_del_Salento		4548175
0	Elena_Torre	Nati_a_Viareggio		2280684
0	Elio_Letari	Calciatori_del_F.C._Esperia_Viareggio		3510590
0	Emanuele_D'Anna	Calciatori_del_Sorrento_Calcio		1325553
0	Emanuele_Sodini	Calciatori_del_F.C._Esperia_Viareggio|Nati_a_Viareggio		4645253
0	Emmanuele_Milano	Nati_a_Sorrento		3550126
0	Emmerich_Tarabocchia	Calciatori_del_Sorrento_Calcio		868693
0	Enfola	Capi_e_promontori_della_Toscana		4561162
0	Ennio_Pellegrini	Calciatori_del_F.C._Esperia_Viareggio		1636730
0	Enzo_Riccomini	Allenatori_del_F.C._Esperia_Viareggio		2083404
0	Erchie_(Maiori)	Maiori		2876745
0	Ercole_Rabitti	Calciatori_del_F.C._Esperia_Viareggio		1863221
0	Ermanno_Lavorini	Nati_a_Viareggio		740670
0	Ermete_Zacconi	Morti_a_Viareggio		336647
0	Ernesto_Apuzzo	Calciatori_del_Sorrento_Calcio|Nati_a_Pimonte		4327611
0	Ernesto_Mandara	Nati_a_Positano		3620230
0	Ernesto_Terra	Calciatori_del_Sorrento_Calcio		1773334
0	Essad_Bey	Morti_a_Positano		1887386
0	Ettore_Recagni	Allenatori_del_Sorrento_Calcio		1737822
0	Eugenio_Fascetti	Calciatori_del_F.C._Esperia_Viareggio|Nati_a_Viareggio		309710
0	Euro_Galletti	Nati_a_Viareggio		4075475
0	Euro_Riparbelli	Allenatori_del_F.C._Esperia_Viareggio|Calciatori_del_F.C._Esperia_Viareggio|Nati_a_Viareggio		4590670
0	EuropaCinema	Viareggio		1083112
0	Euroyacht_Cantiere_Navale	Viareggio		3613201
14	F.C._Esperia_Viareggio	Sport_a_Viareggio		2461946
0	Fabio_Perini	Perini_Navi		2440542
0	Fanale_dei_Pisani	Torri_costiere_di_Livorno		634488
14	Fari_di_Viareggio	Architetture_di_Viareggio		4480222
0	Faro_della_Diga_Foranea	Fari_di_Viareggio		4475832
0	Faro_di_Lividonia	Torri_costiere_di_Monte_Argentario		4469456
0	Faro_di_San_Venerio	Golfo_della_Spezia		689073
0	Faro_di_Viareggio	Fari_di_Viareggio		4475775
0	Fedele_La_Sorsa	Nati_a_Termoli		2593937
0	Federica_Citarella	Nati_a_Vico_Equense		558449
0	Federico_Giampaolo	Calciatori_del_Sorrento_Calcio		1715102
0	Ferdinand_Guillaume	Morti_a_Viareggio		934312
0	Ferdinando_Rossi	Calciatori_del_F.C._Esperia_Viareggio		3455548
0	Ferdinando_Scarpa	Calciatori_del_Sorrento_Calcio		3960414
0	Ferruccio_Mariani	Calciatori_del_F.C._Esperia_Viareggio		2830344
0	Ferruccio_Pagni	Morti_a_Torre_del_Lago_Puccini		3066085
0	Festival_Puccini	Viareggio		1322549
0	Fiascherino	Spiagge_della_Liguria		4144054
0	Filippo_Cavolini	Nati_a_Vico_Equense		2216880
0	Florian_Myrtaj	Calciatori_del_Sorrento_Calcio		704301
0	Florindo_D'Aimmo	Morti_a_Termoli|Nati_a_Termoli		4156568
0	Football_Club_Esperia_Viareggio	F.C._Esperia_Viareggio		761493
0	Football_Club_Real_Città_di_Vico_Equense	Sport_a_Vico_Equense		2491306
0	Forte_Avvoltojo	Torri_costiere_di_Monte_Argentario		2302367
0	Forte_Falcone	Torri_costiere_di_Portoferraio		2293775
0	Forte_Filippo	Torri_costiere_di_Monte_Argentario		1187525
0	Forte_Focardo	Torri_costiere_della_provincia_di_Livorno		2291999
0	Forte_La_Carnale	Torri_costiere_della_Campania		859045
0	Forte_Longone	Torri_costiere_della_provincia_di_Livorno		2292038
0	Forte_Lorenese	Torri_costiere_della_provincia_di_Lucca		2276397
0	Forte_Michelangelo	Torri_costiere_del_Lazio		2537146
0	Forte_Sant'Ermo	Torri_costiere_di_Monte_Argentario		2303920
0	Forte_Santa_Caterina_(Porto_Ercole)	Torri_costiere_di_Monte_Argentario		1187563
0	Forte_Stella_(Porto_Ercole)	Torri_costiere_di_Monte_Argentario		1181559
0	Forte_Stella_(Portoferraio)	Torri_costiere_di_Portoferraio		2293738
0	Forte_Teglia	Torri_costiere_di_Campo_nell'Elba		2550260
0	Forte_Tre_Natali	Torri_costiere_di_Monte_Argentario		2288170
0	Forte_dei_Marmi	Coste_della_provincia_di_Lucca		1424735
0	Forte_del_Lazzeretto	Torri_costiere_di_Monte_Argentario		2288130
0	Forte_del_Pozzarello	Torri_costiere_di_Monte_Argentario		2286925
0	Forte_della_Scoperta	Torri_costiere_di_Isola_del_Giglio		2290371
0	Forte_delle_Marze	Torri_costiere_di_Grosseto		1187010
0	Forte_delle_Rocchette	Torri_costiere_di_Castiglione_della_Pescaia		1187702
0	Forte_delle_Saline	Torri_costiere_di_Orbetello		494188
0	Forte_di_Macchiatonda	Torri_costiere_di_Capalbio		1826199
0	Forte_di_Marina_di_Bibbona	Torri_costiere_della_provincia_di_Livorno		1920232
0	Forte_di_Marina_di_Castagneto_Carducci	Torri_costiere_della_provincia_di_Livorno		1913253
0	Forte_di_Pian_di_Cocci	Torri_costiere_di_Monte_Argentario		2326112
0	Forte_di_San_Giorgio	Torri_costiere_di_Capraia_Isola		1911545
0	Forte_di_San_Rocco	Torri_costiere_di_Grosseto		1186908
0	Forte_di_Terrarossa	Torri_costiere_di_Monte_Argentario		2326181
0	Forte_di_Vigliena	Torri_costiere_della_Campania		1173500
0	Fortezza_Spagnola	Torri_costiere_di_Monte_Argentario		1187623
0	Fortezza_Vecchia	Torri_costiere_di_Livorno		1190752
0	Fortezza_del_Giove	Torri_costiere_del_Principato_di_Piombino|Torri_costiere_di_Rio_Marina		3813529
0	Fortezza_del_Tocco	Torri_costiere_della_Sicilia		137935
0	Fortezza_del_Volterraio	Torri_costiere_di_Portoferraio		2293825
0	Fortezza_di_Montecristo	Torri_costiere_del_Principato_di_Piombino|Torri_costiere_di_Portoferraio		2290751
0	Fortino_di_Levante	Torri_costiere_della_provincia_di_Lucca		3265815
0	Fortino_di_Ponente	Architetture_di_Viareggio|Torri_costiere_della_provincia_di_Lucca		3265827
0	Fortino_sulla_Foce_di_Viareggio	Torri_costiere_della_provincia_di_Lucca		4152050
0	Fortunato_Loddi	Calciatori_del_Sorrento_Calcio		1661708
0	Francesco_Amodio	Morti_ad_Amalfi|Nati_a_Maiori		2795331
0	Francesco_Barone	Morti_a_Viareggio		475014
0	Francesco_D'Andrea	Nati_a_Ravello		1524072
0	Francesco_Della_Monica	Nati_a_Vietri_sul_Mare		3270354
0	Francesco_Dolce	Nati_a_Viareggio		3376077
0	Francesco_Lenci	Nati_a_Viareggio		290788
0	Francesco_Radio	Calciatori_del_Sorrento_Calcio		3993438
0	Francesco_Romani	Nati_a_Viareggio		1380989
0	Francesco_Saverio_Gargiulo	Nati_a_Sorrento		2180047
0	Francesco_Specchia_(allenatore_di_calcio)	Allenatori_del_Sorrento_Calcio		4603986
0	Francis_Marion_Crawford	Morti_a_Sant'Agnello		28558
0	Francisco_de_Remolins	Vescovi_e_arcivescovi_di_Sorrento-Castellammare_di_Stabia		539049
0	Franco_Andrea_Dal_Pino	Nati_a_Viareggio		2121892
0	Franco_Gabrielli	Nati_a_Viareggio		876563
0	Franco_Parenti_(pianista)	Nati_a_Viareggio		2366429
14	Frazioni_di_Massa_Lubrense	Massa_Lubrense		4403288
14	Frazioni_di_Vico_Equense	Vico_Equense		4403202
14	Frazioni_di_Vietri_sul_Mare	Vietri_sul_Mare		2899196
0	Furore_(Italia)	Costiera_Amalfitana		467449
0	Gaetano_Afeltra	Nati_ad_Amalfi		522385
0	Gaetano_Capone	Morti_a_Maiori|Nati_a_Maiori		1774135
0	Gaetano_De_Pasquali	Morti_a_Viareggio		1463082
0	Gaetano_Filangieri	Morti_a_Vico_Equense		483280
0	Gaetano_Musella	Allenatori_del_Sorrento_Calcio		1788948
0	Gaetano_Salvemini	Morti_a_Sorrento		20150
0	Gargano	Capi_e_promontori_della_Puglia		2794828
0	Generoso_Rossi	Calciatori_del_Sorrento_Calcio		1175770
0	Gennaro_Perrotta	Nati_a_Termoli		1262009
0	Gennaro_Ruotolo	Allenatori_del_Sorrento_Calcio|Calciatori_del_Sorrento_Calcio		320222
0	Gerardo_Chiaromonte	Morti_a_Vico_Equense		232460
0	Gerardo_D'Amico	Nati_a_Vietri_sul_Mare		4206976
0	Geremeas	Coste_della_Sardegna		581060
0	Gerolamo_Landolfi	Nati_ad_Amalfi		4367166
0	Gialma_Bevilacqua	Nati_a_Viareggio		4259492
0	Giampaolo_Piaceri	Calciatori_del_F.C._Esperia_Viareggio		1655403
0	Giampaolo_Simi	Nati_a_Viareggio		1402026
0	Gian_Cesare_Discepoli	Calciatori_del_F.C._Esperia_Viareggio		4814929
0	Giancarlo_Bacci	Calciatori_del_F.C._Esperia_Viareggio		1649435
0	Giancarlo_Bigazzi	Morti_a_Viareggio		771984
0	Giancarlo_Petrangeli	Calciatori_del_F.C._Esperia_Viareggio		3981188
0	Giancarlo_Vitali_(calciatore)	Allenatori_del_Sorrento_Calcio		1547996
0	Gianfranco_Dell'Innocenti	Allenatori_del_F.C._Esperia_Viareggio|Calciatori_del_F.C._Esperia_Viareggio|Morti_a_Viareggio|Nati_a_Viareggio		1573868
0	Gianfranco_Parlato	Nati_a_Vico_Equense		3155113
0	Gianfranco_Russo	Nati_a_Piano_di_Sorrento		1467783
0	Gianluca_Musacci	Nati_a_Viareggio		1711210
0	Gianluca_Nocentini	Calciatori_del_Sorrento_Calcio		3905539
0	Gianluca_Ricci	Calciatori_del_F.C._Esperia_Viareggio		2702229
0	Gianluigi_Savoldi	Calciatori_del_F.C._Esperia_Viareggio		1441914
0	Gianni_Facchinello	Calciatori_del_Sorrento_Calcio		3739795
0	Gianni_Tanello	Calciatori_del_F.C._Esperia_Viareggio		3843321
0	Gilberto_Noletti	Calciatori_del_Sorrento_Calcio		1733357
0	Gilda_Giuliani	Nati_a_Termoli		2629635
0	Gino_Lemmetti	Calciatori_del_F.C._Esperia_Viareggio|Nati_a_Viareggio		4297688
0	Gino_Raffin	Allenatori_del_Sorrento_Calcio		2399291
0	Gioacchino_Lauro	Nati_a_Piano_di_Sorrento		4604974
0	Giordano_Cinquetti	Calciatori_del_Sorrento_Calcio		2663145
0	Giordano_Galli	Calciatori_del_Sorrento_Calcio		3394277
0	Giorgio_Barsanti	Calciatori_del_F.C._Esperia_Viareggio|Nati_a_Viareggio		2700944
0	Giorgio_Da_Mommio	Nati_a_Viareggio		816669
0	Giorgio_Giovannetti	Nati_a_Termoli		4107171
0	Giorgio_La_Vista	Calciatori_del_Sorrento_Calcio		3197634
0	Giorgio_Michelotti	Calciatori_del_F.C._Esperia_Viareggio		1230248
0	Giorgio_Michetti	Nati_a_Viareggio		4453834
0	Giovanna_(cantante)	Nati_a_Viareggio		2648336
0	Giovanna_Civitillo	Nati_a_Vico_Equense		1265043
0	Giovanna_d'Aragona_(1477-1510)	Morti_ad_Amalfi		898991
0	Giovanni_Battista_Della_Porta	Nati_a_Vico_Equense		1447786
0	Giovanni_Beretta_(calciatore)	Calciatori_del_F.C._Esperia_Viareggio		4292634
0	Giovanni_Bucaro	Allenatori_del_Sorrento_Calcio|Calciatori_del_Sorrento_Calcio		3080852
0	Giovanni_Colasante	Calciatori_del_F.C._Esperia_Viareggio		3932057
0	Giovanni_Colzato	Calciatori_del_Sorrento_Calcio		3549526
0	Giovanni_Di_Pillo	Nati_a_Viareggio		568662
0	Giovanni_Ferradini	Calciatori_del_F.C._Esperia_Viareggio		1194733
0	Giovanni_Gregorio	Nati_a_Vietri_sul_Mare		3304899
0	Giovanni_Guerrini	Calciatori_del_F.C._Esperia_Viareggio		1636746
0	Giovanni_Nicotera	Morti_a_Vico_Equense		398272
0	Giovanni_Nuti_(1964)	Nati_a_Viareggio		2647546
0	Giovanni_Pacini	Personalità_legate_a_Viareggio		595034
0	Giovanni_Pavanello	Calciatori_del_F.C._Esperia_Viareggio		4313465
0	Giovanni_Pieraccini	Nati_a_Viareggio		316213
0	Giovanni_Rossi_(dirigente_sportivo)	Calciatori_del_F.C._Esperia_Viareggio		4721376
0	Giovanni_Simonelli_(allenatore)	Allenatori_del_Sorrento_Calcio		3899235
0	Giovanni_Tavoletti	Calciatori_del_F.C._Esperia_Viareggio|Morti_a_Viareggio|Nati_a_Viareggio		2991516
0	Giovanni_Toschi	Calciatori_del_F.C._Esperia_Viareggio		772191
0	Giovanni_Toti	Nati_a_Viareggio		3025085
0	Giovanni_Trulles_de_Myra	Vescovi_e_arcivescovi_di_Sorrento-Castellammare_di_Stabia		3971735
0	Giovanni_Vastola	Calciatori_del_Sorrento_Calcio		2151371
0	Giovanni_Vincenzo_Monforte	Nati_a_Sorrento		4661639
0	Girolamo_Giusso	Morti_a_Vico_Equense		762800
0	Giulio_Cappelli	Calciatori_del_F.C._Esperia_Viareggio		1439136
0	Giulio_Del_Torre	Morti_a_Torre_del_Lago_Puccini		3030895
0	Giuseppe_Argentesi	Calciatori_del_F.C._Esperia_Viareggio		2002037
0	Giuseppe_Biondi	Calciatori_del_F.C._Esperia_Viareggio		3260882
0	Giuseppe_Bruscolotti	Calciatori_del_Sorrento_Calcio		150485
0	Giuseppe_Cammilli	Calciatori_del_F.C._Esperia_Viareggio		4292635
0	Giuseppe_Malerbi	Calciatori_del_F.C._Esperia_Viareggio|Morti_a_Viareggio|Nati_a_Viareggio		4838419
0	Giuseppe_Manarin	Calciatori_del_F.C._Esperia_Viareggio		3277899
0	Giuseppe_Palazzese	Calciatori_del_F.C._Esperia_Viareggio		2897613
0	Giuseppe_Papadopulo	Allenatori_del_Sorrento_Calcio		88629
0	Giuseppe_Papaleoni	Morti_a_Piano_di_Sorrento		1288066
0	Giuseppe_Porrino	Calciatori_del_Sorrento_Calcio		1174993
0	Giuseppe_Pregnolato	Calciatori_del_F.C._Esperia_Viareggio		4004588
0	Giuseppe_Scienza	Allenatori_del_F.C._Esperia_Viareggio		1730339
0	Giuseppe_Tarlao	Morti_a_Viareggio		4349194
14	Golfi_del_Friuli-Venezia_Giulia	Coste_del_Friuli-Venezia_Giulia		2848585
14	Golfi_del_Lazio	Coste_del_Lazio		1991805
14	Golfi_del_Veneto	Coste_del_Veneto		1991830
14	Golfi_della_Basilicata	Coste_della_Basilicata		1991782
14	Golfi_della_Calabria	Coste_della_Calabria		1991773
14	Golfi_della_Campania	Coste_della_Campania		1991787
14	Golfi_della_Liguria	Coste_della_Liguria		1991744
14	Golfi_della_Puglia	Coste_della_Puglia		1991793
14	Golfi_della_Sardegna	Coste_della_Sardegna		1991748
14	Golfi_della_Toscana	Coste_della_Toscana		1991731
14	Golfi_delle_Marche	Coste_delle_Marche		1991814
0	Golfo_Paradiso	Coste_della_Liguria|Golfi_della_Liguria		459183
0	Golfo_degli_Angeli	Golfi_della_Sardegna		600645
0	Golfo_dell'Asinara	Golfi_della_Sardegna		1055064
0	Golfo_della_Spezia	Golfi_della_Liguria|Golfo_della_Spezia		462570
14	Golfo_della_Spezia	Golfi_della_Liguria		1943322
0	Golfo_di_Ancona	Coste_delle_Marche|Golfi_delle_Marche		660755
0	Golfo_di_Bacoli	Golfi_della_Campania		2304830
0	Golfo_di_Baratti	Coste_della_provincia_di_Livorno|Golfi_della_Toscana		425754
0	Golfo_di_Corigliano	Golfi_della_Calabria		642324
0	Golfo_di_Cugnana	Golfi_della_Sardegna		1934177
0	Golfo_di_Follonica	Coste_della_provincia_di_Grosseto|Coste_della_provincia_di_Livorno|Golfi_della_Toscana		1989491
0	Golfo_di_Gaeta	Coste_della_Campania|Golfi_del_Lazio|Golfi_della_Campania		744576
0	Golfo_di_Genova	Coste_della_Liguria|Golfi_della_Liguria		1951030
0	Golfo_di_Gioia_Tauro	Coste_della_provincia_di_Reggio_Calabria|Golfi_della_Calabria		2129293
0	Golfo_di_Manfredonia	Coste_della_Puglia|Golfi_della_Puglia		719984
0	Golfo_di_Marinella	Golfi_della_Sardegna		1441572
0	Golfo_di_Napoli	Coste_della_Campania|Golfi_della_Campania		259535
0	Golfo_di_Olbia	Golfi_della_Sardegna		2647778
0	Golfo_di_Oristano	Golfi_della_Sardegna		1417486
0	Golfo_di_Orosei	Golfi_della_Sardegna		1642618
0	Golfo_di_Policastro	Golfi_della_Basilicata|Golfi_della_Calabria|Golfi_della_Campania		1179656
0	Golfo_di_Pozzuoli	Golfi_della_Campania		2180591
0	Golfo_di_Salerno	Coste_della_Campania|Costiera_Amalfitana|Golfi_della_Campania		220496
0	Golfo_di_Sant'Eufemia	Golfi_della_Calabria		920362
0	Golfo_di_Squillace	Golfi_della_Calabria		1239737
0	Golfo_di_Talamone	Coste_della_provincia_di_Grosseto|Golfi_della_Toscana		1989419
0	Golfo_di_Taranto	Golfi_della_Basilicata|Golfi_della_Calabria|Golfi_della_Puglia		46331
0	Golfo_di_Trieste	Coste_del_Friuli-Venezia_Giulia|Golfi_del_Friuli-Venezia_Giulia		125763
0	Golfo_di_Vasto	Coste_dell'Abruzzo		3061974
0	Golfo_di_Venere	Coste_dell'Abruzzo		3101684
0	Golfo_di_Venezia	Coste_del_Friuli-Venezia_Giulia|Coste_del_Veneto|Golfi_del_Friuli-Venezia_Giulia|Golfi_del_Veneto		2066
0	Gran_Caffè_Margherita	Architetture_di_Viareggio		1849857
0	Gran_teatro_all'aperto	Architetture_di_Viareggio		2010430
0	Graziano_Landoni	Calciatori_del_Sorrento_Calcio		1624039
0	Greta_Adami	Nati_a_Viareggio		3806038
0	Grotta_dello_Smeraldo	Costiera_Amalfitana		1837157
0	Gruppo_Gamma	Golfo_della_Spezia		2643021
0	Guglielmo_Amedeo_Lori	Morti_a_Viareggio		3066077
0	Guido_Frette	Nati_a_Viareggio		3728089
0	Guvano	Cinque_terre|Spiagge_della_Liguria		904876
0	Géza_Kertész	Allenatori_del_F.C._Esperia_Viareggio		1826808
0	Hoara_Borselli	Nati_a_Viareggio		1507780
0	Horacio_Erpen	Calciatori_del_Sorrento_Calcio		1802631
0	Hotel_Fuenti	Vietri_sul_Mare		1327685
0	Hotel_Italia	Architetture_di_Marina_di_Massa		1870941
0	Hotel_Liberty	Architetture_di_Viareggio		1849872
0	Ighli_Vannucchi	Calciatori_del_F.C._Esperia_Viareggio		666731
0	Ignazio_Lucibello	Nati_ad_Amalfi		2398677
0	Il_Crocione	Colline_livornesi		2096319
14	Impianti_sportivi_di_Viareggio	Architetture_di_Viareggio|Sport_a_Viareggio		4636040
0	Inaco_Biancalana	Morti_a_Viareggio|Nati_a_Viareggio		3003047
0	Incidente_ferroviario_di_Viareggio	Viareggio		2445831
0	Inigo_Campioni	Nati_a_Viareggio		652819
0	Ippolito_Ragghianti	Morti_a_Viareggio|Nati_a_Viareggio		3299138
0	Ippolito_Zibibbi	Nati_a_Viareggio		3622907
0	Is_Arenas	Golfi_della_Sardegna		569760
0	Isola_dei_Gabbiani	Coste_della_Sardegna		2075229
0	Isola_del_Tino	Golfo_della_Spezia		375444
0	Jacopo_Cini	Morti_a_Termoli		2145023
0	Jani_Virtanen	Calciatori_del_Sorrento_Calcio		1547019
0	Jimmy_Fialdini	Calciatori_del_Sorrento_Calcio		3196903
0	Josè_Paolinelli	Calciatori_del_F.C._Esperia_Viareggio		2087726
0	Juan_Landolfi	Calciatori_del_F.C._Esperia_Viareggio		2665179
0	József_Ging	Allenatori_del_F.C._Esperia_Viareggio		3125877
0	József_Wereb	Allenatori_del_F.C._Esperia_Viareggio		2742654
0	Kingdom_5KR	Cantieri_Benetti		3156757
0	La_Caletta	Coste_della_Sardegna		1252833
0	Lamberto_Lippi	Calciatori_del_F.C._Esperia_Viareggio|Nati_a_Viareggio		3836581
0	Lanterna_di_Genova	Torri_costiere_della_Liguria		65532
0	Laura_Venittelli	Nati_a_Termoli		4505101
0	Le_Bombarde	Spiagge_della_Sardegna		3104589
0	Le_Castella	Torri_costiere_della_Calabria		1631614
0	Leonardo_Pavoletti	Calciatori_del_F.C._Esperia_Viareggio		4662690
0	Leone_Della_Latta	Allenatori_del_F.C._Esperia_Viareggio|Calciatori_del_F.C._Esperia_Viareggio|Nati_a_Viareggio		4356884
0	Leone_Sbrana	Nati_a_Viareggio		4136910
0	Leopoldo_Fregoli	Morti_a_Viareggio		126815
0	Letizia_Bonini	Morti_a_Viareggio		4849105
0	Li_Galli	Costiera_Amalfitana|Positano		1528590
0	Lido_di_Camaiore	Coste_della_provincia_di_Lucca		369268
0	Limoncello	Costiera_Amalfitana		106730
0	Limone_Costa_d'Amalfi	Amalfi|Costiera_Amalfitana		303471
0	Lino_Mannocci	Nati_a_Viareggio		4136643
0	Liscia_di_Vacca	Coste_della_Sardegna		2718465
0	Litorale_laziale	Coste_del_Lazio		1957242
0	Litorale_pisano	Coste_della_provincia_di_Pisa		448125
0	Livio_Maranzano	Allenatori_del_Sorrento_Calcio		3497519
0	Lorenzo_Viani	Nati_a_Viareggio		628581
0	Luca_Albino	Morti_a_Maiori|Nati_a_Maiori		2574674
0	Luca_Bartolini	Calciatori_del_Sorrento_Calcio		3911618
0	Luca_Birigozzi	Calciatori_del_Sorrento_Calcio		1328120
0	Luca_Chiappino	Allenatori_del_Sorrento_Calcio		2982634
0	Luca_Giannini	Calciatori_del_F.C._Esperia_Viareggio		3114417
0	Luca_Luzardi	Calciatori_del_F.C._Esperia_Viareggio		1748511
0	Luca_Tognozzi	Calciatori_del_Sorrento_Calcio		799601
0	Lucantonio_Porzio	Nati_a_Positano		4655938
0	Luciano_Fusini	Calciatori_del_F.C._Esperia_Viareggio		1821347
0	Luciano_Spalletti	Calciatori_del_F.C._Esperia_Viareggio		245581
0	Lucio_Dell'Angelo	Allenatori_del_F.C._Esperia_Viareggio|Morti_a_Viareggio		1688570
0	Lucio_Mayer	Morti_a_Viareggio		4093373
0	Luigi_Panarelli	Calciatori_del_Sorrento_Calcio		2249048
0	Luigi_Paolillo	Morti_a_Vietri_sul_Mare|Nati_a_Maiori		2321941
0	Luigi_Spadoni	Morti_a_Viareggio		3128736
0	Magazzini_Duilio_48	Architetture_di_Viareggio		1849886
0	Maiori	Maiori		11115
14	Maiori	Costiera_Amalfitana		3983766
0	Mameli_Viani	Calciatori_del_F.C._Esperia_Viareggio|Nati_a_Viareggio		4593202
0	Manarola	Cinque_terre		39095
0	Manfria	Torri_costiere_della_Sicilia		1016788
0	Manlio_Pacini	Calciatori_del_F.C._Esperia_Viareggio		4289299
0	Manrico_Guerrieri	Calciatori_del_F.C._Esperia_Viareggio		3264779
0	Marcello_Agnoletto	Calciatori_del_F.C._Esperia_Viareggio		784443
0	Marcello_Lippi	Calciatori_del_F.C._Esperia_Viareggio|Nati_a_Viareggio		90800
0	Marcello_Taccola	Calciatori_del_F.C._Esperia_Viareggio		1667470
0	Marcello_Tentorio	Allenatori_del_F.C._Esperia_Viareggio		2873700
0	Marco_Calonaci_(1960)	Calciatori_del_F.C._Esperia_Viareggio		3682174
0	Marco_Carrara	Allenatori_del_Sorrento_Calcio		3200034
0	Marco_Columbro	Nati_a_Viareggio		1798433
0	Marco_Landucci	Calciatori_del_F.C._Esperia_Viareggio		1716401
0	Marco_Marcucci	Nati_a_Viareggio|Sindaci_di_Viareggio		300551
0	Marco_Sansovini	Calciatori_del_F.C._Esperia_Viareggio		3763773
0	Margherita_di_Borbone-Parma_(1847-1893)	Morti_a_Viareggio		3216110
0	Maria_Gabriella_in_Baviera	Morti_a_Sorrento		1783318
0	Maria_Guida	Nati_a_Vico_Equense		2185808
0	Maria_Valtorta	Morti_a_Viareggio		637623
0	Mariano_Fernández	Calciatori_del_Sorrento_Calcio		2477650
0	Marina_di_Andrano	Torri_costiere_del_Salento		1362290
0	Marina_di_Carrara	Coste_della_provincia_di_Massa_e_Carrara		1160719
0	Marina_di_Massa	Marina_di_Massa		646921
14	Marina_di_Massa	Coste_della_provincia_di_Massa_e_Carrara		1870893
0	Marina_di_Novaglie	Torri_costiere_del_Salento		1384959
0	Marina_di_Pietrasanta	Coste_della_provincia_di_Lucca		576799
0	Marina_di_Pisa	Coste_della_provincia_di_Pisa		546265
0	Marina_di_San_Gregorio	Torri_costiere_del_Salento		628717
0	Marino_Marini_(scultore)	Morti_a_Viareggio		216394
0	Marino_Sebaste_di_Amalfi	Storia_di_Amalfi		1655567
0	Marino_del_Giudice	Nati_ad_Amalfi		3335423
0	Mario_Buccilli	Calciatori_del_Sorrento_Calcio		3668161
0	Mario_Di_Martino	Nati_a_Viareggio		1730619
0	Mario_Francesconi	Nati_a_Viareggio		2792391
0	Mario_Magnozzi	Allenatori_del_F.C._Esperia_Viareggio		790949
0	Mario_Tobino	Nati_a_Viareggio		533527
0	Mario_Torriani	Calciatori_del_F.C._Esperia_Viareggio		4502944
0	Mario_Vallauri	Nati_a_Viareggio		3871596
0	Maschio_Angioino	Torri_costiere_della_Campania		325628
0	Massa_Lubrense	Massa_Lubrense		31607
14	Massa_Lubrense	Costiera_sorrentina		3525623
0	Massaquano	Frazioni_di_Vico_Equense		3498567
0	Massimiliano_Fiondella	Calciatori_del_F.C._Esperia_Viareggio		1691580
0	Massimo_Baldini_(avvocato)	Nati_a_Viareggio		1370626
0	Massimo_Barbuti	Calciatori_del_F.C._Esperia_Viareggio		839988
0	Massimo_Cherubini	Calciatori_del_Sorrento_Calcio		2948906
0	Massimo_Demartis	Calciatori_del_Sorrento_Calcio		3589189
0	Massimo_Meola	Calciatori_del_Sorrento_Calcio		2929341
0	Massimo_Rastelli	Calciatori_del_Sorrento_Calcio		1186406
0	Mastalo_II_di_Amalfi	Storia_di_Amalfi		3650955
0	Matteo_Camera	Nati_ad_Amalfi		3324704
0	Matteo_Gentili	Nati_a_Viareggio		2576272
0	Matteo_Mandorlini	Calciatori_del_F.C._Esperia_Viareggio		4324040
0	Maurizio_Aiello	Nati_a_Vico_Equense		919605
0	Maurizio_Sarri	Allenatori_del_Sorrento_Calcio		3075076
0	Mauro_Cinquini	Nati_a_Viareggio		3147879
0	Mauro_Della_Martira	Calciatori_del_F.C._Esperia_Viareggio		1755815
0	Mauro_Taccola	Calciatori_del_F.C._Esperia_Viareggio		4816508
14	Meta	Costiera_sorrentina		2872831
0	Meta_(Italia)	Meta		31611
0	Michele_De_Martino	Nati_a_Positano		3987846
0	Michele_Nappi	Calciatori_del_Sorrento_Calcio		1168202
0	Michele_Zappella	Nati_a_Viareggio		3189963
0	Migjen_Basha	Calciatori_del_F.C._Esperia_Viareggio		2469740
0	Milziade_Caprili	Morti_a_Viareggio|Nati_a_Viareggio		419355
0	Minori_(Italia)	Costiera_Amalfitana		1115761
0	Mirko_Antenucci	Nati_a_Termoli		2059548
0	Mirko_Bertolucci	Nati_a_Viareggio		3024092
0	Mirkò	Nati_a_Vietri_sul_Mare		3977815
0	Molina_(Vietri_sul_Mare)	Costiera_Amalfitana|Frazioni_di_Vietri_sul_Mare		1336409
0	Monica_De_Gennaro	Nati_a_Piano_di_Sorrento		2357757
0	Monte_Carvoli	Colline_livornesi		2851812
0	Monte_La_Poggia	Colline_livornesi		1946374
0	Monte_Maggiore_(Italia)	Colline_livornesi		1805344
0	Monte_Nero_(Livorno)	Colline_livornesi		1946475
0	Monte_Pelato	Colline_livornesi		2333364
0	Monte_Rotondo_(Livorno)	Colline_livornesi		1772936
0	Montenero_di_Bisaccia	Coste_del_Molise		30717
0	Monterosso_al_Mare	Cinque_terre		31474
0	Monti_Lattari	Costiera_Amalfitana		652057
0	Monti_dell'Uccellina	Capi_e_promontori_della_Toscana|Coste_della_provincia_di_Grosseto		768637
0	Monumenti_di_Viareggio	Viareggio		1590656
14	Morti_a_Maiori	Maiori		4323777
14	Morti_a_Piano_di_Sorrento	Piano_di_Sorrento		4550995
14	Morti_a_Positano	Positano		4448316
14	Morti_a_Ravello	Ravello		4561425
14	Morti_a_Sant'Agnello	Sant'Agnello		4528145
14	Morti_a_Sorrento	Personalità_legate_a_Sorrento		3974500
14	Morti_a_Termoli	Personalità_legate_a_Termoli		4539046
14	Morti_a_Torre_del_Lago_Puccini	Morti_a_Viareggio		4347822
14	Morti_a_Viareggio	Personalità_legate_a_Viareggio		3972279
14	Morti_a_Vico_Equense	Personalità_legate_a_Vico_Equense		3983600
14	Morti_a_Vietri_sul_Mare	Vietri_sul_Mare		4445521
14	Morti_ad_Amalfi	Personalità_legate_ad_Amalfi		4294121
0	Moses_Levy	Morti_a_Viareggio		1965484
14	Musei_di_Piano_di_Sorrento	Piano_di_Sorrento		4729395
14	Musei_di_Sorrento	Sorrento		4717191
14	Musei_di_Vico_Equense	Vico_Equense		4361534
0	Museo_Correale_di_Terranova	Musei_di_Sorrento		4717189
0	Museo_archeologico_territoriale_della_penisola_sorrentina_Georges_Vallet	Musei_di_Piano_di_Sorrento		4728894
0	Museo_mineralogico_campano	Musei_di_Vico_Equense		4390727
0	Museo_provinciale_della_ceramica	Vietri_sul_Mare		2953142
0	Natale_Faccenda	Calciatori_del_F.C._Esperia_Viareggio		3248595
14	Nati_a_Maiori	Maiori		3983764
14	Nati_a_Piano_di_Sorrento	Piano_di_Sorrento		4550994
14	Nati_a_Pimonte	Pimonte		4479394
14	Nati_a_Positano	Positano		4448315
14	Nati_a_Ravello	Ravello		4561423
14	Nati_a_Sorrento	Personalità_legate_a_Sorrento		3974509
14	Nati_a_Termoli	Personalità_legate_a_Termoli		4049481
14	Nati_a_Torre_del_Lago_Puccini	Nati_a_Viareggio		4347820
14	Nati_a_Viareggio	Personalità_legate_a_Viareggio		3955291
14	Nati_a_Vico_Equense	Personalità_legate_a_Vico_Equense		3983597
14	Nati_a_Vietri_sul_Mare	Vietri_sul_Mare		4445520
14	Nati_ad_Amalfi	Personalità_legate_ad_Amalfi		3983349
0	Nedo_Sonetti	Allenatori_del_F.C._Esperia_Viareggio		526148
0	Negozio_Martini	Architetture_di_Viareggio		1849898
0	Niccola_Clarelli_Parracciani	Morti_a_Vico_Equense		538268
0	Niccolò_d'Acciapaccio	Nati_a_Sorrento		4172688
0	Nicholas_Guidi	Nati_a_Viareggio		3899902
0	Nicola_Beati	Calciatori_del_Sorrento_Calcio		1183727
0	Nicola_D'Alessio_Monte	Allenatori_del_Sorrento_Calcio		4124205
0	Nicola_D'Ottavio	Calciatori_del_F.C._Esperia_Viareggio		2340673
0	Nicola_Luisotti	Nati_a_Viareggio		349486
0	Nicola_Mariniello	Calciatori_del_F.C._Esperia_Viareggio		1801214
0	Nicola_Ravaglia	Calciatori_del_F.C._Esperia_Viareggio		3654208
0	Nicola_Santini	Nati_a_Viareggio		4433558
0	Nicola_Strambelli	Calciatori_del_Sorrento_Calcio		3252969
0	Nicola_Traini	Calciatori_del_Sorrento_Calcio		2546970
0	Nora_Ricci	Nati_a_Viareggio		1319004
0	Olaf_Thorsen	Nati_a_Viareggio		1420234
0	Oreste_Cinquini	Nati_a_Viareggio		1877767
0	Orlando_Biagi	Calciatori_del_F.C._Esperia_Viareggio		3835967
0	Ottavio_Briccola	Morti_a_Viareggio		2324675
0	Ouida	Morti_a_Viareggio		1917985
0	PalaBarsacchi	Impianti_sportivi_di_Viareggio		2040206
0	Palazzo_del_Rivellino	Torri_costiere_della_Calabria		1657711
0	Palazzo_della_Specola	Torri_costiere_di_Campo_nell'Elba		2550318
0	Palmaria	Golfo_della_Spezia		375441
0	Paola_Zancani_Montuoro	Morti_a_Sant'Agnello		3137767
0	Paolo_De_Giovanni	Calciatori_del_Sorrento_Calcio		3549528
0	Paolo_Doni	Calciatori_del_F.C._Esperia_Viareggio		3396663
0	Paolo_Fornaciari	Nati_a_Viareggio		1216324
0	Paolo_Franzoni	Allenatori_del_Sorrento_Calcio|Calciatori_del_Sorrento_Calcio		588289
0	Paolo_Garzelli	Calciatori_del_F.C._Esperia_Viareggio		2970582
0	Paolo_Morelli	Calciatori_del_F.C._Esperia_Viareggio		1971444
0	Paolo_Rosi_(calciatore)	Nati_a_Viareggio		3176356
0	Paolo_Todeschini	Allenatori_del_Sorrento_Calcio		1751162
0	Paolo_Tuttino	Calciatori_del_F.C._Esperia_Viareggio		2463741
0	Paolo_Zanetti	Calciatori_del_Sorrento_Calcio		608740
0	Parco_Croce	Vietri_sul_Mare		4498896
0	Parco_naturale_costiero_di_Rimigliano	Coste_della_provincia_di_Livorno		1635307
0	Parco_naturale_di_Migliarino,_San_Rossore,_Massaciuccoli	Viareggio		389885
0	Parco_naturale_regionale_di_Porto_Venere	Golfo_della_Spezia		724454
0	Parco_nazionale_delle_Cinque_Terre	Cinque_terre		1500910
0	Parco_provinciale_dei_Monti_Livornesi	Colline_livornesi		2079542
0	Parco_regionale_dei_Monti_Lattari	Amalfi|Sorrento		2009262
0	Paride_Del_Pozzo	Nati_a_Pimonte		2912488
0	Pasquale_Atripaldi	Allenatori_del_Sorrento_Calcio|Morti_a_Sorrento|Nati_a_Sorrento		4817591
0	Pasquale_Casale	Calciatori_del_Sorrento_Calcio		1618181
0	Paulo_Sérgio_Betanin	Calciatori_del_Sorrento_Calcio		90149
0	Penisola_flegrea	Coste_della_Campania		917361
0	Penisola_sorrentina	Coste_della_Campania		315045
0	Percy_Bysshe_Shelley	Personalità_legate_a_Viareggio		79322
0	Perini_Navi	Perini_Navi		2572179
14	Perini_Navi	Viareggio		4054383
14	Personalità_legate_a_Sorrento	Sorrento		3974501
14	Personalità_legate_a_Termoli	Termoli		3094331
14	Personalità_legate_a_Viareggio	Viareggio		2114386
14	Personalità_legate_a_Vico_Equense	Vico_Equense		4459630
14	Personalità_legate_ad_Amalfi	Amalfi		4294122
0	Petacciato	Coste_del_Molise		30722
0	Piano_di_Sorrento	Piano_di_Sorrento		463097
14	Piano_di_Sorrento	Costiera_sorrentina		2872882
0	Pier_Giuseppe_Mosti	Allenatori_del_F.C._Esperia_Viareggio		627612
0	Pier_Luigi_Masoni	Calciatori_del_Sorrento_Calcio		3455043
0	Pier_Luigi_Meciani	Allenatori_del_F.C._Esperia_Viareggio		3973545
0	Piergiuseppe_Maritato	Calciatori_del_Sorrento_Calcio		2607260
0	Pierluigi_Collina	Personalità_legate_a_Viareggio		95243
0	Piero_Pampaloni	Calciatori_del_F.C._Esperia_Viareggio		2312594
0	Pierpaolo_Bisoli	Calciatori_del_F.C._Esperia_Viareggio		1689964
0	Pietro_Biagini	Nati_a_Viareggio		3317926
0	Pietro_Ghilarducci	Nati_a_Viareggio		1632480
0	Pietro_Pittofrati	Calciatori_del_F.C._Esperia_Viareggio		3536051
0	Pietro_Santin	Allenatori_del_Sorrento_Calcio		1626059
0	Pietro_Scoppetta	Nati_ad_Amalfi		3003732
0	Pietro_Zappelli	Calciatori_del_F.C._Esperia_Viareggio|Morti_a_Viareggio|Nati_a_Viareggio		4351238
0	Pimonte	Pimonte		31621
14	Pimonte	Costiera_sorrentina		4479395
0	Pineta_Mugoni	Spiagge_della_Sardegna		4050078
0	Plaia	Coste_della_Sicilia		511210
0	Platamona	Spiagge_della_Sardegna		327604
0	Playa_La_Torba	Coste_della_provincia_di_Grosseto		768719
0	Poetto	Spiagge_della_Sardegna		709936
0	Poggio_Corbolone	Colline_livornesi		1943830
0	Poggio_Lecceta	Colline_livornesi		1770442
0	Poggio_San_Leonardo	Capi_e_promontori_della_Toscana|Coste_della_provincia_di_Livorno		1990300
0	Poggio_Talamonaccio	Capi_e_promontori_della_Toscana|Coste_della_provincia_di_Grosseto		1988715
14	Porti_di_Vico_Equense	Trasporti_a_Vico_Equense		4403220
0	Portisco	Coste_della_Sardegna		1419813
0	Porto_Cervo	Coste_della_Sardegna		277475
0	Porto_Conte	Golfi_della_Sardegna		1035614
0	Porto_Ferro	Spiagge_della_Sardegna		3657636
0	Porto_Miggiano	Torri_costiere_del_Salento		1809600
0	Porto_Pino	Coste_della_Sardegna		1291787
0	Porto_Rotondo	Coste_della_Sardegna		580783
0	Porto_della_Spezia	Golfo_della_Spezia		711211
0	Porto_di_Seiano	Porti_di_Vico_Equense		1486607
0	Porto_di_Sorrento	Sorrento		1485165
0	Porto_di_Viareggio	Viareggio		1414502
0	Porto_di_Vico_Equense	Porti_di_Vico_Equense		1486557
0	Positano	Positano		2780233
14	Positano	Costiera_Amalfitana		3525635
0	Praiano	Costiera_Amalfitana		463325
0	Premio_Viareggio	Viareggio		68047
0	Promontorio_dell'Argentario	Capi_e_promontori_della_Toscana|Coste_della_provincia_di_Grosseto		1990732
0	Promontorio_di_Ansedonia	Capi_e_promontori_della_Toscana|Coste_della_provincia_di_Grosseto		1988627
0	Promontorio_di_Capo_Mele	Capi_e_promontori_della_Liguria		2266933
0	Promontorio_di_Piombino	Capi_e_promontori_della_Toscana|Coste_della_provincia_di_Livorno		1987442
0	Promontorio_di_Punta_Ala	Capi_e_promontori_della_Toscana|Coste_della_provincia_di_Grosseto		1988660
0	Punta_Alice	Capi_e_promontori_della_provincia_di_Crotone		1141397
0	Punta_Calamizzi	Capi_e_promontori_della_provincia_di_Reggio_Calabria		419359
0	Punta_Capezzolo	Capi_e_promontori_della_Toscana|Coste_della_provincia_di_Grosseto		2127767
0	Punta_Falcone	Capi_e_promontori_della_Sardegna		2594285
0	Punta_Giglio	Capi_e_promontori_della_Sardegna		1040181
0	Punta_Manara	Capi_e_promontori_della_Liguria		2265864
0	Punta_Palascìa	Capi_e_promontori_della_Puglia		525245
0	Punta_Penna_Grossa	Coste_della_Puglia		1157830
0	Punta_Pezzo	Capi_e_promontori_della_provincia_di_Reggio_Calabria|Coste_della_provincia_di_Reggio_Calabria		1212580
0	Punta_Stilo	Capi_e_promontori_della_provincia_di_Reggio_Calabria|Coste_della_provincia_di_Reggio_Calabria		3682943
0	Quinto_Bertoloni	Allenatori_del_F.C._Esperia_Viareggio		2774722
0	Quinto_Quintieri	Nati_a_Sorrento		1099064
0	Rada_di_Alghero	Golfi_della_Sardegna		1597143
0	Rafael_Bondi	Calciatori_del_Sorrento_Calcio		2037849
0	Raffaele_Lauro	Nati_a_Sorrento		1945155
0	Raffaele_Mirate	Morti_a_Sorrento		4701116
0	Raffaele_Purpo	Nati_a_Sorrento		4306719
0	Raffaello_Melani_(giornalista)	Morti_a_Viareggio		579466
0	Raffaello_Motto	Morti_a_Viareggio|Nati_a_Viareggio		2034198
0	Raito	Costiera_Amalfitana|Frazioni_di_Vietri_sul_Mare		1224977
0	Ravello	Ravello		351294
14	Ravello	Costiera_Amalfitana		3981114
0	Ravello_Festival	Ravello		1895864
0	Reginetta_della_canzone	Viareggio		1214730
0	Renato_Santini	Morti_a_Viareggio|Nati_a_Viareggio		1121561
0	Renato_Tori	Calciatori_del_F.C._Esperia_Viareggio|Morti_a_Viareggio|Nati_a_Viareggio		3227172
0	Renzo_Melani	Allenatori_del_F.C._Esperia_Viareggio		3632665
0	Renzo_Pini	Calciatori_del_F.C._Esperia_Viareggio|Morti_a_Viareggio|Nati_a_Viareggio		3836566
0	Renzo_Rinaldi	Nati_a_Viareggio		3337406
0	Riccardo_Fenili	Nati_a_Viareggio		2677174
0	Rigassificatore_di_Panigaglia	Golfo_della_Spezia		686757
0	Riki_Di_Bin	Allenatori_del_F.C._Esperia_Viareggio		2902511
0	Rino_Lavezzini	Allenatori_del_F.C._Esperia_Viareggio		3387776
0	Riomaggiore	Cinque_terre		31513
0	Rioni_del_Carnevale_di_Viareggio	Viareggio		2961618
0	Riserva_naturale_Duna_Feniglia	Coste_della_provincia_di_Grosseto		551895
0	Riserva_naturale_statale_Torre_Guaceto	Torri_costiere_del_Salento		734809
0	Riva_del_Sole	Coste_della_provincia_di_Grosseto		2604804
0	Riviera	Riviere_d'Italia		496963
0	Riviera_Lucchese	Coste_della_provincia_di_Lucca		1516435
0	Riviera_dei_Fiori	Coste_della_Liguria|Riviere_d'Italia		464931
0	Riviera_del_Beigua	Coste_della_Liguria|Riviere_d'Italia		1965591
0	Riviera_del_Conero	Coste_delle_Marche|Riviere_d'Italia		2977918
0	Riviera_del_Corallo	Coste_della_Sardegna		2080919
0	Riviera_delle_Palme_(Liguria)	Coste_della_Liguria|Riviere_d'Italia		910932
0	Riviera_delle_Palme_(Marche)	Coste_delle_Marche|Riviere_d'Italia		1667597
0	Riviera_di_Levante	Coste_della_Liguria|Riviere_d'Italia		579374
0	Riviera_di_Ponente	Coste_della_Liguria|Riviere_d'Italia		464930
0	Riviera_romagnola	Coste_dell'Emilia-Romagna|Riviere_d'Italia		286491
0	Riviera_spezzina	Riviera_spezzina		1571572
14	Riviera_spezzina	Coste_della_Liguria|Riviere_d'Italia		1943342
14	Riviere_d'Italia	Coste_d'Italia		4140598
0	Roberto_Balestri	Allenatori_del_F.C._Esperia_Viareggio|Calciatori_del_F.C._Esperia_Viareggio		1244267
0	Roberto_Bracco	Morti_a_Sorrento		1203765
0	Roberto_Corti	Calciatori_del_Sorrento_Calcio		2055120
0	Roberto_I_di_Parma	Morti_a_Viareggio		567038
0	Roberto_Leschio	Calciatori_del_Sorrento_Calcio		3594093
0	Roberto_Miggiano	Allenatori_del_F.C._Esperia_Viareggio		1347228
0	Roberto_Montorsi	Calciatori_del_Sorrento_Calcio		3412223
0	Roberto_Pane	Morti_a_Sorrento		1718458
0	Roberto_Pruzzo	Allenatori_del_F.C._Esperia_Viareggio		99912
0	Roberto_Quadalti	Calciatori_del_F.C._Esperia_Viareggio		3959303
0	Roberto_Vichi	Calciatori_del_Sorrento_Calcio		3745128
0	Roca_Vecchia	Torri_costiere_del_Salento		558550
0	Rocca_aldobrandesca_(Porto_Ercole)	Torri_costiere_di_Monte_Argentario		1181609
0	Rocca_aldobrandesca_(Talamone)	Torri_costiere_di_Orbetello		1181678
0	Rocca_di_Populonia	Torri_costiere_di_Piombino		4091964
0	Rocchette	Coste_della_provincia_di_Grosseto		2601949
0	Rocco_Sabato	Calciatori_del_Sorrento_Calcio		554345
0	Rodolfo_Agostini	Calciatori_del_F.C._Esperia_Viareggio|Nati_a_Viareggio		2637932
0	Rodolfo_Brondi	Calciatori_del_F.C._Esperia_Viareggio		4645849
0	Ronaldo_Vanin	Calciatori_del_Sorrento_Calcio		2449422
0	Ronchi_(Massa)	Coste_della_provincia_di_Massa_e_Carrara		2898002
0	Rosa_Russo	Nati_a_Sorrento		4514679
0	Rossano_Giampaglia	Allenatori_del_F.C._Esperia_Viareggio|Calciatori_del_F.C._Esperia_Viareggio		354159
0	Ruggero_Salar	Allenatori_del_F.C._Esperia_Viareggio		2804750
0	Rômulo_Eugênio_Togni	Calciatori_del_Sorrento_Calcio		4332421
0	S'Archittu	Coste_della_Sardegna		804129
0	SPV_Viareggio	Sport_a_Viareggio		4237087
0	Salvatore_Ciampa	Nati_a_Vico_Equense		23581
0	Salvatore_Di_Somma	Allenatori_del_Sorrento_Calcio		384118
0	Salvatore_Garritano	Calciatori_del_Sorrento_Calcio		622746
0	Salvatore_Giorgetti	Calciatori_del_F.C._Esperia_Viareggio|Nati_a_Viareggio		4366589
0	Salve_D'Esposito	Nati_a_Sorrento		2240559
0	Sambuco_(Ravello)	Ravello		4060510
0	San_Foca_(Melendugno)	Torri_costiere_del_Salento		1231011
0	San_Terenzo	Golfo_della_Spezia		326165
0	Sandro_Crispino	Calciatori_del_Sorrento_Calcio		2009738
0	Sandro_Luporini	Cestisti_del_Vela_Viareggio|Nati_a_Viareggio		497176
0	Sant'Agata_sui_Due_Golfi	Frazioni_di_Massa_Lubrense		1165910
14	Sant'Agnello	Costiera_sorrentina		2872884
0	Sant'Agnello	Sant'Agnello		2945847
0	Sant'Isidoro_(Nardò)	Torri_costiere_del_Salento		1364112
0	Santa_Maria_al_Bagno	Torri_costiere_del_Salento		1365570
0	Sante_Crepaldi	Calciatori_del_F.C._Esperia_Viareggio		2948850
0	Santuario_dei_Santi_Cosma_e_Damiano_(Ravello)	Chiese_di_Ravello|Costiera_Amalfitana		1311211
0	Santuario_della_Madonna_del_Carmine_(Sorrento)	Chiese_di_Sorrento		4862217
0	Santuario_di_Maria_Santissima_Avvocata_sopra_Maiori	Chiese_di_Maiori		2420890
0	Santuario_di_Nostra_Signora_di_Soviore	Cinque_terre		1750022
0	Santuario_di_San_Michele_Arcangelo_al_Monte_Faito	Chiese_di_Vico_Equense		3504964
0	Santuario_di_Santa_Maria_del_Toro	Chiese_di_Vico_Equense		3926628
0	Saturo_(località)	Coste_della_Puglia		1321373
0	Scala_(Italia)	Costiera_Amalfitana		29986
0	Scivu	Coste_della_Sardegna		4561733
0	Scogli_Porchetti	Coste_della_provincia_di_Grosseto		2127859
0	Scoglio_Tre_Fratelli	Vico_Equense		4375128
0	Seiano_(Vico_Equense)	Frazioni_di_Vico_Equense		1141187
0	Sella_del_Diavolo	Coste_della_Sardegna		1246057
0	Selvaggio_Morelli	Calciatori_del_F.C._Esperia_Viareggio		3257052
0	Semaforo_dei_Ronconali	Torri_costiere_di_Monte_Argentario		4478643
0	Sentiero_azzurro	Cinque_terre		1079356
0	Sentiero_degli_Dei	Costiera_Amalfitana		1752645
0	Serafino_Beconi	Morti_a_Viareggio|Nati_a_Torre_del_Lago_Puccini		4350736
0	Sergio_Angelini	Calciatori_del_F.C._Esperia_Viareggio		3256857
0	Sergio_Battistini	Allenatori_del_F.C._Esperia_Viareggio		146995
0	Sergio_Castelletti	Allenatori_del_F.C._Esperia_Viareggio		585638
0	Sergio_Lancini	Calciatori_del_F.C._Esperia_Viareggio		3277711
0	Sergio_Novani	Nati_a_Viareggio		4410665
0	Sergio_Pensotti	Calciatori_del_F.C._Esperia_Viareggio		1713144
0	Shaun_Peter_Murphy	Calciatori_del_Sorrento_Calcio		3712051
0	Sil'vestr_Feodosievič_Ščedrin	Morti_a_Sorrento		1427211
0	Sileno_Passalacqua	Calciatori_del_F.C._Esperia_Viareggio		2535375
0	Silvano_Mencacci	Nati_a_Viareggio		1649825
0	Silvano_Raggio_Garibaldi	Calciatori_del_Sorrento_Calcio		1716865
0	Silvano_Vincenzi	Calciatori_del_F.C._Esperia_Viareggio		3365496
0	Silvestro_Palmerini	Morti_a_Viareggio|Nati_a_Viareggio		2990231
0	Silvio_Baldini	Allenatori_del_F.C._Esperia_Viareggio		353411
0	Silvio_Micheli	Morti_a_Viareggio|Nati_a_Viareggio		1392276
0	Silvio_Paolucci	Calciatori_del_F.C._Esperia_Viareggio		2363255
0	Simone_Basso	Calciatori_del_Sorrento_Calcio		3904192
0	Simone_Bonomi	Calciatori_del_Sorrento_Calcio		1849628
0	Simone_Zaza	Calciatori_del_F.C._Esperia_Viareggio		3364241
14	Sindaci_di_Viareggio	Personalità_legate_a_Viareggio		3959556
0	Soggiorno_marino_Olivetti	Architetture_di_Marina_di_Massa		1870957
0	Sonia_Antinori	Nati_a_Viareggio		4829459
0	Sorrento	Sorrento		105306
14	Sorrento	Costiera_sorrentina		2040308
0	Sorrento_Calcio	Sorrento_Calcio		1317448
14	Sorrento_Calcio	Sport_a_Sorrento		2466803
0	Sorrento_Calcio_1947-1948	Stagioni_del_Sorrento_Calcio		4732363
0	Sorrento_Calcio_2011-2012	Stagioni_del_Sorrento_Calcio		4630019
0	Spartaco_Di_Ciolo	Nati_a_Viareggio		2633975
0	Spartaco_Marchi	Morti_a_Viareggio		1492523
0	Spiagge_Bianche	Coste_della_provincia_di_Livorno		2036420
14	Spiagge_del_Lazio	Coste_del_Lazio		2960080
14	Spiagge_della_Liguria	Coste_della_Liguria		4155179
14	Spiagge_della_Sardegna	Coste_della_Sardegna		4339991
0	Spiaggia_del_Maroccone	Colline_livornesi		2482221
0	Spiaggia_della_Lecciona	Coste_della_provincia_di_Lucca|Viareggio		516290
0	Spiaggia_di_Calamosche	Coste_della_Sicilia		1892862
0	Spiaggia_di_Murtas	Spiagge_della_Sardegna		2465762
0	Spiaggia_rosa	Spiagge_della_Sardegna		1671214
14	Sport_a_Sorrento	Sorrento		4580527
14	Sport_a_Termoli	Termoli		4612827
14	Sport_a_Viareggio	Viareggio		2955845
14	Sport_a_Vico_Equense	Vico_Equense		4615292
14	Sport_ad_Amalfi	Amalfi		4615855
0	Sporting_Club_Centro_Giovani_Calciatori_Viareggio	Sport_a_Viareggio		1145015
14	Stabilimenti_balneari_di_Viareggio	Architetture_di_Viareggio		1876422
0	Stabilimento_balneare_Principe_di_Piemonte	Stabilimenti_balneari_di_Viareggio		1849912
0	Stadio_Gino_Cannarsa	Architetture_di_Termoli|Sport_a_Termoli		1331380
0	Stadio_Italia	Architetture_di_Sorrento|Sport_a_Sorrento		1194742
0	Stadio_Torquato_Bresciani	Impianti_sportivi_di_Viareggio		2032630
14	Stagioni_del_Sorrento_Calcio	Sorrento_Calcio		4635689
0	Statistiche_e_record_del_Football_Club_Esperia_Viareggio	F.C._Esperia_Viareggio		4734694
0	Stazione_di_Corniglia	Cinque_terre		1776208
0	Stazione_di_Manarola	Cinque_terre		1775672
0	Stazione_di_Meta	Meta		1316634
0	Stazione_di_Monterosso	Cinque_terre		1394826
0	Stazione_di_Piano_di_Sorrento	Piano_di_Sorrento		1316664
0	Stazione_di_Riomaggiore	Cinque_terre		1775214
0	Stazione_di_Sant'Agnello	Sant'Agnello		1316679
0	Stazione_di_Scrajo_Terme	Stazioni_ferroviarie_di_Vico_Equense		1264815
0	Stazione_di_Seiano	Stazioni_ferroviarie_di_Vico_Equense		1253071
0	Stazione_di_Sorrento	Sorrento		1192645
0	Stazione_di_Termoli	Termoli		1853642
0	Stazione_di_Torre_del_Lago_Puccini	Stazioni_ferroviarie_di_Viareggio		2419416
0	Stazione_di_Viareggio	Stazioni_ferroviarie_di_Viareggio		1463913
0	Stazione_di_Viareggio_Scalo	Stazioni_ferroviarie_di_Viareggio		2056209
0	Stazione_di_Vico_Equense	Stazioni_ferroviarie_di_Vico_Equense		1253051
0	Stazione_meteorologica_di_Amalfi	Amalfi		1674537
0	Stazione_meteorologica_di_Piano_di_Sorrento	Piano_di_Sorrento		1674067
0	Stazione_meteorologica_di_Ravello	Ravello		1674754
0	Stazione_meteorologica_di_Termoli	Termoli		1458942
0	Stazione_meteorologica_di_Viareggio	Viareggio		1657152
14	Stazioni_ferroviarie_di_Viareggio	Viareggio		4457487
14	Stazioni_ferroviarie_di_Vico_Equense	Architetture_di_Vico_Equense|Trasporti_a_Vico_Equense		2872551
0	Stefania_Sandrelli	Nati_a_Viareggio		133574
0	Stefano_Ciucci	Calciatori_del_F.C._Esperia_Viareggio		2262166
0	Stefano_Cuoghi	Allenatori_del_F.C._Esperia_Viareggio		1860875
0	Stefano_Ianni	Nati_a_Vico_Equense		3989102
0	Stefano_Quattrini	Calciatori_del_F.C._Esperia_Viareggio		3683522
0	Storia_di_Amalfi	Costiera_Amalfitana|Storia_di_Amalfi		716837
14	Storia_di_Amalfi	Amalfi		2442873
0	Strada_statale_163_Amalfitana	Costiera_Amalfitana		575660
0	Tavole_amalfitane	Amalfi		3126530
0	Teatro_Politeama_(Viareggio)	Architetture_di_Viareggio		2010529
0	Tellaro_(Lerici)	Golfo_della_Spezia		460757
0	Tempio_delle_Sirene	Massa_Lubrense		3619198
14	Template_di_navigazione_-_Sorrento	Sorrento		4251080
14	Template_di_navigazione_-_Vico_Equense	Vico_Equense		4044981
14	Termoli	Coste_del_Molise		1825380
0	Termoli	Termoli		2412314
0	Tigullio	Coste_della_Liguria|Golfi_della_Liguria		40407
0	Tinetto	Golfo_della_Spezia		375445
0	Tirrenia	Coste_della_provincia_di_Pisa		327695
0	Tombolo_della_Giannella	Coste_della_provincia_di_Grosseto		564348
0	Tommaso_Fanfani	Morti_a_Viareggio		1379949
0	Tor_San_Lorenzo	Torri_costiere_del_Lazio		1617333
0	Tor_di_Caldano	Torri_costiere_del_Lazio		1617038
0	Torca	Frazioni_di_Massa_Lubrense		2814220
14	Torneo_di_Viareggio	Sport_a_Viareggio		2798939
0	Torneo_di_Viareggio_1949	Torneo_di_Viareggio		2788414
0	Torneo_di_Viareggio_1950	Torneo_di_Viareggio		2789707
0	Torneo_di_Viareggio_1951	Torneo_di_Viareggio		2790648
0	Torneo_di_Viareggio_1952	Torneo_di_Viareggio		2239873
0	Torneo_di_Viareggio_1953	Torneo_di_Viareggio		2239863
0	Torneo_di_Viareggio_1954	Torneo_di_Viareggio		2183792
0	Torneo_di_Viareggio_1955	Torneo_di_Viareggio		2183803
0	Torneo_di_Viareggio_1956	Torneo_di_Viareggio		2185036
0	Torneo_di_Viareggio_1957	Torneo_di_Viareggio		2791079
0	Torneo_di_Viareggio_1958	Torneo_di_Viareggio		2791236
0	Torneo_di_Viareggio_1959	Torneo_di_Viareggio		2791877
0	Torneo_di_Viareggio_1960	Torneo_di_Viareggio		2791929
0	Torneo_di_Viareggio_1961	Torneo_di_Viareggio		2791981
0	Torneo_di_Viareggio_1962	Torneo_di_Viareggio		2792222
0	Torneo_di_Viareggio_1963	Torneo_di_Viareggio		2792325
0	Torneo_di_Viareggio_1964	Torneo_di_Viareggio		2792865
0	Torneo_di_Viareggio_1965	Torneo_di_Viareggio		2793533
0	Torneo_di_Viareggio_1966	Torneo_di_Viareggio		2793620
0	Torneo_di_Viareggio_1967	Torneo_di_Viareggio		2793679
0	Torneo_di_Viareggio_1968	Torneo_di_Viareggio		2793721
0	Torneo_di_Viareggio_1969	Torneo_di_Viareggio		2793822
0	Torneo_di_Viareggio_1970	Torneo_di_Viareggio		2799302
0	Torneo_di_Viareggio_1971	Torneo_di_Viareggio		2799338
0	Torneo_di_Viareggio_1972	Torneo_di_Viareggio		2800284
0	Torneo_di_Viareggio_1973	Torneo_di_Viareggio		2800310
0	Torneo_di_Viareggio_1974	Torneo_di_Viareggio		2800372
0	Torneo_di_Viareggio_1975	Torneo_di_Viareggio		2800497
0	Torneo_di_Viareggio_1976	Torneo_di_Viareggio		2801200
0	Torneo_di_Viareggio_1977	Torneo_di_Viareggio		2801268
0	Torneo_di_Viareggio_1978	Torneo_di_Viareggio		2801417
0	Torneo_di_Viareggio_1979	Torneo_di_Viareggio		2804063
0	Torneo_di_Viareggio_1980	Torneo_di_Viareggio		2804195
0	Torneo_di_Viareggio_1981	Torneo_di_Viareggio		2804364
0	Torneo_di_Viareggio_1982	Torneo_di_Viareggio		2805688
0	Torneo_di_Viareggio_1983	Torneo_di_Viareggio		2805744
0	Torneo_di_Viareggio_1984	Torneo_di_Viareggio		2958318
0	Torneo_di_Viareggio_1985	Torneo_di_Viareggio		2958374
0	Torneo_di_Viareggio_1986	Torneo_di_Viareggio		3165574
0	Torneo_di_Viareggio_1987	Torneo_di_Viareggio		3165595
0	Torneo_di_Viareggio_1988	Torneo_di_Viareggio		3165659
0	Torneo_di_Viareggio_1989	Torneo_di_Viareggio		3384027
0	Torneo_di_Viareggio_1990	Torneo_di_Viareggio		3948183
0	Torneo_di_Viareggio_1991	Torneo_di_Viareggio		3947474
0	Torneo_di_Viareggio_1992	Torneo_di_Viareggio		3448410
0	Torneo_di_Viareggio_1993	Torneo_di_Viareggio		3946392
0	Torneo_di_Viareggio_1994	Torneo_di_Viareggio		3945855
0	Torneo_di_Viareggio_1995	Torneo_di_Viareggio		3945007
0	Torneo_di_Viareggio_1996	Torneo_di_Viareggio		3943960
0	Torneo_di_Viareggio_1997	Torneo_di_Viareggio		3942709
0	Torneo_di_Viareggio_1998	Torneo_di_Viareggio		3942121
0	Torneo_di_Viareggio_1999	Torneo_di_Viareggio		3385625
0	Torneo_di_Viareggio_2000	Torneo_di_Viareggio		3936817
0	Torneo_di_Viareggio_2001	Torneo_di_Viareggio		3933090
0	Torneo_di_Viareggio_2002	Torneo_di_Viareggio		3573157
0	Torneo_di_Viareggio_2003	Torneo_di_Viareggio		3921689
0	Torneo_di_Viareggio_2004	Torneo_di_Viareggio		3917041
0	Torneo_di_Viareggio_2005	Torneo_di_Viareggio		3895367
0	Torneo_di_Viareggio_2006	Torneo_di_Viareggio		3369272
0	Torneo_di_Viareggio_2007	Torneo_di_Viareggio		3169828
0	Torneo_di_Viareggio_2008	Torneo_di_Viareggio		1586906
0	Torneo_di_Viareggio_2009	Torneo_di_Viareggio		2166598
0	Torneo_di_Viareggio_2010	Torneo_di_Viareggio		2724335
0	Torneo_di_Viareggio_2011	Torneo_di_Viareggio		3320636
0	Torneo_di_Viareggio_2012	Torneo_di_Viareggio		3791724
0	Torneo_di_Viareggio_2013	Torneo_di_Viareggio		4357037
0	Torneo_di_Viareggio_2014	Torneo_di_Viareggio		4832130
0	Torquato_Tasso	Nati_a_Sorrento		710598
0	Torre_Alba	Torri_costiere_della_Sicilia		2780418
0	Torre_Antica	Torri_costiere_di_Monte_Argentario		2288080
0	Torre_Apprezzami_l'Asino	Torri_costiere_della_Basilicata		2240277
0	Torre_Astura	Torri_costiere_del_Lazio		326847
0	Torre_Badisco	Torri_costiere_del_Salento		2028873
0	Torre_Bennistra	Torri_costiere_della_Sicilia		2718417
0	Torre_Borraco	Torri_di_Manduria		1322515
0	Torre_Burraco	Torri_costiere_del_Salento		1692967
0	Torre_Cabrera	Torri_costiere_della_Sicilia		1798146
0	Torre_Cabrera_(Marina_di_Ragusa)	Torri_costiere_della_Sicilia		2303170
0	Torre_Caina	Torri_costiere_della_Basilicata		2240242
0	Torre_Calarossa	Torri_costiere_del_Gargano|Torri_costiere_della_Puglia		1897813
0	Torre_Canne	Torri_costiere_del_Salento		2929795
0	Torre_Capo_Lupo	Torri_costiere_del_Salento		2028981
0	Torre_Caprioli	Torri_costiere_della_Campania		2045951
0	Torre_Castelluccia	Torri_costiere_del_Salento		2736835
0	Torre_Cavallo	Torri_costiere_della_Calabria		1061264
0	Torre_Cervia	Torri_costiere_del_Lazio		2118000
0	Torre_Cesarea	Torri_costiere_del_Salento		1230977
0	Torre_Chianca_(Lecce)	Torri_costiere_del_Salento		1394279
0	Torre_Chiaruccia	Torri_costiere_del_Lazio		2853371
0	Torre_Ciana	Torri_costiere_di_Monte_Argentario		1189965
0	Torre_Civette	Torri_costiere_del_Principato_di_Piombino|Torri_costiere_di_Scarlino		1184843
0	Torre_Colimena	Torri_di_Manduria		1876354
0	Torre_Diso	Torri_costiere_del_Salento		2028943
0	Torre_Fico	Torri_costiere_del_Lazio		1622129
0	Torre_Fiumicelli	Torri_costiere_del_Salento		2028892
0	Torre_Flavia	Torri_costiere_del_Lazio		1588933
0	Torre_Fortore	Torri_costiere_del_Gargano		2724257
0	Torre_Gattarella	Torri_costiere_del_Gargano|Torri_costiere_della_Puglia		2736108
0	Torre_Hidalgo	Torri_costiere_del_Principato_di_Piombino|Torri_costiere_di_Castiglione_della_Pescaia		1184184
0	Torre_Inserraglio	Torri_costiere_del_Salento		919391
0	Torre_Lapillo	Torri_costiere_del_Salento		1339760
0	Torre_Leon_Pancaldo	Torri_costiere_della_Liguria		2993467
0	Torre_Maltarchiata	Torri_costiere_di_Livorno		2159059
0	Torre_Marchiello	Torri_costiere_del_Salento		2689174
0	Torre_Marmora	Torri_costiere_della_Sicilia		3988756
0	Torre_Matilde	Architetture_di_Viareggio|Torri_costiere_della_provincia_di_Lucca		2230395
0	Torre_Mattoni	Torri_costiere_del_Salento		3848859
0	Torre_Mileto	Torri_costiere_del_Gargano		1638272
6	Torre_Mileto_e_Isole_Tremiti.JPG	Torri_costiere_del_Gargano|Torri_costiere_della_Puglia		1765067
0	Torre_Minervino	Torri_costiere_del_Salento		2026869
0	Torre_Moline	Torri_costiere_del_Salento		2545439
0	Torre_Moresca	Torri_costiere_del_Lazio		1622113
0	Torre_Mozza_(Piombino)	Torri_costiere_di_Piombino		2639970
0	Torre_Mozza_(Ugento)	Torri_costiere_del_Salento		1366463
0	Torre_Mulinazzo	Torri_costiere_della_Sicilia		2718328
0	Torre_Muzza	Torri_costiere_della_Sicilia		2780400
0	Torre_Nasparo	Torri_costiere_del_Salento		1230973
0	Torre_Nuova_(Gorgona)	Torri_costiere_di_Livorno		2290691
0	Torre_Nuova_(Piombino)	Torri_costiere_di_Piombino		2295190
0	Torre_Olevola	Torri_costiere_del_Lazio		2120892
0	Torre_Pagana	Torri_costiere_della_Liguria		3923034
0	Torre_Palane	Torri_costiere_del_Salento		1390587
0	Torre_Palascìa	Torri_costiere_del_Salento		2027359
0	Torre_Pali	Torri_costiere_del_Salento		1388427
0	Torre_Paola	Torri_costiere_del_Lazio		1540874
0	Torre_Porto_Greco	Torri_costiere_del_Gargano		2735422
0	Torre_Pozzillo	Torri_costiere_della_Sicilia		2729552
0	Torre_Rinalda	Torri_costiere_del_Salento		1394266
0	Torre_Sabea	Torri_costiere_del_Salento		2712773
0	Torre_San_Felice	Torri_costiere_del_Gargano		3326790
0	Torre_San_Giovanni	Torri_costiere_del_Salento		1381766
0	Torre_San_Giovanni_la_Pedata	Torri_costiere_del_Salento		2711990
0	Torre_San_Pietro_in_Bevagna	Torri_di_Manduria		1692972
0	Torre_Sant'Andrea	Torri_costiere_del_Salento		812702
0	Torre_Sant'Antonio	Torri_costiere_della_Calabria		1197764
0	Torre_Sant'Elia	Torri_costiere_della_Sicilia		1959841
0	Torre_Sant'Emiliano	Torri_costiere_del_Salento		2028862
0	Torre_Santa_Caterina	Torri_costiere_del_Salento		2323955
0	Torre_Santa_Cesarea	Torri_costiere_del_Salento		2029154
0	Torre_Santa_Sabina	Torri_costiere_del_Salento		874951
0	Torre_Santavenere	Torri_costiere_della_Basilicata		2240262
0	Torre_Santo_Stefano	Torri_costiere_del_Salento		2027442
0	Torre_Saracena_(Mattinata)	Torri_costiere_del_Gargano		2731781
0	Torre_Saracena_(Palmi)	Torri_costiere_della_Calabria		4267719
0	Torre_Scalambri	Torri_costiere_della_Sicilia		2351342
0	Torre_Scampamorte	Torri_costiere_del_Gargano|Torri_costiere_della_Puglia		1755433
0	Torre_Scola	Torri_costiere_della_Liguria		3712033
0	Torre_Specchia	Torri_costiere_del_Salento		1230994
0	Torre_Specchia_Grande	Torri_costiere_del_Salento		2717315
0	Torre_Specchia_di_Guardia	Torri_costiere_del_Salento		2029100
0	Torre_Specchiolla	Torri_costiere_del_Salento		1394288
0	Torre_Squillace	Torri_costiere_del_Salento		2842691
0	Torre_Suda	Torri_costiere_del_Salento		282900
0	Torre_Talao	Torri_costiere_della_Calabria		1941355
0	Torre_Testa	Torri_costiere_della_Capitanata|Torri_costiere_della_Puglia		3326775
0	Torre_Tornola	Torri_costiere_del_Molise		1888964
0	Torre_Uluzzo	Torri_costiere_del_Salento		2841198
0	Torre_Vado	Torri_costiere_del_Salento		1386736
0	Torre_Vecchia_(Gorgona)	Torri_costiere_di_Livorno		2290665
0	Torre_Vecchia_(San_Vincenzo)	Torri_costiere_di_San_Vincenzo		2295171
0	Torre_Veneri	Torri_costiere_del_Salento		2496969
0	Torre_Vigliena	Torri_costiere_della_Sicilia		2305098
0	Torre_Zozzoli	Torri_costiere_del_Salento		2633249
0	Torre_degli_Appiani_(Marciana_Marina)	Torri_costiere_del_Principato_di_Piombino|Torri_costiere_della_provincia_di_Livorno		2293647
0	Torre_degli_Appiani_(Punta_Ala)	Torri_costiere_del_Principato_di_Piombino|Torri_costiere_di_Castiglione_della_Pescaia		1184883
0	Torre_dei_Crivi	Torri_costiere_della_Basilicata		2240251
0	Torre_dei_Preposti	Torri_costiere_del_Gargano|Torri_costiere_della_Puglia		2725062
0	Torre_del_Calvello	Torri_costiere_di_Monte_Argentario		2286065
0	Torre_del_Campese	Torri_costiere_di_Isola_del_Giglio		1184601
0	Torre_del_Coltellazzo	Torri_costiere_della_provincia_di_Cagliari		1633373
0	Torre_del_Falcone	Torri_costiere_della_provincia_di_Sassari		3926381
0	Torre_del_Gallo_(Portoferraio)	Torri_costiere_di_Portoferraio		4470350
0	Torre_del_Lago_Puccini	Coste_della_provincia_di_Lucca|Viareggio		112591
0	Torre_del_Lazzaretto	Torri_costiere_di_Isola_del_Giglio		1191284
0	Torre_del_Magnale	Torri_costiere_di_Livorno		1159948
0	Torre_del_Marzocco	Torri_costiere_di_Livorno		1303870
0	Torre_del_Meridiano	Torri_costiere_del_Molise		1888859
0	Torre_del_Mulinaccio	Torri_costiere_di_Monte_Argentario		2286202
0	Torre_del_Pagatore	Torri_costiere_di_Monte_Argentario		2287967
0	Torre_del_Pertuso	Torri_costiere_di_Monte_Argentario		2288037
0	Torre_del_Pizzo	Torri_costiere_del_Salento		1548942
0	Torre_del_Poetto	Torri_costiere_di_Cagliari		1622136
0	Torre_del_Porticciolo	Torri_costiere_di_Alghero		288850
0	Torre_del_Porto	Torri_costiere_di_Capraia_Isola		1911510
0	Torre_del_Porto_di_Tricase	Torri_costiere_del_Salento		2718421
0	Torre_del_Prezzemolo	Torri_costiere_di_Cagliari		1630054
0	Torre_del_Ricco	Torri_costiere_del_Salento		2718406
0	Torre_del_Romito	Colline_livornesi		1749578
0	Torre_del_Sale	Torri_costiere_del_Principato_di_Piombino|Torri_costiere_di_Piombino		2323288
0	Torre_del_Salinello	Torri_costiere_dell'Abruzzo_Ulteriore		1935729
0	Torre_del_Saraceno	Torri_costiere_di_Isola_del_Giglio		1184643
0	Torre_del_Sasso	Torri_costiere_del_Salento		2038569
0	Torre_del_Segnale	Torri_costiere_del_Gargano|Torri_costiere_della_Puglia		2732854
0	Torre_del_Serpe	Torri_costiere_del_Salento		1693272
0	Torre_del_Sinarca	Torri_costiere_del_Molise		1888902
0	Torre_del_Telegrafo_(Ascea)	Torri_costiere_della_Campania		4814980
0	Torre_del_Trigno	Torri_costiere_dell'Abruzzo		2763299
0	Torre_del_caricatore	Torri_costiere_della_Sicilia		1337177
0	Torre_dell'Acqua	Torri_costiere_di_Monte_Argentario		2286129
0	Torre_dell'Alto	Torri_costiere_del_Salento		2841115
0	Torre_dell'Alto_Lido	Torri_costiere_del_Salento		2712835
0	Torre_dell'Argentiera	Torri_costiere_di_Monte_Argentario		1189517
0	Torre_dell'Arma	Torri_costiere_della_Liguria		4687931
0	Torre_dell'Avvoltore	Torri_costiere_di_Monte_Argentario		1189867
0	Torre_dell'Omomorto	Torri_costiere_del_Salento		1230419
0	Torre_dell'Orso	Torri_costiere_del_Salento		288521
0	Torre_dell'Orte	Torri_costiere_del_Salento		2028798
0	Torre_dell'Ovo	Torri_costiere_del_Salento		2545467
0	Torre_dell'Uccellina	Torri_costiere_di_Grosseto		1186847
0	Torre_della_Cacciarella	Torri_costiere_di_Monte_Argentario		2285803
0	Torre_della_Linguella	Torri_costiere_di_Portoferraio		2293685
0	Torre_della_Maddalena	Torri_costiere_di_Monte_Argentario		1190066
0	Torre_della_Meloria	Torri_costiere_di_Livorno		1444480
0	Torre_della_Pegna	Torri_costiere_di_Alghero		3267057
0	Torre_della_Pelosa	Torri_costiere_della_provincia_di_Sassari		3931930
0	Torre_della_Peschiera_di_Nassa	Torri_costiere_di_Monte_Argentario		2286005
0	Torre_della_Quarta_Regia	Torri_costiere_di_Cagliari		4825436
0	Torre_della_Tagliata	Torri_costiere_di_Orbetello		1183520
0	Torre_della_Tonnara_dell'Ursa	Torri_costiere_della_Sicilia		2932834
0	Torre_della_Trappola	Torri_costiere_di_Grosseto		1166958
0	Torre_della_Vibrata	Torri_costiere_dell'Abruzzo_Ulteriore		1951973
0	Torre_della_tonnara_di_Cofano	Torri_costiere_della_Sicilia		4547820
0	Torre_delle_Barbici	Torri_costiere_di_Capraia_Isola		1911534
0	Torre_delle_Cannelle_(Monte_Argentario)	Torri_costiere_di_Monte_Argentario		1190031
0	Torre_delle_Cannelle_(Talamone)	Torri_costiere_di_Orbetello		1805979
0	Torre_delle_Moline	Torri_costiere_del_Salento		1233736
0	Torre_delle_Saline_(Manduria)	Torri_di_Manduria		2554554
0	Torre_delle_Saline_(Stintino)	Torri_costiere_della_provincia_di_Sassari		4102386
0	Torre_dello_Zenobito	Torri_costiere_di_Capraia_Isola		1911528
0	Torre_di_Abbacurrente	Torri_costiere_della_provincia_di_Sassari		4670397
0	Torre_di_Acquafredda	Torri_costiere_della_Basilicata		2240269
0	Torre_di_Baratti	Torri_costiere_del_Principato_di_Piombino|Torri_costiere_di_Piombino		2291981
0	Torre_di_Barì	Torri_costiere_della_provincia_dell'Ogliastra		1848000
0	Torre_di_Bassano	Costiera_Amalfitana|Vietri_sul_Mare		1620790
0	Torre_di_Bastia	Torri_costiere_della_Calabria		1662045
0	Torre_di_Buranaccio	Torri_costiere_di_Capalbio		1183488
0	Torre_di_Cala_Caterina	Torri_costiere_della_provincia_di_Cagliari		2298446
0	Torre_di_Cala_Galera	Torri_costiere_di_Castiglione_della_Pescaia		1187730
0	Torre_di_Cala_Grande	Torri_costiere_di_Monte_Argentario		1806086
0	Torre_di_Cala_Moresca	Torri_costiere_di_Monte_Argentario		1189540
0	Torre_di_Cala_Piccola	Torri_costiere_di_Monte_Argentario		1190093
0	Torre_di_Cala_Regina	Torri_costiere_della_provincia_di_Cagliari		4828213
0	Torre_di_Cala_d'Ostia	Torri_costiere_della_provincia_di_Cagliari		4829562
0	Torre_di_Cala_di_Forno	Torri_costiere_di_Magliano_in_Toscana		1184810
0	Torre_di_Calafuria	Torri_costiere_di_Livorno		1532062
0	Torre_di_Calamosca	Torri_costiere_di_Cagliari		1386299
0	Torre_di_Capo_Rama	Torri_costiere_della_Sicilia		2943966
0	Torre_di_Capo_d'Uomo_(Monte_Argentario)	Torri_costiere_di_Monte_Argentario		1189434
0	Torre_di_Capo_d'Uomo_(Talamone)	Torri_costiere_di_Orbetello		1189395
0	Torre_di_Capodiferro	Torri_costiere_della_Campania		3183642
0	Torre_di_Carcangiolas	Torri_costiere_della_provincia_di_Cagliari		1622901
0	Torre_di_Castel_Marino	Torri_costiere_di_Grosseto		1159988
0	Torre_di_Castiglioncello	Torri_costiere_di_Rosignano_Marittimo		1906633
0	Torre_di_Cerrano	Torri_costiere_dell'Abruzzo_Ulteriore		1923411
0	Torre_di_Chia	Torri_costiere_di_Cagliari		4826852
0	Torre_di_Collelungo	Torri_costiere_di_Grosseto		1159929
0	Torre_di_Filocaio	Torri_costiere_della_Basilicata		2240247
0	Torre_di_Ligny	Torri_costiere_della_Sicilia		3526508
0	Torre_di_Lividonia	Torri_costiere_di_Monte_Argentario		1189474
0	Torre_di_Marina_di_Campo	Torri_costiere_di_Campo_nell'Elba		2292076
0	Torre_di_Martinsicuro	Torri_costiere_dell'Abruzzo_Ulteriore		1969701
0	Torre_di_Mezza_Spiaggia	Torri_costiere_di_Cagliari		1622823
0	Torre_di_Mezzo	Torri_costiere_della_Sicilia		2375955
0	Torre_di_Monte_Barone	Torri_costiere_della_Capitanata|Torri_costiere_della_Puglia		3326690
0	Torre_di_Monte_Saracino	Torri_costiere_della_Capitanata|Torri_costiere_della_Puglia		3326609
0	Torre_di_Nao	Torri_costiere_della_Calabria		3166497
0	Torre_di_Palidoro	Torri_costiere_del_Lazio		1617045
0	Torre_di_Petacciato	Torri_costiere_del_Molise		1888933
0	Torre_di_Poggio_Natalino	Torri_costiere_di_Monte_Argentario		2325899
0	Torre_di_Poggio_Raso	Torri_costiere_di_Orbetello		1793487
0	Torre_di_Porto_Giunco	Torri_costiere_della_provincia_di_Cagliari		1668138
0	Torre_di_Porto_Palo	Torri_costiere_della_Sicilia		3577627
0	Torre_di_Portonuovo	Torri_costiere_del_Gargano|Torri_costiere_della_Puglia		2737151
0	Torre_di_Pugnochiuso	Torri_costiere_della_Capitanata|Torri_costiere_della_Puglia		3326716
0	Torre_di_Punta_Penna	Torri_costiere_dell'Abruzzo		4802520
0	Torre_di_Punta_Telegrafo	Torri_costiere_di_Monte_Argentario		2287314
0	Torre_di_Rivoli	Torri_costiere_del_Gargano|Torri_costiere_della_Puglia		3326597
0	Torre_di_San_Biagio_(Ansedonia)	Torri_costiere_di_Orbetello		1191174
0	Torre_di_San_Francesco	Torri_costiere_della_Calabria		4502359
0	Torre_di_San_Gemiliano	Torri_costiere_della_provincia_dell'Ogliastra		1848750
0	Torre_di_San_Giovanni	Torri_costiere_del_Principato_di_Piombino|Torri_costiere_di_Campo_nell'Elba		2246738
0	Torre_di_San_Pancrazio_(Ansedonia)	Torri_costiere_di_Orbetello		1191149
0	Torre_di_San_Vincenzo	Torri_costiere_di_San_Vincenzo		2295155
0	Torre_di_Sant'Elia	Torri_costiere_di_Cagliari		1621984
0	Torre_di_Santa_Liberata	Torri_costiere_di_Monte_Argentario		2285844
0	Torre_di_Santa_Maria_(Ustica)	Torri_costiere_della_Sicilia		2790091
0	Torre_di_Selva_Nera	Torri_costiere_di_Capalbio		1826270
0	Torre_di_Talamonaccio	Torri_costiere_di_Orbetello		1191226
0	Torre_di_Vada	Torri_costiere_di_Rosignano_Marittimo		1907111
0	Torre_di_Vignola	Torri_costiere_della_provincia_di_Sassari		3948569
0	Torretta_del_Bagno	Torri_costiere_di_Capraia_Isola		1911525
0	Torri_costiere_d'Abruzzo	Torri_costiere_dell'Abruzzo		1965329
14	Torri_costiere_del_Friuli-Venezia_Giulia	Coste_del_Friuli-Venezia_Giulia		2848781
14	Torri_costiere_del_Gargano	Torri_costiere_della_Puglia		2724325
14	Torri_costiere_del_Lazio	Coste_del_Lazio		1611369
0	Torri_costiere_del_Lazio	Torri_costiere_del_Lazio		1616825
14	Torri_costiere_del_Molise	Coste_del_Molise		1888921
0	Torri_costiere_del_Molise	Torri_costiere_del_Molise		1897336
14	Torri_costiere_del_Principato_di_Piombino	Torri_costiere_della_provincia_di_Grosseto|Torri_costiere_della_provincia_di_Livorno		1793811
0	Torri_costiere_del_Principato_di_Piombino	Torri_costiere_del_Principato_di_Piombino		2290978
0	Torri_costiere_del_Salento	Torri_costiere_del_Salento		1230399
14	Torri_costiere_del_Salento	Torri_costiere_della_Puglia		1611319
14	Torri_costiere_dell'Abruzzo	Coste_dell'Abruzzo		1928725
14	Torri_costiere_dell'Abruzzo_Ulteriore	Torri_costiere_dell'Abruzzo		1969720
14	Torri_costiere_della_Basilicata	Coste_della_Basilicata		1611376
14	Torri_costiere_della_Calabria	Coste_della_Calabria		1611353
14	Torri_costiere_della_Campania	Coste_della_Campania		1618387
14	Torri_costiere_della_Capitanata	Torri_costiere_della_Puglia		3326809
14	Torri_costiere_della_Liguria	Coste_della_Liguria		1611352
14	Torri_costiere_della_Puglia	Coste_della_Puglia		1612818
14	Torri_costiere_della_Sardegna	Coste_della_Sardegna		1617354
0	Torri_costiere_della_Sardegna	Torri_costiere_della_Sardegna		1618799
14	Torri_costiere_della_Sicilia	Coste_della_Sicilia		1611358
0	Torri_costiere_della_Sicilia	Torri_costiere_della_Sicilia		1930531
14	Torri_costiere_della_Toscana	Coste_della_Toscana		1612806
14	Torri_costiere_della_provincia_dell'Ogliastra	Torri_costiere_della_Sardegna		1848004
14	Torri_costiere_della_provincia_di_Cagliari	Torri_costiere_della_Sardegna		1622017
0	Torri_costiere_della_provincia_di_Grosseto	Torri_costiere_della_provincia_di_Grosseto		1175584
14	Torri_costiere_della_provincia_di_Grosseto	Coste_della_provincia_di_Grosseto|Torri_costiere_della_Toscana		1175588
0	Torri_costiere_della_provincia_di_Livorno	Torri_costiere_della_provincia_di_Livorno		1185035
14	Torri_costiere_della_provincia_di_Livorno	Coste_della_provincia_di_Livorno|Torri_costiere_della_Toscana		1185038
14	Torri_costiere_della_provincia_di_Lucca	Coste_della_provincia_di_Lucca|Torri_costiere_della_Toscana		4436254
14	Torri_costiere_della_provincia_di_Sassari	Torri_costiere_della_Sardegna		1622699
14	Torri_costiere_di_Alghero	Torri_costiere_della_provincia_di_Sassari		1622697
14	Torri_costiere_di_Cagliari	Torri_costiere_della_provincia_di_Cagliari		1622024
14	Torri_costiere_di_Campo_nell'Elba	Torri_costiere_della_provincia_di_Livorno		2295457
14	Torri_costiere_di_Capalbio	Torri_costiere_della_provincia_di_Grosseto		1802952
14	Torri_costiere_di_Capraia_Isola	Torri_costiere_della_provincia_di_Livorno		2295402
14	Torri_costiere_di_Castiglione_della_Pescaia	Torri_costiere_della_provincia_di_Grosseto		1802965
14	Torri_costiere_di_Grosseto	Torri_costiere_della_provincia_di_Grosseto		1802958
14	Torri_costiere_di_Isola_del_Giglio	Torri_costiere_della_provincia_di_Grosseto		1802956
14	Torri_costiere_di_Livorno	Torri_costiere_della_provincia_di_Livorno		2295432
14	Torri_costiere_di_Magliano_in_Toscana	Torri_costiere_della_provincia_di_Grosseto		1802951
14	Torri_costiere_di_Monte_Argentario	Torri_costiere_della_provincia_di_Grosseto		1802971
14	Torri_costiere_di_Orbetello	Torri_costiere_della_provincia_di_Grosseto		1802939
14	Torri_costiere_di_Piombino	Torri_costiere_della_provincia_di_Livorno		2295379
14	Torri_costiere_di_Portoferraio	Torri_costiere_della_provincia_di_Livorno		2295390
14	Torri_costiere_di_Rio_Marina	Torri_costiere_della_provincia_di_Livorno		4463798
14	Torri_costiere_di_Rosignano_Marittimo	Torri_costiere_della_provincia_di_Livorno		2295418
14	Torri_costiere_di_San_Vincenzo	Torri_costiere_della_provincia_di_Livorno		2295196
14	Torri_costiere_di_Scarlino	Torri_costiere_della_provincia_di_Grosseto		1802950
14	Torri_di_Manduria	Torri_costiere_del_Salento		3988453
0	Tramonti	Costiera_Amalfitana		29999
0	Tranvia_litoranea_di_Viareggio	Viareggio		4589225
14	Trasporti_a_Vico_Equense	Vico_Equense		4403215
0	Tratti_costieri_d'Italia	Coste_d'Italia		4242846
0	Trezza	Golfi_del_Friuli-Venezia_Giulia		2353253
0	Uberto_Bonetti	Morti_a_Viareggio|Nati_a_Viareggio		2722437
0	Umberto_Badii	Calciatori_del_Sorrento_Calcio		4800103
0	Umberto_Davide	Morti_a_Sorrento|Nati_a_Sorrento		1943425
0	Umberto_Eusepi	Calciatori_del_F.C._Esperia_Viareggio		2595841
0	Umberto_Pugliese	Morti_a_Sorrento		2721651
0	Unione_Sportiva_Termoli	Sport_a_Termoli		289532
0	Urano_Navarrini	Allenatori_del_Sorrento_Calcio		3351339
0	Valle_della_Luna	Coste_della_Sardegna		1896816
0	Vallone_dei_Mulini	Sorrento		4747027
0	Vanni_Materassi	Nati_a_Viareggio		3020777
0	Vasco_Lenzi	Calciatori_del_F.C._Esperia_Viareggio		4356885
0	Vela_Viareggio	Vela_Viareggio		2052147
14	Vela_Viareggio	Sport_a_Viareggio		3675525
0	Vera_Vassalle	Nati_a_Viareggio		1726607
0	Vernazza	Cinque_terre		31528
0	Versilia	Coste_della_provincia_di_Lucca		1374224
14	Vescovi_e_arcivescovi_di_Sorrento-Castellammare_di_Stabia	Personalità_legate_a_Sorrento		4130323
0	Via_dell'Amore_(Cinque_Terre)	Cinque_terre		804047
0	Viareggio	Viareggio		148125
14	Viareggio	Coste_della_provincia_di_Lucca		1672526
0	Viareggio_Beach_Soccer	Sport_a_Viareggio		3431987
0	Viareggio_Cup_World_Football_Tournament_Coppa_Carnevale	Torneo_di_Viareggio		280117
0	Vico_Equense	Vico_Equense		609771
14	Vico_Equense	Costiera_sorrentina		2872555
0	Vietri_sul_Mare	Vietri_sul_Mare		1614231
14	Vietri_sul_Mare	Costiera_Amalfitana		2899197
0	Villa_Argentina	Ville_di_Viareggio		1849982
0	Villa_Borbone	Ville_di_Viareggio		874140
0	Villa_Cimbrone	Costiera_Amalfitana|Ville_di_Ravello		2287246
0	Villa_Corsi	Architetture_di_Marina_di_Massa		1870976
0	Villa_Doria_(Marina_di_Massa)	Architetture_di_Marina_di_Massa		1870979
0	Villa_Fondi_De_Sangro	Ville_di_Piano_di_Sorrento		4730879
0	Villa_Franca	Architetture_di_Marina_di_Massa		1870984
0	Villa_Paolina_(Viareggio)	Ville_di_Viareggio		3647688
0	Villa_Puccini	Ville_di_Viareggio		849096
0	Villa_Rufolo	Costiera_Amalfitana|Ville_di_Ravello		2288514
14	Ville_di_Piano_di_Sorrento	Architetture_di_Piano_di_Sorrento		4730881
14	Ville_di_Ravello	Architetture_di_Ravello		3981106
14	Ville_di_Viareggio	Architetture_di_Viareggio		1818661
0	Villino_Brunetti	Ville_di_Viareggio		1849989
0	Villino_Il_Guscio	Ville_di_Viareggio		1850006
0	Villino_Tolomei	Ville_di_Viareggio		1850000
0	Vincenza_Cacace	Nati_a_Sorrento		2297819
0	Vincenzo_Cuomo_(politico)	Nati_a_Piano_di_Sorrento		4507849
0	Vinicio_Viani	Calciatori_del_F.C._Esperia_Viareggio|Morti_a_Viareggio|Nati_a_Viareggio		2661071
0	Vitangelo_Spadavecchia	Calciatori_del_Sorrento_Calcio		777911
0	Vittorio_Biagi	Nati_a_Viareggio		2582310
0	Vittorio_Schifilliti	Calciatori_del_F.C._Esperia_Viareggio		2947050
0	Walter_Lerici	Morti_a_Viareggio		2120839
0	Walter_Mazzarri	Calciatori_del_F.C._Esperia_Viareggio		2747799
0	Walter_Pontel	Calciatori_del_F.C._Esperia_Viareggio		871410
0	Wilhelm_Kempff	Morti_a_Positano		40479
0	Émile_Noël	Morti_a_Viareggio		3856112
