0	Alta_capacità	Linee_ferroviarie_italiane_ad_alta_capacità		1181416
0	Anello_ferroviario_di_Palermo	Linee_ferroviarie_in_Sicilia		1900675
0	Associazione_torinese_tram_storici	Rete_tranviaria_di_Torino		3790234
0	Cintura_Nord	Linee_ferroviarie_non_completate_nel_Lazio		718634
0	Cintura_sud_(Milano)	Linee_ferroviarie_in_Lombardia		2361251
0	Costruzione_della_ferrovia_Milano-Bologna	Linee_ferroviarie_in_Emilia-Romagna|Linee_ferroviarie_in_Italia|Linee_ferroviarie_in_Lombardia		2968363
0	Deposito_ATM_Messina	Rete_tranviaria_di_Milano		2266457
0	Deposito_ATM_Ticinese	Rete_tranviaria_di_Milano		4367716
0	Ferrovia_Adria-Ariano_Polesine	Linee_ferroviarie_dismesse_in_Veneto		1954772
0	Ferrovia_Adria-Mestre	Linee_ferroviarie_in_Veneto		1410079
0	Ferrovia_Adriatica	Linee_ferroviarie_in_Abruzzo|Linee_ferroviarie_in_Molise|Linee_ferroviarie_in_Puglia|Linee_ferroviarie_nelle_Marche		1811640
0	Ferrovia_Agnone-Pescolanciano	Linee_ferroviarie_dismesse_in_Molise		2710109
0	Ferrovia_Agrigento-Naro-Licata	Linee_ferroviarie_dismesse_in_Sicilia		2244573
0	Ferrovia_Airasca-Saluzzo	Linee_ferroviarie_dismesse_in_Piemonte		2357469
0	Ferrovia_Albano-Nettuno	Linee_ferroviarie_dismesse_nel_Lazio|Linee_ferroviarie_nel_Lazio		1907238
0	Ferrovia_Alcantara-Randazzo	Linee_ferroviarie_dismesse_in_Sicilia		1587642
0	Ferrovia_Alessandria-Cavallermaggiore	Linee_ferroviarie_in_Piemonte		2766484
0	Ferrovia_Alessandria-Novara-Arona	Linee_ferroviarie_in_Lombardia|Linee_ferroviarie_in_Piemonte		2744696
0	Ferrovia_Alessandria-Ovada	Linee_ferroviarie_in_Piemonte		1434519
0	Ferrovia_Alessandria-Piacenza	Linee_ferroviarie_in_Emilia-Romagna|Linee_ferroviarie_in_Lombardia|Linee_ferroviarie_in_Piemonte		1636787
0	Ferrovia_Alessandria-San_Giuseppe_di_Cairo	Linee_ferroviarie_in_Liguria|Linee_ferroviarie_in_Piemonte		1467355
0	Ferrovia_Alifana	Linee_ferroviarie_in_Campania		270130
0	Ferrovia_Alta_Valtellina	Linee_ferroviarie_in_Lombardia		614422
0	Ferrovia_Altamura-Avigliano-Potenza	Linee_ferroviarie_in_Basilicata|Linee_ferroviarie_in_Puglia		1961619
0	Ferrovia_Alto_Pistoiese	Linee_ferroviarie_dismesse_in_Toscana		709068
0	Ferrovia_Aosta-Pré-Saint-Didier	Linee_ferroviarie_in_Val_d'Aosta		630990
0	Ferrovia_Appennino_Centrale	Linee_ferroviarie_dismesse_in_Toscana|Linee_ferroviarie_dismesse_in_Umbria		1224980
0	Ferrovia_Arezzo-Sinalunga	Linee_ferroviarie_in_Toscana		2166290
0	Ferrovia_Asciano-Monte_Antico	Linee_ferroviarie_in_Toscana		1292092
0	Ferrovia_Ascoli-San_Benedetto	Linee_ferroviarie_nelle_Marche		1439665
0	Ferrovia_Asti-Genova	Linee_ferroviarie_in_Liguria|Linee_ferroviarie_in_Piemonte		2761493
0	Ferrovia_Atena_Lucana-Marsico_Nuovo	Linee_ferroviarie_dismesse_in_Basilicata|Linee_ferroviarie_dismesse_in_Campania		1507654
0	Ferrovia_Avellino-Rocchetta_Sant'Antonio	Linee_ferroviarie_in_Basilicata|Linee_ferroviarie_in_Campania|Linee_ferroviarie_in_Puglia		746155
0	Ferrovia_Avenza-Carrara	Linee_ferroviarie_dismesse_in_Toscana		4709640
0	Ferrovia_Avezzano-Roccasecca	Linee_ferroviarie_in_Abruzzo|Linee_ferroviarie_nel_Lazio		1108097
0	Ferrovia_Bagnolo_in_Piano-Carpi	Linee_ferroviarie_dismesse_in_Emilia-Romagna		1998176
0	Ferrovia_Barco-Montecchio	Linee_ferroviarie_dismesse_in_Emilia-Romagna		2379907
0	Ferrovia_Bari-Casamassima-Putignano	Linee_ferroviarie_in_Puglia		2269414
0	Ferrovia_Bari-Martina_Franca-Taranto	Linee_ferroviarie_in_Puglia		2266495
0	Ferrovia_Bari-Matera-Montalbano_Jonico	Linee_ferroviarie_dismesse_in_Basilicata|Linee_ferroviarie_in_Basilicata|Linee_ferroviarie_in_Puglia		2371157
0	Ferrovia_Bari-Taranto	Linee_ferroviarie_in_Puglia		1444444
0	Ferrovia_Barletta-Spinazzola	Linee_ferroviarie_in_Puglia		1432868
0	Ferrovia_Bastia_Mondovì-Mondovì	Linee_ferroviarie_dismesse_in_Piemonte		1856479
0	Ferrovia_Battipaglia-Potenza-Metaponto	Linee_ferroviarie_in_Basilicata|Linee_ferroviarie_in_Campania		1353587
0	Ferrovia_Bellinzona-Luino	Linee_ferroviarie_in_Lombardia		1809986
0	Ferrovia_Belluno-Calalzo	Linee_ferroviarie_in_Veneto		3527986
0	Ferrovia_Belluno-Feltre-Treviso	Linee_ferroviarie_in_Veneto		1427292
0	Ferrovia_Benevento-Avellino	Linee_ferroviarie_in_Campania		3431492
0	Ferrovia_Benevento-Campobasso	Linee_ferroviarie_in_Campania|Linee_ferroviarie_in_Molise		1402138
0	Ferrovia_Benevento-Cancello	Linee_ferroviarie_in_Campania		1763725
0	Ferrovia_Bergamo-Brescia	Linee_ferroviarie_in_Lombardia		1658828
0	Ferrovia_Bertiolo-Palmanova-Savogna	Linee_ferroviarie_non_completate_in_Friuli-Venezia_Giulia		1780581
0	Ferrovia_Biella-Balma	Linee_ferroviarie_dismesse_in_Piemonte		2726375
0	Ferrovia_Biella-Cossato-Vallemosso	Linee_ferroviarie_dismesse_in_Piemonte		2726536
0	Ferrovia_Biella-Mongrando	Linee_ferroviarie_dismesse_in_Piemonte|Tranvie_dismesse_in_Piemonte		2727122
0	Ferrovia_Biella-Novara	Linee_ferroviarie_in_Piemonte		1448983
0	Ferrovia_Bitonto-Santo_Spirito	Linee_ferroviarie_dismesse_in_Puglia		3868867
0	Ferrovia_Bologna-Ancona	Linee_ferroviarie_in_Emilia-Romagna|Linee_ferroviarie_nelle_Marche		1404038
0	Ferrovia_Bologna-Firenze_(alta_velocità)	Linee_ferroviarie_in_Emilia-Romagna|Linee_ferroviarie_in_Toscana|Linee_ferroviarie_italiane_ad_alta_velocità		1304054
0	Ferrovia_Bologna-Firenze_(direttissima)	Linee_ferroviarie_in_Emilia-Romagna|Linee_ferroviarie_in_Toscana		1218382
0	Ferrovia_Bologna-Portomaggiore	Linee_ferroviarie_in_Emilia-Romagna		1072136
0	Ferrovia_Bologna-Santa_Viola	Linee_ferroviarie_in_Emilia-Romagna		4302391
0	Ferrovia_Bologna-Verona	Linee_ferroviarie_in_Emilia-Romagna|Linee_ferroviarie_in_Lombardia|Linee_ferroviarie_in_Veneto|Linee_ferroviarie_italiane_ad_alta_capacità		1470425
0	Ferrovia_Bolzano-Caldaro	Linee_ferroviarie_dismesse_in_provincia_di_Bolzano		610221
0	Ferrovia_Bolzano-Merano	Linee_ferroviarie_in_provincia_di_Bolzano		2413538
0	Ferrovia_Botteghelle-San_Giorgio_a_Cremano	Linee_ferroviarie_in_Campania		1338919
0	Ferrovia_Brescia-Cremona	Linee_ferroviarie_in_Lombardia		1406712
0	Ferrovia_Brescia-Iseo-Edolo	Linee_ferroviarie_in_Lombardia		1109894
0	Ferrovia_Bribano-Agordo	Linee_ferroviarie_dismesse_in_Veneto		551096
0	Ferrovia_Bricherasio-Barge	Linee_ferroviarie_dismesse_in_Piemonte		2357908
0	Ferrovia_Briga-Domodossola	Linee_ferroviarie_in_Piemonte		2863625
0	Ferrovia_Brunico-Campo_Tures	Linee_ferroviarie_dismesse_in_provincia_di_Bolzano		795680
0	Ferrovia_Budrio-Massalombarda	Linee_ferroviarie_dismesse_in_Emilia-Romagna		1969542
0	Ferrovia_Busca-Dronero	Linee_ferroviarie_dismesse_in_Piemonte		1856498
0	Ferrovia_Busto_Arsizio-Malpensa_Aeroporto	Linee_ferroviarie_in_Lombardia		1873456
0	Ferrovia_Cagliari-Golfo_Aranci	Linee_ferroviarie_in_Sardegna		1290276
0	Ferrovia_Cagliari-Isili	Linee_ferroviarie_in_Sardegna		1353874
0	Ferrovia_Calalzo-Padova	Linee_ferroviarie_in_Veneto		3527893
0	Ferrovia_Caltanissetta-Palermo	Linee_ferroviarie_in_Sicilia		4776040
0	Ferrovia_Caltanissetta_Xirbi-Agrigento	Linee_ferroviarie_in_Sicilia		2254583
0	Ferrovia_Caltanissetta_Xirbi-Gela-Siracusa	Linee_ferroviarie_in_Sicilia		4776045
0	Ferrovia_Campiglia_Marittima-Piombino	Linee_ferroviarie_in_Toscana		1348119
0	Ferrovia_Campobasso-Isernia	Linee_ferroviarie_in_Campania|Linee_ferroviarie_in_Molise		1710797
0	Ferrovia_Cana-Arcille-Grosseto	Linee_ferroviarie_dismesse_in_Toscana		2320687
0	Ferrovia_Cana-Arcille-Rispescia	Linee_ferroviarie_dismesse_in_Toscana		2320660
0	Ferrovia_Canavesana	Linee_ferroviarie_in_Piemonte		1248456
0	Ferrovia_Cancello-Avellino	Linee_ferroviarie_in_Campania		3431611
0	Ferrovia_Canicattì-Caltagirone	Linee_ferroviarie_dismesse_in_Sicilia|Linee_ferroviarie_non_completate_in_Sicilia		2269786
0	Ferrovia_Carmagnola-Bra-Ceva	Linee_ferroviarie_in_Piemonte		1463559
0	Ferrovia_Carnia-Tolmezzo-Villa_Santina	Linee_ferroviarie_dismesse_in_Friuli-Venezia_Giulia		1343259
0	Ferrovia_Casalecchio-Vignola	Linee_ferroviarie_in_Emilia-Romagna		1917619
0	Ferrovia_Casarsa-Portogruaro	Linee_ferroviarie_in_Friuli-Venezia_Giulia|Linee_ferroviarie_in_Veneto		1422274
0	Ferrovia_Casentinese	Linee_ferroviarie_in_Toscana		1878145
0	Ferrovia_Castagnole-Asti-Mortara	Linee_ferroviarie_in_Lombardia|Linee_ferroviarie_in_Piemonte		1388055
0	Ferrovia_Castel_Bolognese-Riolo_Bagni	Linee_ferroviarie_dismesse_in_Emilia-Romagna		1879428
0	Ferrovia_Castelbolognese-Ravenna	Linee_ferroviarie_in_Emilia-Romagna		1681153
0	Ferrovia_Castelraimondo-Camerino	Linee_ferroviarie_dismesse_nelle_Marche		2314138
0	Ferrovia_Castelvetrano-Porto_Empedocle	Linee_ferroviarie_dismesse_in_Sicilia		1111412
0	Ferrovia_Castelvetrano-San_Carlo-Burgio	Linee_ferroviarie_dismesse_in_Sicilia		1260942
0	Ferrovia_Catania-Agrigento	Linee_ferroviarie_in_Sicilia		4776036
0	Ferrovia_Catania-Caltagirone-Gela	Linee_ferroviarie_in_Sicilia		1402897
0	Ferrovia_Cava_Carbonara-Cava_Manara	Linee_ferroviarie_dismesse_in_Lombardia		2987273
0	Ferrovia_Cecina-Volterra	Linee_ferroviarie_in_Toscana		1214484
0	Ferrovia_Centrale_Toscana	Linee_ferroviarie_in_Toscana		1192442
0	Ferrovia_Centrale_Umbra	Linee_ferroviarie_in_Toscana|Linee_ferroviarie_in_Umbria		611612
0	Ferrovia_Cerignola_Campagna-Cerignola_Città	Linee_ferroviarie_dismesse_in_Puglia		2788863
0	Ferrovia_Cervignano-Aquileia-Pontile_per_Grado	Linee_ferroviarie_dismesse_in_Friuli-Venezia_Giulia		1873600
0	Ferrovia_Ceva-Ormea	Linee_ferroviarie_in_Piemonte		1312788
0	Ferrovia_Chieti_città-Chieti_stazione	Linee_ferroviarie_dismesse_in_Abruzzo		4227696
0	Ferrovia_Chivasso-Alessandria	Linee_ferroviarie_in_Piemonte		1847496
0	Ferrovia_Chivasso-Asti	Linee_ferroviarie_in_Piemonte		1447077
0	Ferrovia_Chivasso-Casale_Monferrato	Linee_ferroviarie_in_Piemonte		1449883
0	Ferrovia_Chivasso-Ivrea-Aosta	Linee_ferroviarie_in_Piemonte|Linee_ferroviarie_in_Val_d'Aosta		1444632
0	Ferrovia_Chivasso-Pré-Saint-Didier	Linee_ferroviarie_in_Piemonte|Linee_ferroviarie_in_Val_d'Aosta		4780774
0	Ferrovia_Circumetnea	Linee_ferroviarie_in_Sicilia		179547
0	Ferrovia_Circumflegrea	Linee_ferroviarie_in_Campania		285890
0	Ferrovia_Cividale-Caporetto	Linee_ferroviarie_dismesse_in_Friuli-Venezia_Giulia		2569054
0	Ferrovia_Cividale-Tarcetta	Linee_ferroviarie_dismesse_in_Friuli-Venezia_Giulia		2954198
0	Ferrovia_Civitanova-Fabriano	Linee_ferroviarie_nelle_Marche		1459945
0	Ferrovia_Civitavecchia-Orte	Linee_ferroviarie_dismesse_nel_Lazio		1894651
0	Ferrovia_Codola-Nocera_Inferiore	Linee_ferroviarie_in_Campania		3431635
0	Ferrovia_Cogne-Acque_Fredde	Linee_ferroviarie_dismesse_in_Val_d'Aosta		2867267
0	Ferrovia_Colico-Chiavenna	Linee_ferroviarie_in_Lombardia		3591555
0	Ferrovia_Como-Lecco	Linee_ferroviarie_in_Lombardia		1566218
0	Ferrovia_Como-Varese	Linee_ferroviarie_dismesse_in_Lombardia		1873406
0	Ferrovia_Cormons-Redipuglia	Linee_ferroviarie_non_completate_in_Friuli-Venezia_Giulia		1780472
0	Ferrovia_Cosenza-Camigliatello-San_Giovanni_in_Fiore	Linee_ferroviarie_in_Calabria		2373341
0	Ferrovia_Cosenza-Catanzaro_Lido	Linee_ferroviarie_in_Calabria		1952340
0	Ferrovia_Cosenza-Sibari	Linee_ferroviarie_in_Calabria		2345163
0	Ferrovia_Cremona-Fidenza	Linee_ferroviarie_in_Emilia-Romagna|Linee_ferroviarie_in_Lombardia		1417300
0	Ferrovia_Cremona-Iseo	Linee_ferroviarie_dismesse_in_Lombardia		1120969
0	Ferrovia_Cremona-Mantova	Linee_ferroviarie_in_Lombardia		3000275
0	Ferrovia_Crotone-Petilia_Policastro	Linee_ferroviarie_dismesse_in_Calabria		2371278
0	Ferrovia_Crotone-Timpa_Grande	Linee_ferroviarie_dismesse_in_Calabria		2631633
0	Ferrovia_Cumana	Linee_ferroviarie_in_Campania		285842
0	Ferrovia_Cuneo-Boves-Borgo_San_Dalmazzo	Linee_ferroviarie_dismesse_in_Piemonte		2863196
0	Ferrovia_Cuneo-Limone-Ventimiglia	Linee_ferroviarie_in_Liguria|Linee_ferroviarie_in_Piemonte		1461525
0	Ferrovia_Decimomannu-Iglesias	Linee_ferroviarie_in_Sardegna		1283969
0	Ferrovia_Desenzano-Desenzano_Porto	Linee_ferroviarie_dismesse_in_Lombardia		1699017
0	Ferrovia_Dittaino-Leonforte	Linee_ferroviarie_dismesse_in_Sicilia		1474494
0	Ferrovia_Dittaino-Piazza_Armerina-Caltagirone	Linee_ferroviarie_dismesse_in_Sicilia		822273
0	Ferrovia_Domodossola-Locarno	Linee_ferroviarie_in_Piemonte		510481
0	Ferrovia_Domodossola-Milano	Linee_ferroviarie_in_Lombardia|Linee_ferroviarie_in_Piemonte		1463880
0	Ferrovia_Ellera-Tavernelle	Linee_ferroviarie_dismesse_in_Umbria		1308496
0	Ferrovia_Faentina	Linee_ferroviarie_in_Emilia-Romagna|Linee_ferroviarie_in_Toscana		1220024
0	Ferrovia_Faenza-Lavezzola	Linee_ferroviarie_in_Emilia-Romagna		3126436
0	Ferrovia_Faenza-Ravenna	Linee_ferroviarie_in_Emilia-Romagna		1459877
0	Ferrovia_Fano-Urbino	Linee_ferroviarie_dismesse_nelle_Marche		882869
0	Ferrovia_Ferrandina-Matera	Linee_ferroviarie_non_completate_in_Basilicata		2102163
0	Ferrovia_Ferrara-Codigoro	Linee_ferroviarie_in_Emilia-Romagna		1520431
0	Ferrovia_Ferrara-Copparo	Linee_ferroviarie_dismesse_in_Emilia-Romagna		1969506
0	Ferrovia_Ferrara-Modena	Linee_ferroviarie_dismesse_in_Emilia-Romagna		1846122
0	Ferrovia_Ferrara-Rimini	Linee_ferroviarie_in_Emilia-Romagna		1459807
0	Ferrovia_Fidenza-Fornovo	Linee_ferroviarie_in_Emilia-Romagna		4807370
0	Ferrovia_Fidenza-Salsomaggiore_Terme	Linee_ferroviarie_in_Emilia-Romagna		1400232
0	Ferrovia_Firenze-Roma	Linee_ferroviarie_in_Toscana|Linee_ferroviarie_in_Umbria|Linee_ferroviarie_nel_Lazio		1469721
0	Ferrovia_Firenze-Roma_(direttissima)	Linee_ferroviarie_in_Toscana|Linee_ferroviarie_in_Umbria|Linee_ferroviarie_italiane_ad_alta_velocità|Linee_ferroviarie_nel_Lazio		1296815
0	Ferrovia_Foggia-Lucera	Linee_ferroviarie_in_Puglia		2207894
0	Ferrovia_Foggia-Manfredonia	Linee_ferroviarie_in_Puglia		1356115
0	Ferrovia_Foggia-Potenza	Linee_ferroviarie_in_Basilicata|Linee_ferroviarie_in_Puglia		1393706
0	Ferrovia_Foligno-Terontola	Linee_ferroviarie_in_Toscana|Linee_ferroviarie_in_Umbria		1661130
0	Ferrovia_Fossano-Cuneo	Linee_ferroviarie_in_Piemonte		1812167
0	Ferrovia_Frugarolo-Basaluzzo	Linee_ferroviarie_dismesse_in_Piemonte		4386320
0	Ferrovia_Gairo_Taquisara-Jerzu	Linee_ferroviarie_dismesse_in_Sardegna		1334743
0	Ferrovia_Gallarate-Laveno	Linee_ferroviarie_in_Lombardia		1729080
0	Ferrovia_Gallarate-Varese	Linee_ferroviarie_in_Lombardia		2351308
0	Ferrovia_Gallipoli-Casarano	Linee_ferroviarie_in_Puglia		2362952
0	Ferrovia_Gemona_del_Friuli-Casarsa	Linee_ferroviarie_dismesse_in_Friuli-Venezia_Giulia|Linee_ferroviarie_in_Friuli-Venezia_Giulia		1655472
0	Ferrovia_Genova-Casella	Linee_ferroviarie_in_Liguria		27481
0	Ferrovia_Genova-Pisa	Linee_ferroviarie_in_Liguria|Linee_ferroviarie_in_Toscana		1303896
0	Ferrovia_Genova-Ventimiglia	Linee_ferroviarie_in_Liguria		1220776
0	Ferrovia_Ghirla-Ponte_Tresa	Linee_ferroviarie_dismesse_in_Lombardia		3372218
0	Ferrovia_Gioia_Tauro-Cinquefrondi	Linee_ferroviarie_dismesse_in_Calabria		1952317
0	Ferrovia_Gioia_Tauro-Palmi-Sinopoli	Linee_ferroviarie_in_Calabria		2371348
0	Ferrovia_Gioiosa_Jonica-Mammola	Linee_ferroviarie_dismesse_in_Calabria		2341749
0	Ferrovia_Giulianova-Teramo	Linee_ferroviarie_in_Abruzzo		1443350
0	Ferrovia_Giuncarico-Ribolla	Linee_ferroviarie_in_Toscana		1202483
0	Ferrovia_Gorizia-Aidussina	Linee_ferroviarie_in_Friuli-Venezia_Giulia		2785007
0	Ferrovia_Gozzano-Alzo	Linee_ferroviarie_dismesse_in_Piemonte		1960420
0	Ferrovia_Grignasco-Coggiola	Linee_ferroviarie_dismesse_in_Piemonte		1791508
0	Ferrovia_Intra-Premeno	Linee_ferroviarie_dismesse_in_Piemonte		646253
0	Ferrovia_Isili-Sorgono	Linee_ferroviarie_in_Sardegna		1356127
0	Ferrovia_Isili-Villacidro	Linee_ferroviarie_dismesse_in_Sardegna		1368975
0	Ferrovia_Jesenice-Trieste	Linee_ferroviarie_in_Friuli-Venezia_Giulia		2823423
0	Ferrovia_Jonica	Linee_ferroviarie_in_Basilicata|Linee_ferroviarie_in_Calabria|Linee_ferroviarie_in_Puglia		1230746
0	Ferrovia_L'Aquila-Capitignano	Linee_ferroviarie_dismesse_in_Abruzzo		2392797
0	Ferrovia_La_Thuile-Arpy	Linee_ferroviarie_dismesse_in_Val_d'Aosta		4352880
0	Ferrovia_Lagonegro-Castrovillari-Spezzano_Albanese	Linee_ferroviarie_dismesse_in_Basilicata|Linee_ferroviarie_dismesse_in_Calabria		1573249
0	Ferrovia_Lamezia_Terme-Catanzaro_Lido	Linee_ferroviarie_in_Calabria		2345113
0	Ferrovia_Lana_di_Sopra-Postal	Linee_ferroviarie_dismesse_in_provincia_di_Bolzano		4205731
0	Ferrovia_Lavezzola-Lugo	Linee_ferroviarie_in_Emilia-Romagna		1420882
0	Ferrovia_Lecce-Otranto	Linee_ferroviarie_in_Puglia		2276580
0	Ferrovia_Lecco-Bergamo	Linee_ferroviarie_in_Lombardia		2822261
0	Ferrovia_Lecco-Brescia	Linee_ferroviarie_in_Lombardia		4776048
0	Ferrovia_Lecco-Milano	Linee_ferroviarie_in_Lombardia		4796682
0	Ferrovia_Leonforte-Nicosia	Linee_ferroviarie_non_completate_in_Sicilia		4362195
0	Ferrovia_Leopolda	Linee_ferroviarie_in_Toscana		1192456
0	Ferrovia_Lercara-Filaga-Magazzolo	Linee_ferroviarie_dismesse_in_Sicilia		1617190
0	Ferrovia_Lonigo-Lonigo_Città	Linee_ferroviarie_dismesse_in_Veneto		1787919
0	Ferrovia_Lucca-Aulla	Linee_ferroviarie_in_Toscana		1203657
0	Ferrovia_Lucca-Pisa	Linee_ferroviarie_in_Toscana		1712254
0	Ferrovia_Lucca-Pontedera	Linee_ferroviarie_dismesse_in_Toscana		1509216
0	Ferrovia_Lucca-Viareggio	Linee_ferroviarie_in_Toscana		3242835
0	Ferrovia_Luino-Milano	Linee_ferroviarie_in_Lombardia		1827114
0	Ferrovia_Macomer-Bosa	Linee_ferroviarie_in_Sardegna		1387959
0	Ferrovia_Macomer-Nuoro	Linee_ferroviarie_in_Sardegna		1375294
0	Ferrovia_Maglie-Gagliano_del_Capo	Linee_ferroviarie_in_Puglia		2362979
0	Ferrovia_Mandas-Arbatax	Linee_ferroviarie_in_Sardegna		1364491
0	Ferrovia_Mandela-Subiaco	Linee_ferroviarie_dismesse_nel_Lazio		2143032
0	Ferrovia_Mantova-Monselice	Linee_ferroviarie_in_Lombardia|Linee_ferroviarie_in_Veneto		1444728
0	Ferrovia_Mantova-Peschiera	Linee_ferroviarie_dismesse_in_Lombardia|Linee_ferroviarie_dismesse_in_Veneto		668166
0	Ferrovia_Maremmana	Linee_ferroviarie_in_Toscana		1200354
0	Ferrovia_Maria_Antonia	Linee_ferroviarie_in_Toscana		1195853
0	Ferrovia_Marmifera_Privata_di_Carrara	Linee_ferroviarie_dismesse_in_Toscana		1716265
0	Ferrovia_Martina_Franca-Lecce	Linee_ferroviarie_in_Puglia		2362788
0	Ferrovia_Massa_Marittima-Follonica	Linee_ferroviarie_dismesse_in_Toscana		1693698
0	Ferrovia_Massalombarda-Imola-Fontanelice	Linee_ferroviarie_dismesse_in_Emilia-Romagna		2860252
0	Ferrovia_Menaggio-Porlezza	Linee_ferroviarie_dismesse_in_Lombardia		1684591
0	Ferrovia_Mendrisio-Varese	Linee_ferroviarie_in_Lombardia		2799955
0	Ferrovia_Meridionale	Linee_ferroviarie_in_Friuli-Venezia_Giulia		2378165
0	Ferrovia_Messina-Siracusa	Linee_ferroviarie_in_Sicilia		1198516
0	Ferrovia_Mezzocorona-Mezzolombardo	Linee_ferroviarie_dismesse_in_Trentino-Alto_Adige		4323014
0	Ferrovia_Milano-Asso	Linee_ferroviarie_in_Lombardia		664283
0	Ferrovia_Milano-Bologna	Linee_ferroviarie_in_Emilia-Romagna|Linee_ferroviarie_in_Lombardia		1253215
0	Ferrovia_Milano-Bologna_(alta_velocità)	Linee_ferroviarie_in_Emilia-Romagna|Linee_ferroviarie_in_Lombardia|Linee_ferroviarie_italiane_ad_alta_velocità		1581627
0	Ferrovia_Milano-Chiasso	Linee_ferroviarie_in_Lombardia		1422512
0	Ferrovia_Milano-Monza	Linee_ferroviarie_in_Lombardia		1314557
0	Ferrovia_Milano-Mortara	Linee_ferroviarie_in_Lombardia		1463635
0	Ferrovia_Milano-Pavia-Voghera	Linee_ferroviarie_in_Lombardia		1430990
0	Ferrovia_Milano-Saronno	Linee_ferroviarie_in_Lombardia		1864897
0	Ferrovia_Milano-Venezia	Linee_ferroviarie_in_Lombardia|Linee_ferroviarie_in_Veneto		1401007
0	Ferrovia_Milano-Verona_(alta_velocità)	Linee_ferroviarie_in_Lombardia|Linee_ferroviarie_in_Veneto|Linee_ferroviarie_italiane_ad_alta_velocità		1610198
0	Ferrovia_Modena-Mirandola	Linee_ferroviarie_dismesse_in_Emilia-Romagna		1916469
0	Ferrovia_Modena-Sassuolo	Linee_ferroviarie_in_Emilia-Romagna		1846144
0	Ferrovia_Modena-Vignola	Linee_ferroviarie_dismesse_in_Emilia-Romagna		1892526
0	Ferrovia_Mondovì-Cuneo	Linee_ferroviarie_in_Piemonte		1460160
0	Ferrovia_Monserrato-San_Paolo	Linee_ferroviarie_in_Sardegna		4815833
0	Ferrovia_Montebelluna-Camposampiero	Linee_ferroviarie_in_Veneto		3527866
0	Ferrovia_Montebelluna-Susegana	Linee_ferroviarie_dismesse_in_Veneto		1789886
0	Ferrovia_Monteponi-Portovesme	Linee_ferroviarie_dismesse_in_Sardegna		3203938
0	Ferrovia_Montepulciano-Fontago	Linee_ferroviarie_dismesse_in_Toscana		1820712
0	Ferrovia_Montevecchio_Sciria-San_Gavino_Monreale	Linee_ferroviarie_dismesse_in_Sardegna		2048163
0	Ferrovia_Monti-Tempio	Linee_ferroviarie_dismesse_in_Sardegna		1424855
0	Ferrovia_Monza-Lecco	Linee_ferroviarie_in_Lombardia		1587574
0	Ferrovia_Monza-Molteno	Linee_ferroviarie_in_Lombardia		1590262
0	Ferrovia_Monza-Molteno-Lecco	Linee_ferroviarie_in_Lombardia		4796727
0	Ferrovia_Moretta-Cavallermaggiore	Linee_ferroviarie_dismesse_in_Piemonte		2357867
0	Ferrovia_Motta_Sant'Anastasia-Regalbuto	Linee_ferroviarie_dismesse_in_Sicilia		1365123
0	Ferrovia_Napoli-Bari	Linee_ferroviarie_in_Campania|Linee_ferroviarie_in_Puglia|Linee_ferroviarie_italiane_ad_alta_capacità		2341488
0	Ferrovia_Napoli-Battipaglia	Linee_ferroviarie_in_Campania		4811495
0	Ferrovia_Napoli-Foggia	Linee_ferroviarie_in_Campania|Linee_ferroviarie_in_Puglia		1357642
0	Ferrovia_Napoli-Nola-Baiano	Linee_ferroviarie_in_Campania		1343671
0	Ferrovia_Napoli-Ottaviano-Sarno	Linee_ferroviarie_in_Campania		1342448
0	Ferrovia_Napoli-Pompei-Poggiomarino	Linee_ferroviarie_in_Campania		1337590
0	Ferrovia_Napoli-Portici	Linee_ferroviarie_in_Campania		610872
0	Ferrovia_Napoli-Salerno	Linee_ferroviarie_in_Campania		1115265
0	Ferrovia_Nocera_Inferiore-Mercato_San_Severino	Linee_ferroviarie_in_Campania		4798528
0	Ferrovia_Noto-Pachino	Linee_ferroviarie_dismesse_in_Sicilia		1559022
0	Ferrovia_Nova_Gorica-Gorizia	Linee_ferroviarie_in_Friuli-Venezia_Giulia		4827674
0	Ferrovia_Novara-Gozzano-Domodossola	Linee_ferroviarie_in_Piemonte		1135587
0	Ferrovia_Novara-Pino	Linee_ferroviarie_in_Lombardia|Linee_ferroviarie_in_Piemonte		1749615
0	Ferrovia_Novara-Seregno	Linee_ferroviarie_in_Lombardia		1852477
0	Ferrovia_Novara-Varallo	Linee_ferroviarie_in_Piemonte		1679036
0	Ferrovia_Novoli-Gagliano_del_Capo	Linee_ferroviarie_in_Puglia		2363004
0	Ferrovia_Ofantino	Linee_ferroviarie_dismesse_in_Puglia		604853
0	Ferrovia_Orbetello-Porto_Santo_Stefano	Linee_ferroviarie_dismesse_in_Toscana		1837616
0	Ferrovia_Ozieri_Chilivani-Porto_Torres_Marittima	Linee_ferroviarie_in_Sardegna		1324176
0	Ferrovia_Padova-Bassano	Linee_ferroviarie_in_Veneto		1443025
0	Ferrovia_Padova-Bologna	Linee_ferroviarie_in_Emilia-Romagna|Linee_ferroviarie_in_Veneto		1426713
0	Ferrovia_Padova-Padova_Interporto	Linee_ferroviarie_in_Veneto		1672476
0	Ferrovia_Padova-Piazzola-Carmignano	Linee_ferroviarie_dismesse_in_Veneto		3029092
0	Ferrovia_Palazzolo-Paratico	Linee_ferroviarie_in_Lombardia		1299155
0	Ferrovia_Palermo-Agrigento-Porto_Empedocle	Linee_ferroviarie_in_Sicilia		2250051
0	Ferrovia_Palermo-Catania	Linee_ferroviarie_in_Sicilia		1198527
0	Ferrovia_Palermo-Catania_(alta_capacità)	Linee_ferroviarie_in_Sicilia|Linee_ferroviarie_italiane_ad_alta_capacità		2557557
0	Ferrovia_Palermo-Corleone-San_Carlo	Linee_ferroviarie_dismesse_in_Sicilia		1240181
0	Ferrovia_Palermo-Messina	Linee_ferroviarie_in_Sicilia|Linee_ferroviarie_italiane_ad_alta_capacità		1092115
0	Ferrovia_Palermo-Salaparuta	Linee_ferroviarie_non_completate_in_Sicilia		1588792
0	Ferrovia_Palermo-Trapani	Linee_ferroviarie_in_Sicilia		1198547
0	Ferrovia_Palermo_Notarbartolo-Palermo_Marittima	Linee_ferroviarie_in_Sicilia		4377470
0	Ferrovia_Palmanova-San_Giorgio_di_Nogaro	Linee_ferroviarie_dismesse_in_Friuli-Venezia_Giulia		1890000
0	Ferrovia_Palo-Ladispoli	Linee_ferroviarie_dismesse_nel_Lazio		2369227
0	Ferrovia_Paola-Cosenza	Linee_ferroviarie_in_Calabria		533229
0	Ferrovia_Parenzana	Linee_ferroviarie_dismesse_in_Friuli-Venezia_Giulia		1867521
0	Ferrovia_Parma-Brescia	Linee_ferroviarie_in_Emilia-Romagna|Linee_ferroviarie_in_Lombardia		1414403
0	Ferrovia_Parma-Suzzara	Linee_ferroviarie_in_Emilia-Romagna		1804264
0	Ferrovia_Pavia-Alessandria	Linee_ferroviarie_in_Lombardia		3025922
0	Ferrovia_Pavia-Cremona	Linee_ferroviarie_in_Lombardia		1401045
0	Ferrovia_Pavia-Mantova	Linee_ferroviarie_in_Lombardia		4796628
0	Ferrovia_Pavia-Stradella	Linee_ferroviarie_in_Lombardia		1636659
0	Ferrovia_Pavia-Torreberetti	Linee_ferroviarie_in_Lombardia		1467267
0	Ferrovia_Pescara-Penne	Linee_ferroviarie_dismesse_in_Abruzzo		1667435
0	Ferrovia_Piacenza-Bettola	Linee_ferroviarie_dismesse_in_Emilia-Romagna		1915250
0	Ferrovia_Piacenza-Cremona	Linee_ferroviarie_in_Emilia-Romagna|Linee_ferroviarie_in_Lombardia		1416144
0	Ferrovia_Pisa-Tirrenia-Livorno	Linee_ferroviarie_dismesse_in_Toscana		1064498
0	Ferrovia_Pisa_Centrale-Pisa_Aeroporto	Linee_ferroviarie_in_Toscana		2356192
0	Ferrovia_Poggibonsi-Colle_Val_d'Elsa	Linee_ferroviarie_dismesse_in_Toscana		1201032
0	Ferrovia_Pomigliano_d'Arco-Acerra	Linee_ferroviarie_in_Campania		1343717
0	Ferrovia_Pontassieve-Borgo_San_Lorenzo	Linee_ferroviarie_in_Toscana		2549095
0	Ferrovia_Ponte_Tresa-Luino	Linee_ferroviarie_dismesse_in_Lombardia		3372262
0	Ferrovia_Ponte_nelle_Alpi-Conegliano	Linee_ferroviarie_in_Veneto		1428227
0	Ferrovia_Pontebbana	Linee_ferroviarie_in_Friuli-Venezia_Giulia		1419546
0	Ferrovia_Pontremolese	Linee_ferroviarie_in_Emilia-Romagna|Linee_ferroviarie_in_Liguria|Linee_ferroviarie_in_Toscana		1202913
0	Ferrovia_Porrettana	Linee_ferroviarie_in_Emilia-Romagna|Linee_ferroviarie_in_Toscana		901924
0	Ferrovia_Porto_Ceresio-Milano	Linee_ferroviarie_in_Lombardia		4795419
0	Ferrovia_Porto_San_Giorgio-Amandola	Linee_ferroviarie_dismesse_nelle_Marche		1500364
0	Ferrovia_Portomaggiore-Bando	Linee_ferroviarie_dismesse_in_Emilia-Romagna		1530750
0	Ferrovia_Potenza-Brindisi	Linee_ferroviarie_in_Basilicata|Linee_ferroviarie_in_Puglia		4795795
0	Ferrovia_Potenza-Pignola-Laurenzana	Linee_ferroviarie_dismesse_in_Basilicata		2371204
0	Ferrovia_Precenicco-Gemona_del_Friuli	Linee_ferroviarie_dismesse_in_Friuli-Venezia_Giulia		4060935
0	Ferrovia_Principe-Granarolo	Linee_ferroviarie_in_Liguria		2009692
0	Ferrovia_Pugliano-Vesuvio	Linee_ferroviarie_dismesse_in_Campania		2704375
0	Ferrovia_Reggio_Emilia-Boretto	Linee_ferroviarie_dismesse_in_Emilia-Romagna		1873369
0	Ferrovia_Reggio_Emilia-Ciano_d'Enza	Linee_ferroviarie_in_Emilia-Romagna		1892524
0	Ferrovia_Reggio_Emilia-Guastalla	Linee_ferroviarie_in_Emilia-Romagna		1892523
0	Ferrovia_Reggio_Emilia-Sassuolo	Linee_ferroviarie_in_Emilia-Romagna		1892516
0	Ferrovia_Rezzato-Vobarno	Linee_ferroviarie_dismesse_in_Lombardia		1279987
0	Ferrovia_Rimini-Novafeltria	Linee_ferroviarie_dismesse_in_Emilia-Romagna		1830345
0	Ferrovia_Rimini-San_Marino	Linee_ferroviarie_dismesse_in_Emilia-Romagna		793823
0	Ferrovia_Rocca_d'Evandro-Venafro	Linee_ferroviarie_in_Campania|Linee_ferroviarie_in_Molise|Linee_ferroviarie_nel_Lazio		4257269
0	Ferrovia_Rocchetta_Sant'Antonio-Gioia_del_Colle	Linee_ferroviarie_in_Basilicata|Linee_ferroviarie_in_Puglia		1396763
0	Ferrovia_Rocchette-Arsiero	Linee_ferroviarie_dismesse_in_Veneto		1712985
0	Ferrovia_Rocchette-Asiago	Linee_ferroviarie_dismesse_in_Veneto		1705481
0	Ferrovia_Rolo-Mirandola	Linee_ferroviarie_non_completate_in_Emilia-Romagna		3029367
0	Ferrovia_Roma-Albano	Linee_ferroviarie_nel_Lazio		2216077
0	Ferrovia_Roma-Ancona	Linee_ferroviarie_in_Umbria|Linee_ferroviarie_nel_Lazio|Linee_ferroviarie_nelle_Marche		1347928
0	Ferrovia_Roma-Capranica-Viterbo	Linee_ferroviarie_nel_Lazio		889344
0	Ferrovia_Roma-Cassino-Napoli	Linee_ferroviarie_in_Campania|Linee_ferroviarie_nel_Lazio		1133687
0	Ferrovia_Roma-Civitacastellana-Viterbo	Linee_ferroviarie_nel_Lazio		718281
0	Ferrovia_Roma-Civitavecchia	Linee_ferroviarie_nel_Lazio		1042862
0	Ferrovia_Roma-Fiuggi-Alatri-Frosinone	Linee_ferroviarie_nel_Lazio		531877
0	Ferrovia_Roma-Fiumicino	Linee_ferroviarie_nel_Lazio		2166324
0	Ferrovia_Roma-Formia-Napoli	Linee_ferroviarie_in_Campania|Linee_ferroviarie_nel_Lazio		1118880
0	Ferrovia_Roma-Frascati	Linee_ferroviarie_nel_Lazio		875126
0	Ferrovia_Roma-Giardinetti	Linee_ferroviarie_nel_Lazio		1167299
0	Ferrovia_Roma-Lido	Linee_ferroviarie_nel_Lazio		644516
0	Ferrovia_Roma-Napoli_(alta_velocità)	Linee_ferroviarie_in_Campania|Linee_ferroviarie_italiane_ad_alta_velocità|Linee_ferroviarie_nel_Lazio		1405581
0	Ferrovia_Roma-Sulmona-Pescara	Linee_ferroviarie_in_Abruzzo|Linee_ferroviarie_nel_Lazio		1042084
0	Ferrovia_Roma-Velletri	Linee_ferroviarie_nel_Lazio		1396266
0	Ferrovia_Rovereto-Arco-Riva	Linee_ferroviarie_dismesse_in_Trentino-Alto_Adige		636401
0	Ferrovia_Rovigo-Chioggia	Linee_ferroviarie_in_Veneto		1443300
0	Ferrovia_Rudolfiana	Linee_ferroviarie_in_Friuli-Venezia_Giulia		2492447
0	Ferrovia_Sacile-Pinzano	Linee_ferroviarie_in_Friuli-Venezia_Giulia		1424839
0	Ferrovia_Sacile-Vittorio_Veneto	Linee_ferroviarie_dismesse_in_Friuli-Venezia_Giulia|Linee_ferroviarie_dismesse_in_Veneto		4234696
0	Ferrovia_Salemi-Kaggera	Linee_ferroviarie_non_completate_in_Sicilia		3425439
0	Ferrovia_Salerno-Mercato_San_Severino	Linee_ferroviarie_in_Campania		3431571
0	Ferrovia_Salerno-Potenza	Linee_ferroviarie_in_Basilicata|Linee_ferroviarie_in_Campania		4795816
0	Ferrovia_Salerno-Reggio_Calabria_(alta_capacità)	Linee_ferroviarie_in_Basilicata|Linee_ferroviarie_in_Calabria|Linee_ferroviarie_in_Campania|Linee_ferroviarie_italiane_ad_alta_capacità		2553661
0	Ferrovia_San_Candido-Maribor	Linee_ferroviarie_in_provincia_di_Bolzano		2451589
0	Ferrovia_San_Giovanni_Suergiu-Iglesias	Linee_ferroviarie_dismesse_in_Sardegna		1300337
0	Ferrovia_San_Severo-Peschici	Linee_ferroviarie_in_Puglia		3020803
0	Ferrovia_San_Vito_al_Tagliamento-Motta_di_Livenza	Linee_ferroviarie_dismesse_in_Friuli-Venezia_Giulia|Linee_ferroviarie_dismesse_in_Veneto		1655517
0	Ferrovia_Sangritana	Linee_ferroviarie_in_Abruzzo		507958
0	Ferrovia_Sant'Ellero-Saltino	Linee_ferroviarie_dismesse_in_Toscana		1215313
0	Ferrovia_Santa_Ninfa-Salemi	Linee_ferroviarie_dismesse_in_Sicilia		1607453
0	Ferrovia_Santhià-Arona	Linee_ferroviarie_in_Piemonte		1678908
0	Ferrovia_Santhià-Biella	Linee_ferroviarie_in_Piemonte		1452038
0	Ferrovia_Saronno-Como	Linee_ferroviarie_in_Lombardia		1565324
0	Ferrovia_Saronno-Laveno	Linee_ferroviarie_in_Lombardia		1386137
0	Ferrovia_Sassari-Alghero	Linee_ferroviarie_in_Sardegna		1453639
0	Ferrovia_Sassari-Sorso	Linee_ferroviarie_in_Sardegna		1439596
0	Ferrovia_Sassari-Tempio-Palau	Linee_ferroviarie_in_Sardegna		1450338
0	Ferrovia_Savigliano-Saluzzo-Cuneo	Linee_ferroviarie_in_Piemonte		1460042
0	Ferrovia_Schio-Rocchette	Linee_ferroviarie_dismesse_in_Veneto		1710707
0	Ferrovia_Seregno-Bergamo	Linee_ferroviarie_in_Lombardia		1596785
0	Ferrovia_Sicignano_degli_Alburni-Lagonegro	Linee_ferroviarie_in_Basilicata|Linee_ferroviarie_in_Campania		1352635
0	Ferrovia_Siena-Grosseto	Linee_ferroviarie_in_Toscana		1448434
0	Ferrovia_Siliqua-San_Giovanni_Suergiu-Calasetta	Linee_ferroviarie_dismesse_in_Sardegna		1300338
0	Ferrovia_Siracusa-Gela-Canicattì	Linee_ferroviarie_in_Sicilia		1464676
0	Ferrovia_Siracusa-Ragusa-Vizzini	Linee_ferroviarie_dismesse_in_Sicilia		643906
0	Ferrovia_Soverato-Chiaravalle_Centrale	Linee_ferroviarie_dismesse_in_Calabria		2341713
0	Ferrovia_Sparanise-Gaeta	Linee_ferroviarie_dismesse_in_Campania|Linee_ferroviarie_dismesse_nel_Lazio		1108264
0	Ferrovia_Spinazzola-Spinazzola_Città	Linee_ferroviarie_dismesse_in_Puglia		2941088
0	Ferrovia_Spoleto-Norcia	Linee_ferroviarie_dismesse_in_Umbria|Linee_ferroviarie_dismesse_nelle_Marche		537623
0	Ferrovia_Stresa-Mottarone	Linee_ferroviarie_dismesse_in_Piemonte		965682
0	Ferrovia_Sulmona-Isernia	Linee_ferroviarie_in_Abruzzo|Linee_ferroviarie_in_Molise		1132606
0	Ferrovia_Suzzara-Ferrara	Linee_ferroviarie_in_Emilia-Romagna|Linee_ferroviarie_in_Lombardia		1166316
0	Ferrovia_Taranto-Brindisi	Linee_ferroviarie_in_Puglia		1436467
0	Ferrovia_Tarvisio-Lubiana	Linee_ferroviarie_dismesse_in_Friuli-Venezia_Giulia		1784198
0	Ferrovia_Teglio_Veneto-Bertiolo-Udine	Linee_ferroviarie_non_completate_in_Friuli-Venezia_Giulia		1780668
0	Ferrovia_Termoli-Campobasso	Linee_ferroviarie_in_Molise		3348315
0	Ferrovia_Termoli-Venafro	Linee_ferroviarie_in_Molise		4783780
0	Ferrovia_Terni-Sulmona	Linee_ferroviarie_in_Abruzzo|Linee_ferroviarie_in_Umbria|Linee_ferroviarie_nel_Lazio		1252567
0	Ferrovia_Thiene-Rocchette	Linee_ferroviarie_dismesse_in_Veneto		1715797
0	Ferrovia_Tirano-Lecco	Linee_ferroviarie_in_Lombardia		4796009
0	Ferrovia_Tirrenica	Linee_ferroviarie_in_Toscana|Linee_ferroviarie_nel_Lazio		1194264
0	Ferrovia_Tirrenica_Meridionale	Linee_ferroviarie_in_Basilicata|Linee_ferroviarie_in_Calabria|Linee_ferroviarie_in_Campania		1132544
0	Ferrovia_Tirso-Chilivani	Linee_ferroviarie_dismesse_in_Sardegna		1402981
0	Ferrovia_Tolmezzo-Paluzza-Moscardo	Linee_ferroviarie_dismesse_in_Friuli-Venezia_Giulia		1784610
0	Ferrovia_Torino-Alessandria/Chieri	Linee_ferroviarie_in_Piemonte		4780864
0	Ferrovia_Torino-Ceres	Linee_ferroviarie_in_Piemonte		1324691
0	Ferrovia_Torino-Fossano-Savona	Linee_ferroviarie_in_Liguria|Linee_ferroviarie_in_Piemonte		1187383
0	Ferrovia_Torino-Genova	Linee_ferroviarie_in_Liguria|Linee_ferroviarie_in_Piemonte		1432791
0	Ferrovia_Torino-Milano	Linee_ferroviarie_in_Lombardia|Linee_ferroviarie_in_Piemonte		1408760
0	Ferrovia_Torino-Milano_(alta_velocità)	Linee_ferroviarie_in_Lombardia|Linee_ferroviarie_in_Piemonte|Linee_ferroviarie_italiane_ad_alta_velocità		1417713
0	Ferrovia_Torino-Pinerolo-Torre_Pellice	Linee_ferroviarie_in_Piemonte		1462135
0	Ferrovia_Torre_Annunziata-Cancello	Linee_ferroviarie_in_Campania		1121742
0	Ferrovia_Torre_Annunziata-Castellammare_di_Stabia-Gragnano	Linee_ferroviarie_in_Campania		1122912
0	Ferrovia_Torre_Annunziata-Sorrento	Linee_ferroviarie_in_Campania		1319074
0	Ferrovia_Torrebelvicino-Schio	Linee_ferroviarie_dismesse_in_Veneto		1713915
0	Ferrovia_Tortona-Novi_Ligure	Linee_ferroviarie_in_Piemonte		1847539
0	Ferrovia_Tortona/Novi_Ligure-Genova	Linee_ferroviarie_in_Liguria|Linee_ferroviarie_in_Piemonte|Linee_ferroviarie_italiane_ad_alta_capacità		479773
0	Ferrovia_Transalpina	Linee_ferroviarie_in_Friuli-Venezia_Giulia		1849987
0	Ferrovia_Trento-Malè-Marilleva	Linee_ferroviarie_in_Trentino-Alto_Adige		506071
0	Ferrovia_Trento-Venezia	Linee_ferroviarie_in_Trentino-Alto_Adige|Linee_ferroviarie_in_Veneto		1419204
0	Ferrovia_Treviglio-Bergamo	Linee_ferroviarie_in_Lombardia		1619319
0	Ferrovia_Treviglio-Cremona	Linee_ferroviarie_in_Lombardia		2136266
0	Ferrovia_Treviso-Ostiglia	Linee_ferroviarie_dismesse_in_Lombardia|Linee_ferroviarie_dismesse_in_Veneto		1186303
0	Ferrovia_Treviso-Portogruaro	Linee_ferroviarie_in_Veneto		1422352
0	Ferrovia_Trieste-Erpelle	Linee_ferroviarie_dismesse_in_Friuli-Venezia_Giulia		1849270
0	Ferrovia_Trofarello-Chieri	Linee_ferroviarie_in_Piemonte		1432770
0	Ferrovia_Udine-Cervignano	Linee_ferroviarie_in_Friuli-Venezia_Giulia		1889978
0	Ferrovia_Udine-Cividale	Linee_ferroviarie_in_Friuli-Venezia_Giulia		1239605
0	Ferrovia_Udine-Majano	Linee_ferroviarie_non_completate_in_Friuli-Venezia_Giulia		1781108
0	Ferrovia_Udine-Trieste	Linee_ferroviarie_in_Friuli-Venezia_Giulia		1817622
0	Ferrovia_Urbino-Fabriano	Linee_ferroviarie_nelle_Marche		1432814
0	Ferrovia_Vairano-Isernia	Linee_ferroviarie_in_Campania|Linee_ferroviarie_in_Molise		3348340
0	Ferrovia_Varese-Porto_Ceresio	Linee_ferroviarie_in_Lombardia		2350545
0	Ferrovia_Vaticana	Linee_ferroviarie_nel_Lazio		2304693
0	Ferrovia_Velletri-Segni	Linee_ferroviarie_dismesse_nel_Lazio		1878503
0	Ferrovia_Velletri-Terracina	Linee_ferroviarie_nel_Lazio		1436554
0	Ferrovia_Venezia-Trieste	Linee_ferroviarie_in_Friuli-Venezia_Giulia|Linee_ferroviarie_in_Veneto		1410166
0	Ferrovia_Venezia-Trieste_(alta_capacità)	Linee_ferroviarie_in_Friuli-Venezia_Giulia|Linee_ferroviarie_in_Veneto|Linee_ferroviarie_italiane_ad_alta_capacità		1676108
0	Ferrovia_Venezia-Udine	Linee_ferroviarie_in_Friuli-Venezia_Giulia|Linee_ferroviarie_in_Veneto		1817597
0	Ferrovia_Vercelli-Casale-Valenza	Linee_ferroviarie_in_Piemonte		1449952
0	Ferrovia_Vercelli-Pavia	Linee_ferroviarie_in_Lombardia|Linee_ferroviarie_in_Piemonte		1803660
0	Ferrovia_Verona-Caprino-Garda	Linee_ferroviarie_dismesse_in_Veneto		1841284
0	Ferrovia_Verona-Mantova-Modena	Linee_ferroviarie_in_Emilia-Romagna|Linee_ferroviarie_in_Lombardia|Linee_ferroviarie_in_Veneto		1398801
0	Ferrovia_Verona-Rovigo	Linee_ferroviarie_in_Veneto		1664119
0	Ferrovia_Verona-Venezia_(alta_velocità)	Linee_ferroviarie_in_Veneto|Linee_ferroviarie_italiane_ad_alta_velocità		1610194
0	Ferrovia_Viareggio-Firenze	Linee_ferroviarie_in_Toscana		4776200
0	Ferrovia_Vibo_Valentia-Mileto	Linee_ferroviarie_dismesse_in_Calabria		2053500
0	Ferrovia_Vicenza-Schio	Linee_ferroviarie_in_Veneto		1428514
0	Ferrovia_Vicenza-Treviso	Linee_ferroviarie_in_Veneto		1428567
0	Ferrovia_Villa_Literno-Cancello	Linee_ferroviarie_in_Campania		4814249
0	Ferrovia_Villa_Santina-Comeglians	Linee_ferroviarie_dismesse_in_Friuli-Venezia_Giulia		1784593
0	Ferrovia_Villamar-Ales	Linee_ferroviarie_dismesse_in_Sardegna		1369275
0	Ferrovia_Villamassargia-Carbonia	Linee_ferroviarie_in_Sardegna		1275259
0	Ferrovia_Viterbo-Attigliano	Linee_ferroviarie_nel_Lazio		2354268
0	Ferrovia_Voghera-Varzi	Linee_ferroviarie_dismesse_in_Lombardia		505190
0	Ferrovia_Zollino-Gallipoli	Linee_ferroviarie_in_Puglia		2447972
0	Ferrovia_decauville_Gariglione-Differenze	Linee_ferroviarie_dismesse_in_Calabria		2666045
0	Ferrovia_del_Bernina	Linee_ferroviarie_in_Lombardia		1783949
0	Ferrovia_del_Brennero	Linee_ferroviarie_in_Trentino-Alto_Adige|Linee_ferroviarie_in_Veneto		618127
0	Ferrovia_del_Frejus	Linee_ferroviarie_in_Piemonte		688960
0	Ferrovia_del_Moncenisio	Linee_ferroviarie_dismesse_in_Piemonte		12403
0	Ferrovia_del_Renon	Linee_ferroviarie_in_provincia_di_Bolzano		520344
0	Ferrovia_del_Resia	Linee_ferroviarie_non_completate_in_provincia_di_Bolzano		684378
0	Ferrovia_del_Sempione	Linee_ferroviarie_in_Piemonte		2915039
0	Ferrovia_dell'Arsenale	Linee_ferroviarie_dismesse_in_Liguria		2456248
0	Ferrovia_della_Val_Gardena	Linee_ferroviarie_dismesse_in_provincia_di_Bolzano		795722
0	Ferrovia_della_Val_Pusteria	Linee_ferroviarie_in_provincia_di_Bolzano		622628
0	Ferrovia_della_Val_Venosta	Linee_ferroviarie_in_provincia_di_Bolzano		99235
0	Ferrovia_della_Val_di_Fiemme	Linee_ferroviarie_dismesse_in_Trentino-Alto_Adige		613559
0	Ferrovia_della_Valganna	Linee_ferroviarie_dismesse_in_Lombardia		3367116
0	Ferrovia_della_Valle_Brembana	Linee_ferroviarie_dismesse_in_Lombardia		505667
0	Ferrovia_della_Valle_Seriana	Linee_ferroviarie_dismesse_in_Lombardia		505644
0	Ferrovia_della_Valmorea	Linee_ferroviarie_dismesse_in_Lombardia		1824035
0	Ferrovia_della_Valtellina	Linee_ferroviarie_in_Lombardia		1246994
0	Ferrovia_delle_Dolomiti	Linee_ferroviarie_dismesse_in_Veneto|Linee_ferroviarie_dismesse_in_provincia_di_Bolzano		529290
0	Ferrovia_dello_Stelvio	Linee_ferroviarie_non_completate_in_Lombardia|Linee_ferroviarie_non_completate_in_provincia_di_Bolzano		684129
0	Ferrovia_di_Monterufoli	Linee_ferroviarie_dismesse_in_Toscana		1214642
0	Ferrovia_marmifera_di_Lasa	Linee_ferroviarie_in_provincia_di_Bolzano		622773
0	Ferrovia_mineraria_Sikelia	Linee_ferroviarie_dismesse_in_Sicilia		2418537
0	Ferrovia_sopraelevata_dell'Esposizione_di_Milano	Linee_ferroviarie_dismesse_in_Lombardia		4638018
0	Ferrovia_succursale_dei_Giovi	Linee_ferroviarie_in_Liguria|Linee_ferroviarie_in_Piemonte		3248818
0	Ferrovie_del_Nord_Barese	Linee_ferroviarie_in_Puglia		581817
0	Ferrovie_dismesse_nell'alto_vicentino	Linee_ferroviarie_dismesse_in_Veneto		1505143
0	Linea_a_monte_del_Vesuvio	Linee_ferroviarie_in_Campania|Linee_ferroviarie_italiane_ad_alta_capacità		1715722
0	Linea_dei_Bivi	Linee_ferroviarie_in_Veneto		1695950
0	Linea_delle_Rive	Linee_ferroviarie_dismesse_in_Friuli-Venezia_Giulia		2407467
0	Linea_di_cintura_(Bologna)	Linee_ferroviarie_in_Emilia-Romagna		1238817
0	Linea_di_cintura_(Milano)	Linee_ferroviarie_in_Lombardia		1835146
0	Linea_di_cintura_(Trieste)	Linee_ferroviarie_in_Friuli-Venezia_Giulia		1890248
0	Linea_di_cintura_(Udine)	Linee_ferroviarie_in_Friuli-Venezia_Giulia		1983481
0	Linee_celeri_dell'Adda	Linee_ferroviarie_non_completate_in_Lombardia		678271
0	Linee_celeri_della_Brianza	Linee_ferroviarie_non_completate_in_Lombardia		679886
14	Linee_ferroviarie_dismesse_in_Abruzzo	Linee_ferroviarie_dismesse_in_Italia|Linee_ferroviarie_in_Abruzzo		2366876
14	Linee_ferroviarie_dismesse_in_Basilicata	Linee_ferroviarie_dismesse_in_Italia|Linee_ferroviarie_in_Basilicata		2366652
14	Linee_ferroviarie_dismesse_in_Calabria	Linee_ferroviarie_dismesse_in_Italia|Linee_ferroviarie_in_Calabria		2366786
14	Linee_ferroviarie_dismesse_in_Campania	Linee_ferroviarie_dismesse_in_Italia|Linee_ferroviarie_in_Campania		2366653
14	Linee_ferroviarie_dismesse_in_Emilia-Romagna	Linee_ferroviarie_dismesse_in_Italia|Linee_ferroviarie_in_Emilia-Romagna		2365259
14	Linee_ferroviarie_dismesse_in_Friuli-Venezia_Giulia	Linee_ferroviarie_dismesse_in_Italia|Linee_ferroviarie_in_Friuli-Venezia_Giulia		2848650
14	Linee_ferroviarie_dismesse_in_Italia	Linee_ferroviarie_in_Italia		2365226
14	Linee_ferroviarie_dismesse_in_Liguria	Linee_ferroviarie_dismesse_in_Italia		2456711
14	Linee_ferroviarie_dismesse_in_Lombardia	Linee_ferroviarie_dismesse_in_Italia|Linee_ferroviarie_in_Lombardia		2365240
14	Linee_ferroviarie_dismesse_in_Molise	Linee_ferroviarie_dismesse_in_Italia|Linee_ferroviarie_in_Molise		2710145
14	Linee_ferroviarie_dismesse_in_Piemonte	Linee_ferroviarie_dismesse_in_Italia|Linee_ferroviarie_in_Piemonte		2365225
14	Linee_ferroviarie_dismesse_in_Puglia	Linee_ferroviarie_dismesse_in_Italia|Linee_ferroviarie_in_Puglia		2366857
14	Linee_ferroviarie_dismesse_in_Sardegna	Linee_ferroviarie_dismesse_in_Italia|Linee_ferroviarie_in_Sardegna		2365367
14	Linee_ferroviarie_dismesse_in_Sicilia	Linee_ferroviarie_dismesse_in_Italia|Linee_ferroviarie_in_Sicilia		2366639
14	Linee_ferroviarie_dismesse_in_Toscana	Linee_ferroviarie_dismesse_in_Italia|Linee_ferroviarie_in_Toscana		2366235
14	Linee_ferroviarie_dismesse_in_Trentino-Alto_Adige	Linee_ferroviarie_dismesse_in_Italia|Linee_ferroviarie_in_Trentino-Alto_Adige		2366664
14	Linee_ferroviarie_dismesse_in_Umbria	Linee_ferroviarie_dismesse_in_Italia|Linee_ferroviarie_in_Umbria		2366776
14	Linee_ferroviarie_dismesse_in_Val_d'Aosta	Linee_ferroviarie_dismesse_in_Italia|Linee_ferroviarie_in_Val_d'Aosta		2867272
14	Linee_ferroviarie_dismesse_in_Veneto	Linee_ferroviarie_dismesse_in_Italia|Linee_ferroviarie_in_Veneto		2365288
14	Linee_ferroviarie_dismesse_in_provincia_di_Bolzano	Linee_ferroviarie_dismesse_in_Trentino-Alto_Adige|Linee_ferroviarie_in_provincia_di_Bolzano		2366665
14	Linee_ferroviarie_dismesse_nel_Lazio	Linee_ferroviarie_dismesse_in_Italia|Linee_ferroviarie_nel_Lazio		2366766
14	Linee_ferroviarie_dismesse_nelle_Marche	Linee_ferroviarie_dismesse_in_Italia|Linee_ferroviarie_nelle_Marche		2365305
14	Linee_ferroviarie_in_Abruzzo	Linee_ferroviarie_in_Italia		1249491
14	Linee_ferroviarie_in_Basilicata	Linee_ferroviarie_in_Italia		1250822
14	Linee_ferroviarie_in_Calabria	Linee_ferroviarie_in_Italia		1248161
14	Linee_ferroviarie_in_Campania	Linee_ferroviarie_in_Italia		1248169
14	Linee_ferroviarie_in_Emilia-Romagna	Linee_ferroviarie_in_Italia		1249514
14	Linee_ferroviarie_in_Friuli-Venezia_Giulia	Linee_ferroviarie_in_Italia		2848642
14	Linee_ferroviarie_in_Liguria	Linee_ferroviarie_in_Italia		1247992
14	Linee_ferroviarie_in_Lombardia	Linee_ferroviarie_in_Italia		1248001
14	Linee_ferroviarie_in_Molise	Linee_ferroviarie_in_Italia		1250828
14	Linee_ferroviarie_in_Piemonte	Linee_ferroviarie_in_Italia		1248017
14	Linee_ferroviarie_in_Puglia	Linee_ferroviarie_in_Italia		1250442
14	Linee_ferroviarie_in_Sardegna	Linee_ferroviarie_in_Italia		1249509
14	Linee_ferroviarie_in_Sicilia	Linee_ferroviarie_in_Italia		1248179
14	Linee_ferroviarie_in_Toscana	Linee_ferroviarie_in_Italia		1249319
14	Linee_ferroviarie_in_Trentino-Alto_Adige	Linee_ferroviarie_in_Italia		1248084
14	Linee_ferroviarie_in_Umbria	Linee_ferroviarie_in_Italia		1279815
14	Linee_ferroviarie_in_Val_d'Aosta	Linee_ferroviarie_in_Italia		1385320
14	Linee_ferroviarie_in_Veneto	Linee_ferroviarie_in_Italia		1250437
14	Linee_ferroviarie_in_provincia_di_Bolzano	Linee_ferroviarie_in_Trentino-Alto_Adige		2209596
14	Linee_ferroviarie_italiane_ad_alta_capacità	Linee_ferroviarie_in_Italia		2556191
14	Linee_ferroviarie_italiane_ad_alta_velocità	Linee_ferroviarie_in_Italia		1452039
14	Linee_ferroviarie_nel_Lazio	Linee_ferroviarie_in_Italia		1813562
14	Linee_ferroviarie_nelle_Marche	Linee_ferroviarie_in_Italia		1249507
14	Linee_ferroviarie_non_completate_in_Basilicata	Linee_ferroviarie_in_Basilicata|Linee_ferroviarie_non_completate_in_Italia		3303897
14	Linee_ferroviarie_non_completate_in_Emilia-Romagna	Linee_ferroviarie_in_Emilia-Romagna|Linee_ferroviarie_non_completate_in_Italia		3303914
14	Linee_ferroviarie_non_completate_in_Friuli-Venezia_Giulia	Linee_ferroviarie_in_Friuli-Venezia_Giulia|Linee_ferroviarie_non_completate_in_Italia		2848653
14	Linee_ferroviarie_non_completate_in_Italia	Linee_ferroviarie_in_Italia		3303896
14	Linee_ferroviarie_non_completate_in_Lombardia	Linee_ferroviarie_in_Lombardia|Linee_ferroviarie_non_completate_in_Italia		3303905
14	Linee_ferroviarie_non_completate_in_Sicilia	Linee_ferroviarie_in_Sicilia|Linee_ferroviarie_non_completate_in_Italia		3303921
14	Linee_ferroviarie_non_completate_in_provincia_di_Bolzano	Linee_ferroviarie_in_provincia_di_Bolzano|Linee_ferroviarie_non_completate_in_Italia		3303910
14	Linee_ferroviarie_non_completate_nel_Lazio	Linee_ferroviarie_nel_Lazio|Linee_ferroviarie_non_completate_in_Italia		3303927
14	Linee_ferroviarie_non_completate_nelle_Marche	Linee_ferroviarie_nelle_Marche|Linee_ferroviarie_non_completate_in_Italia		3303916
0	Metrotranvia_di_Cagliari	Tranvie_in_Sardegna		1218945
0	Metrotranvia_di_Sassari	Tranvie_in_Sardegna		711429
0	Passante_ferroviario_di_Genova	Linee_ferroviarie_in_Liguria		1982311
0	Passante_ferroviario_di_Milano	Linee_ferroviarie_in_Lombardia		743228
0	Passante_ferroviario_di_Napoli	Linee_ferroviarie_in_Campania		1363575
0	Passante_ferroviario_di_Palermo	Linee_ferroviarie_in_Sicilia		1899688
0	Passante_ferroviario_di_Torino	Linee_ferroviarie_in_Piemonte		1198683
0	Progetto_di_ferrovia_Subappennina	Linee_ferroviarie_non_completate_in_Emilia-Romagna|Linee_ferroviarie_non_completate_nelle_Marche		1788601
0	Progetto_di_ferrovia_Torino-Lione	Linee_ferroviarie_in_Piemonte		3742727
0	Raccordi_industriali_di_Carrara	Linee_ferroviarie_in_Toscana		4769076
0	Raccordo_ferroviario_per_Castellammare_Marittima	Linee_ferroviarie_in_Campania		1364124
0	Raccordo_ferroviario_per_Torre_Annunziata_Marittima	Linee_ferroviarie_in_Campania		3784267
0	Rete_FS_a_scartamento_ridotto_della_Sicilia	Linee_ferroviarie_in_Sicilia		2501332
0	Rete_ferroviaria_del_Lazio	Linee_ferroviarie_nel_Lazio		2995653
0	Rete_ferroviaria_dell'Emilia-Romagna	Linee_ferroviarie_in_Emilia-Romagna		2870613
0	Rete_ferroviaria_della_Calabria	Linee_ferroviarie_in_Calabria		2641272
0	Rete_ferroviaria_della_Campania	Linee_ferroviarie_in_Campania		1491624
0	Rete_ferroviaria_della_Sardegna	Linee_ferroviarie_in_Sardegna		1241372
0	Rete_ferroviaria_della_Sicilia	Linee_ferroviarie_in_Sicilia		789174
0	Rete_ferroviaria_della_Toscana	Linee_ferroviarie_in_Toscana		1192323
0	Rete_tranviaria_del_Lido_di_Venezia	Tranvie_dismesse_in_Veneto		4824231
0	Rete_tranviaria_della_Spezia	Tranvie_dismesse_in_Liguria		4860589
0	Rete_tranviaria_di_Alessandria	Tranvie_dismesse_in_Piemonte		2431457
0	Rete_tranviaria_di_Brescia	Tranvie_dismesse_in_Lombardia		1358142
0	Rete_tranviaria_di_Catania	Tranvie_dismesse_in_Sicilia		754525
0	Rete_tranviaria_di_Como	Tranvie_dismesse_in_Lombardia		4640922
0	Rete_tranviaria_di_Cremona	Tranvie_dismesse_in_Lombardia		2431007
0	Rete_tranviaria_di_Ferrara	Tranvie_dismesse_in_Emilia-Romagna		2634644
0	Rete_tranviaria_di_Firenze_(1879-1958)	Tranvie_dismesse_in_Toscana		4720036
0	Rete_tranviaria_di_Genova	Tranvie_dismesse_in_Liguria		4694795
0	Rete_tranviaria_di_Gorizia	Tranvie_dismesse_in_Friuli-Venezia_Giulia		4814454
0	Rete_tranviaria_di_Livorno	Tranvie_dismesse_in_Toscana		4832585
0	Rete_tranviaria_di_Messina	Tranvie_dismesse_in_Sicilia		4729708
0	Rete_tranviaria_di_Milano	Rete_tranviaria_di_Milano		1322066
14	Rete_tranviaria_di_Milano	Tranvie_in_Lombardia		4739697
0	Rete_tranviaria_di_Napoli	Tranvie_in_Campania		2275709
0	Rete_tranviaria_di_Padova_(1883-1954)	Tranvie_dismesse_in_Veneto		4205533
0	Rete_tranviaria_di_Palermo	Tranvie_in_Sicilia		1787275
0	Rete_tranviaria_di_Palermo_(1887-1947)	Tranvie_dismesse_in_Sicilia		1270430
0	Rete_tranviaria_di_Pisa	Tranvie_dismesse_in_Toscana		4819076
0	Rete_tranviaria_di_Roma	Rete_tranviaria_di_Roma		837207
14	Rete_tranviaria_di_Roma	Tranvie_nel_Lazio		4739685
0	Rete_tranviaria_di_Torino	Rete_tranviaria_di_Torino		2276996
14	Rete_tranviaria_di_Torino	Tranvie_in_Piemonte		4739662
0	Rete_tranviaria_di_Trieste	Tranvie_dismesse_in_Friuli-Venezia_Giulia		4638001
0	Rete_tranviaria_di_Udine	Tranvie_dismesse_in_Friuli-Venezia_Giulia		4661245
0	Rete_tranviaria_di_Verona	Tranvie_dismesse_in_Veneto		4794021
0	Rete_tranviaria_extraurbana_di_Brescia	Tranvie_dismesse_in_Lombardia		1290813
0	Rete_tranviaria_interurbana_di_Milano	Tranvie_dismesse_in_Lombardia		2689128
0	Rete_tranviaria_provinciale_di_Cremona	Tranvie_dismesse_in_Lombardia		2193385
0	Tram_ATAC_serie_2500	Rete_tranviaria_di_Roma		3630578
0	Tram_ATAC_serie_7000	Rete_tranviaria_di_Roma		3860439
0	Tram_ATAC_serie_8000	Rete_tranviaria_di_Roma		3859244
0	Tram_ATAC_serie_9000	Rete_tranviaria_di_Roma		4728579
0	Tram_ATAC_serie_9100	Rete_tranviaria_di_Roma		4749357
0	Tram_ATAC_serie_9200	Rete_tranviaria_di_Roma		4753060
0	Tram_ATAG_serie_2000	Rete_tranviaria_di_Roma		3861801
0	Tram_ATM_serie_1500	Rete_tranviaria_di_Milano		2126845
0	Tram_ATM_serie_2500	Rete_tranviaria_di_Milano		3630571
0	Tram_ATM_serie_2800	Rete_tranviaria_di_Torino		3873278
0	Tram_ATM_serie_3000	Rete_tranviaria_di_Milano		2126876
0	Tram_ATM_serie_4000	Rete_tranviaria_di_Milano		2153933
0	Tram_ATM_serie_4100	Rete_tranviaria_di_Milano		3634696
0	Tram_ATM_serie_4500_(I)	Rete_tranviaria_di_Milano		3628796
0	Tram_ATM_serie_4500_(II)	Rete_tranviaria_di_Milano		3634724
0	Tram_ATM_serie_4600	Rete_tranviaria_di_Milano		3628721
0	Tram_ATM_serie_4700	Rete_tranviaria_di_Milano		3628782
0	Tram_ATM_serie_4800	Rete_tranviaria_di_Milano		2153894
0	Tram_ATM_serie_4900	Rete_tranviaria_di_Milano		2482961
0	Tram_ATM_serie_5000_(Milano)	Rete_tranviaria_di_Milano		3627331
0	Tram_ATM_serie_5000_(Torino)	Rete_tranviaria_di_Torino		3929764
0	Tram_ATM_serie_5100	Rete_tranviaria_di_Milano		3627346
0	Tram_ATM_serie_5200	Rete_tranviaria_di_Milano		4076531
0	Tram_ATM_serie_5300	Rete_tranviaria_di_Milano		3964855
0	Tram_ATM_serie_5400	Rete_tranviaria_di_Milano		3964799
0	Tram_ATM_serie_600	Rete_tranviaria_di_Milano		3630073
0	Tram_ATM_serie_6000	Rete_tranviaria_di_Torino		4698162
0	Tram_ATM_serie_700	Rete_tranviaria_di_Milano		3629909
0	Tram_ATM_serie_7000_(Milano)	Rete_tranviaria_di_Milano		3876869
0	Tram_ATM_serie_7000_(Torino)	Rete_tranviaria_di_Torino		3876962
0	Tram_ATM_serie_7100	Rete_tranviaria_di_Milano		3628699
0	Tram_ATM_serie_7500	Rete_tranviaria_di_Milano		3628700
0	Tram_ATM_serie_7600	Rete_tranviaria_di_Milano		3628702
0	Tram_ATM_sperimentali	Rete_tranviaria_di_Milano		4169693
0	Tram_tipo_Edison	Rete_tranviaria_di_Milano		3630970
0	Tranvia_Alessandria-Casale_Monferrato	Tranvie_dismesse_in_Piemonte		3509469
0	Tranvia_Anzio-Nettuno	Tranvie_dismesse_nel_Lazio		3090769
0	Tranvia_Bergamo-Albino	Tranvie_in_Lombardia		2311652
0	Tranvia_Bergamo-Albino_(1912-1953)	Tranvie_dismesse_in_Lombardia		3834121
0	Tranvia_Bergamo-Soncino	Tranvie_dismesse_in_Lombardia		2890411
0	Tranvia_Biella-Oropa	Tranvie_dismesse_in_Piemonte		2727164
0	Tranvia_Bisuschio-Viggiù	Tranvie_dismesse_in_Lombardia		3344379
0	Tranvia_Bologna-Casalecchio-Vignola	Tranvie_dismesse_in_Emilia-Romagna		2591878
0	Tranvia_Bologna-Imola	Tranvie_dismesse_in_Emilia-Romagna		2556858
0	Tranvia_Bologna-Malalbergo	Tranvie_dismesse_in_Emilia-Romagna		2058149
0	Tranvia_Bologna-Pieve_di_Cento	Tranvie_dismesse_in_Emilia-Romagna		2559840
0	Tranvia_Borgo_San_Donnino-Salsomaggiore	Tranvie_dismesse_in_Emilia-Romagna		4669934
0	Tranvia_Brescia-Cellatica-Gussago	Tranvie_dismesse_in_Lombardia		1358121
0	Tranvia_Brescia-Gardone_Val_Trompia	Tranvie_dismesse_in_Lombardia		2024992
0	Tranvia_Brescia-Idro	Tranvie_dismesse_in_Lombardia		2035055
0	Tranvia_Brescia-Mantova-Ostiglia	Tranvie_dismesse_in_Lombardia		1305883
0	Tranvia_Brescia-Ostiano	Tranvie_dismesse_in_Lombardia		2018845
0	Tranvia_Brescia-Salò	Tranvie_dismesse_in_Lombardia		2052206
0	Tranvia_Brescia-Soncino	Tranvie_dismesse_in_Lombardia		1344795
0	Tranvia_Ca'_de_Soresini-San_Giovanni_in_Croce	Tranvie_dismesse_in_Lombardia		2607217
0	Tranvia_Caldiero-Tregnago	Tranvie_dismesse_in_Veneto		4794015
0	Tranvia_Carrara-Marina_di_Carrara	Tranvie_dismesse_in_Toscana		4576485
0	Tranvia_Casalmaggiore-Ponte_Majocche	Tranvie_dismesse_in_Lombardia		2611129
0	Tranvia_Castellammare_di_Stabia-Sorrento	Tranvie_dismesse_in_Campania		2651011
0	Tranvia_Catania-Acireale	Tranvie_dismesse_in_Sicilia		1001282
0	Tranvia_Como-Appiano_Gentile-Mozzate	Tranvie_dismesse_in_Lombardia		4002414
0	Tranvia_Como-Cantù-Asnago	Tranvie_dismesse_in_Lombardia		3997688
0	Tranvia_Como-Cernobbio-Maslianico-Ponte_Chiasso	Tranvie_dismesse_in_Lombardia		4873361
0	Tranvia_Como-Erba-Lecco	Tranvie_dismesse_in_Lombardia		4029794
0	Tranvia_Como-Fino-Saronno	Tranvie_dismesse_in_Lombardia		3649073
0	Tranvia_Cremona-Asola	Tranvie_dismesse_in_Lombardia		2651230
0	Tranvia_Cremona-Casalmaggiore	Tranvie_dismesse_in_Lombardia		2341752
0	Tranvia_Cremona-Lugagnano	Tranvie_dismesse_in_Emilia-Romagna		4839721
0	Tranvia_Cremona-Ostiano	Tranvie_dismesse_in_Lombardia		2264636
0	Tranvia_Cusano-Cinisello-Monza	Tranvie_dismesse_in_Lombardia		3054694
0	Tranvia_Este-Sant'Elena	Tranvie_dismesse_in_Veneto		1469802
0	Tranvia_Ferrara-Codigoro	Tranvie_dismesse_in_Emilia-Romagna		4871416
0	Tranvia_Ferrara-Pontelagoscuro	Tranvie_dismesse_in_Emilia-Romagna		2400242
0	Tranvia_Firenze-Fiesole	Tranvie_dismesse_in_Toscana		3076402
0	Tranvia_Firenze-Poggio_a_Caiano-Prato	Tranvie_dismesse_in_Toscana		3001489
0	Tranvia_Firenze-Signa	Tranvie_dismesse_in_Toscana		1848226
0	Tranvia_Forlì-Meldola	Tranvie_dismesse_in_Emilia-Romagna		4651145
0	Tranvia_Forlì-Ravenna	Tranvie_dismesse_in_Emilia-Romagna		3555688
0	Tranvia_Fornaci-Treviglio-Caravaggio	Tranvie_dismesse_in_Lombardia		2786358
0	Tranvia_Grazzano-Rivergaro	Tranvie_dismesse_in_Emilia-Romagna		4744032
0	Tranvia_Intra-Omegna	Tranvie_dismesse_in_Piemonte		965666
0	Tranvia_Iseo-Rovato-Chiari	Tranvie_dismesse_in_Lombardia		2027924
0	Tranvia_Lodi-Crema-Soncino	Tranvie_dismesse_in_Lombardia		2705502
0	Tranvia_Lodi-Sant'Angelo_Lodigiano	Tranvie_dismesse_in_Lombardia		2831241
0	Tranvia_Lodi-Treviglio-Bergamo	Tranvie_dismesse_in_Lombardia		2743506
0	Tranvia_Lovere-Cividate_Camuno	Tranvie_dismesse_in_Lombardia		2028051
0	Tranvia_Lucca-Maggiano	Tranvie_dismesse_in_Toscana		4534787
0	Tranvia_Lucca-Monsummano	Tranvie_dismesse_in_Toscana		4524942
0	Tranvia_Lucca-Ponte_a_Moriano	Tranvie_dismesse_in_Toscana		3242892
0	Tranvia_Medole-Casaloldo	Tranvie_dismesse_in_Lombardia		4105830
0	Tranvia_Melegnano-Sant'Angelo_Lodigiano	Tranvie_dismesse_in_Lombardia		2826340
0	Tranvia_Messina-Barcellona_Pozzo_di_Gotto	Tranvie_dismesse_in_Sicilia		1202524
0	Tranvia_Messina-Giampilieri	Tranvie_dismesse_in_Sicilia		1376815
0	Tranvia_Milano-Carate/Giussano	Tranvie_dismesse_in_Lombardia		1296281
0	Tranvia_Milano-Cinisello	Tranvie_dismesse_in_Lombardia		3649102
0	Tranvia_Milano-Corsico-Abbiategrasso	Tranvie_dismesse_in_Lombardia		3639045
0	Tranvia_Milano-Gallarate	Tranvie_dismesse_in_Lombardia		2684045
0	Tranvia_Milano-Gorgonzola-Vaprio	Tranvie_dismesse_in_Lombardia		1796030
0	Tranvia_Milano-Limbiate	Tranvie_in_Lombardia		2112043
0	Tranvia_Milano-Lodi	Tranvie_dismesse_in_Lombardia		2804213
0	Tranvia_Milano-Magenta/Castano_Primo	Tranvie_dismesse_in_Lombardia		1777423
0	Tranvia_Milano-Monza	Tranvie_dismesse_in_Lombardia		3231846
0	Tranvia_Milano-Pavia	Tranvie_dismesse_in_Lombardia		2798819
0	Tranvia_Milano-Saronno-Tradate	Tranvie_dismesse_in_Lombardia		3641126
0	Tranvia_Milano-Vimercate	Tranvie_dismesse_in_Lombardia		3637070
0	Tranvia_Monchiero-Dogliani	Tranvie_dismesse_in_Piemonte		4731532
0	Tranvia_Montebelluna-Asolo	Tranvie_dismesse_in_Veneto		4798472
0	Tranvia_Montebelluna-Valdobbiadene	Tranvie_dismesse_in_Veneto		4798473
0	Tranvia_Monza-Barzanò-Oggiono	Tranvie_dismesse_in_Lombardia		3649014
0	Tranvia_Monza-Carate	Tranvie_dismesse_in_Lombardia		3128157
0	Tranvia_Monza-Meda-Cantù	Tranvie_dismesse_in_Lombardia		3650377
0	Tranvia_Monza-Trezzo-Bergamo	Tranvie_dismesse_in_Lombardia		3041481
0	Tranvia_Napoli_Museo-Torretta	Tranvie_dismesse_in_Campania		3271306
0	Tranvia_Novi_Ligure-Ovada	Tranvie_dismesse_in_Piemonte		4516874
0	Tranvia_Oneglia-Porto_Maurizio	Tranvie_dismesse_in_Liguria		4750107
0	Tranvia_Ospedaletti-Sanremo-Taggia	Tranvie_dismesse_in_Liguria		4546709
0	Tranvia_Ostellato-Porto_Garibaldi	Tranvie_dismesse_in_Emilia-Romagna		4273733
0	Tranvia_Padova-Bagnoli_di_Sopra	Tranvie_dismesse_in_Veneto		4850158
0	Tranvia_Padova-Malcontenta-Fusina	Tranvie_dismesse_in_Veneto		1687545
0	Tranvia_Padova-Piove_di_Sacco	Tranvie_dismesse_in_Veneto		4850161
0	Tranvia_Pavia-Sant'Angelo_Lodigiano	Tranvie_dismesse_in_Lombardia		2804152
0	Tranvia_Piacenza-Agazzano	Tranvie_dismesse_in_Emilia-Romagna		4770557
0	Tranvia_Piacenza-Bettola	Tranvie_dismesse_in_Emilia-Romagna		4742784
0	Tranvia_Piacenza-Cremona	Tranvie_dismesse_in_Emilia-Romagna		4756078
0	Tranvia_Piacenza-Lugagnano	Tranvie_dismesse_in_Emilia-Romagna		4834297
0	Tranvia_Piacenza-Pianello-Nibbiano	Tranvie_dismesse_in_Emilia-Romagna		4768007
0	Tranvia_Pinerolo-Perosa_Argentina	Tranvie_dismesse_in_Piemonte		4276955
0	Tranvia_Pisa-Marina_di_Pisa	Tranvie_dismesse_in_Toscana		4524859
0	Tranvia_Pisa-Pontedera/Calci	Tranvie_dismesse_in_Toscana		4524857
0	Tranvia_Porto_Empedocle-Lucia	Tranvie_dismesse_in_Sicilia		1749496
0	Tranvia_Raddusa-Sant'Agostino	Tranvie_dismesse_in_Sicilia		1480683
0	Tranvia_Salerno-Pompei	Tranvie_dismesse_in_Campania		2843660
0	Tranvia_San_Bonifacio-Lonigo-Cologna_Veneta	Tranvie_dismesse_in_Veneto		4794016
0	Tranvia_San_Bonifacio-San_Giovanni_Ilarione	Tranvie_dismesse_in_Veneto		4794020
0	Tranvia_Sassi-Superga	Tranvie_in_Piemonte		1983134
0	Tranvia_Stradella-Santa_Maria_della_Versa	Tranvie_dismesse_in_Lombardia		2951913
0	Tranvia_Susegana-Pieve_di_Soligo	Tranvie_dismesse_in_Veneto		4747600
0	Tranvia_Torino-Rivoli	Tranvie_dismesse_in_Piemonte		4637259
0	Tranvia_Torino-Volpiano	Tranvie_dismesse_in_Piemonte		2590348
0	Tranvia_Udine-San_Daniele	Tranvie_dismesse_in_Friuli-Venezia_Giulia		4657636
0	Tranvia_Udine-Tarcento	Tranvie_dismesse_in_Friuli-Venezia_Giulia		4660951
0	Tranvia_Valdarnese	Tranvie_dismesse_in_Toscana		1800058
0	Tranvia_Varese-Angera	Tranvie_dismesse_in_Lombardia		2042884
0	Tranvia_Varese-Prima_Cappella-Vellone	Tranvie_dismesse_in_Lombardia		3651511
0	Tranvia_Ventimiglia-Bordighera	Tranvie_dismesse_in_Liguria		4543582
0	Tranvia_Vercelli-Trino	Tranvie_dismesse_in_Piemonte		4874560
0	Tranvia_Verona-Albaredo-Coriano	Tranvie_dismesse_in_Veneto		4794022
0	Tranvia_Verona-Caldiero-San_Bonifacio	Tranvie_dismesse_in_Veneto		4794014
0	Tranvia_Verona-Grezzana	Tranvie_dismesse_in_Veneto		4794019
0	Tranvia_Viareggio-Camaiore	Tranvie_dismesse_in_Toscana		4589899
0	Tranvia_Vicenza-Noventa-Montagnana	Tranvie_dismesse_in_Veneto		4586710
0	Tranvia_Vicenza-Valdagno	Tranvie_dismesse_in_Veneto		3802046
0	Tranvia_Voghera-Rivanazzano-Salice_Terme	Tranvie_dismesse_in_Lombardia		4725087
0	Tranvia_Voghera-Stradella	Tranvie_dismesse_in_Lombardia		4705572
0	Tranvia_del_Chianti	Tranvie_dismesse_in_Toscana		1295084
0	Tranvia_della_Valcuvia	Tranvie_dismesse_in_Lombardia		3651632
0	Tranvia_delle_Cascine	Tranvie_dismesse_in_Toscana		1848140
0	Tranvia_di_Firenze	Tranvie_in_Toscana		1561025
0	Tranvia_di_Lecco	Tranvie_dismesse_in_Lombardia		4029841
0	Tranvia_di_Massa	Tranvie_dismesse_in_Toscana		4580957
0	Tranvia_di_Messina	Tranvie_in_Sicilia		2033144
0	Tranvia_di_Mestre	Tranvie_in_Veneto		1859264
0	Tranvia_di_Monreale	Tranvie_dismesse_in_Sicilia		2040802
0	Tranvia_di_Opicina	Tranvie_in_Friuli-Venezia_Giulia		263090
0	Tranvia_di_Padova	Tranvie_in_Veneto		1659292
0	Tranvia_di_Pavia	Tranvie_dismesse_in_Lombardia		2415300
0	Tranvia_di_Sulmona	Tranvie_dismesse_in_Abruzzo		2352810
0	Tranvia_di_Trapani	Tranvie_dismesse_in_Sicilia		4643356
0	Tranvia_di_Valenza	Tranvie_dismesse_in_Piemonte		3310895
0	Tranvia_litoranea_di_Viareggio	Tranvie_dismesse_in_Toscana		4589225
0	Tranvie_dei_Castelli_Romani	Tranvie_dismesse_nel_Lazio		798205
0	Tranvie_dell'Adda	Tranvie_dismesse_in_Lombardia		4454711
0	Tranvie_della_Versilia	Tranvie_dismesse_in_Toscana		4586901
0	Tranvie_di_Capodimonte	Tranvie_dismesse_in_Campania		3764912
14	Tranvie_dismesse_in_Abruzzo	Tranvie_in_Abruzzo		4810302
14	Tranvie_dismesse_in_Campania	Tranvie_in_Campania		3376314
14	Tranvie_dismesse_in_Emilia-Romagna	Tranvie_in_Emilia-Romagna		3376321
14	Tranvie_dismesse_in_Friuli-Venezia_Giulia	Tranvie_in_Friuli-Venezia_Giulia		4657638
14	Tranvie_dismesse_in_Liguria	Tranvie_in_Liguria		4544020
14	Tranvie_dismesse_in_Lombardia	Tranvie_in_Lombardia		3373710
14	Tranvie_dismesse_in_Piemonte	Tranvie_in_Piemonte		3373740
14	Tranvie_dismesse_in_Sicilia	Tranvie_in_Sicilia		3376309
14	Tranvie_dismesse_in_Toscana	Tranvie_in_Toscana		3376317
14	Tranvie_dismesse_in_Veneto	Tranvie_in_Veneto		3802257
14	Tranvie_dismesse_nel_Lazio	Tranvie_nel_Lazio		4643671
14	Tranvie_in_Abruzzo	Linee_ferroviarie_in_Abruzzo		4810303
14	Tranvie_in_Campania	Linee_ferroviarie_in_Campania		3374081
14	Tranvie_in_Emilia-Romagna	Linee_ferroviarie_in_Emilia-Romagna		3376325
14	Tranvie_in_Friuli-Venezia_Giulia	Linee_ferroviarie_in_Friuli-Venezia_Giulia		3376327
14	Tranvie_in_Liguria	Linee_ferroviarie_in_Liguria		4544021
14	Tranvie_in_Lombardia	Linee_ferroviarie_in_Lombardia		3373716
14	Tranvie_in_Piemonte	Linee_ferroviarie_in_Piemonte		3373743
14	Tranvie_in_Sardegna	Linee_ferroviarie_in_Sardegna		3374058
14	Tranvie_in_Sicilia	Linee_ferroviarie_in_Sicilia		3374060
14	Tranvie_in_Toscana	Linee_ferroviarie_in_Toscana		3374059
14	Tranvie_in_Veneto	Linee_ferroviarie_in_Veneto		3374063
0	Tranvie_modenesi	Tranvie_dismesse_in_Emilia-Romagna		1522366
14	Tranvie_nel_Lazio	Linee_ferroviarie_nel_Lazio		3374079
0	Trenino_Verde	Linee_ferroviarie_in_Sardegna		616762
