0	BicItalia	BicItalia|Piste_ciclabili_d'Italia		3228294
14	BicItalia	Piste_ciclabili_d'Italia		4782899
0	Ciclabile_del_Canale_Vacchelli	Piste_ciclabili_della_provincia_di_Cremona		2523744
0	Ciclabile_della_Drava	Piste_ciclabili_della_provincia_di_Bolzano		703954
0	Ciclabile_della_Pusteria	Piste_ciclabili_della_provincia_di_Bolzano		736574
0	Ciclabile_delle_Citt√†_Murate	Piste_ciclabili_della_provincia_di_Cremona		1219054
0	Ciclabile_delle_Dolomiti	Piste_ciclabili_della_provincia_di_Belluno|Piste_ciclabili_della_provincia_di_Bolzano		440086
0	Ciclopista_del_Sole	BicItalia|Piste_ciclabili_d'Italia		1267759
0	Ciclopista_della_Val_di_Sole	Piste_ciclabili_della_provincia_di_Trento		2936383
0	Ciclopista_della_Valle_dell'Adige	Piste_ciclabili_della_provincia_di_Trento		2949484
0	Ciclopista_della_Valsugana	Piste_ciclabili_della_provincia_di_Trento		2936358
0	Ciclovia_Salaria	BicItalia|Piste_ciclabili_d'Italia		3190682
0	Ciclovia_Valle_Brembana	Piste_ciclabili_della_provincia_di_Bergamo		1967967
0	Ciclovia_dell'Arno	Piste_ciclabili_della_Toscana		4651471
0	Ciclovia_della_Valle_Seriana	Piste_ciclabili_della_provincia_di_Bergamo		2684038
0	Ciclovie_della_Toscana	Piste_ciclabili_della_Toscana		4627836
0	Corridoio_Verde_Adriatico	BicItalia|Piste_ciclabili_d'Italia		487292
0	Ferrovia_Trieste-Erpelle	Piste_ciclabili_d'Italia		1849270
0	Percorsi_cicloturistici_della_provincia_di_Ferrara	Piste_ciclabili_della_provincia_di_Ferrara		1826820
0	Percorso_cicloturistico_Destra_Po	BicItalia|Piste_ciclabili_della_provincia_di_Ferrara		1826929
0	Pista_ciclabile_Alberese-Marina_di_Alberese-Bocca_d'Ombrone	Piste_ciclabili_di_Grosseto		1998607
0	Pista_ciclabile_Castiglione_della_Pescaia-Bivio_di_Rocchette	Piste_ciclabili_della_provincia_di_Grosseto		2106034
0	Pista_ciclabile_Corridoio_Morenico_alto	Piste_ciclabili_della_provincia_di_Mantova		4200184
0	Pista_ciclabile_Corridoio_Morenico_basso	Piste_ciclabili_della_provincia_di_Mantova		4199090
0	Pista_ciclabile_Grosseto-Marina_di_Grosseto	Piste_ciclabili_di_Grosseto		1998576
0	Pista_ciclabile_Grosseto-Ponte_Tura	Piste_ciclabili_di_Grosseto		1998676
0	Pista_ciclabile_Grosseto_est	Piste_ciclabili_di_Grosseto		3204451
0	Pista_ciclabile_Levanto-Framura	Piste_ciclabili_della_provincia_della_Spezia		4384873
0	Pista_ciclabile_Marina_di_Grosseto-Castiglione_della_Pescaia	Piste_ciclabili_della_provincia_di_Grosseto		1998644
0	Pista_ciclabile_Marina_di_Grosseto-Principina_a_Mare	Piste_ciclabili_di_Grosseto		1998703
0	Pista_ciclabile_Rovereto-Lago_di_Garda	Piste_ciclabili_della_provincia_di_Trento		2554901
0	Pista_ciclabile_del_Cilento	Piste_ciclabili_della_provincia_di_Salerno		3946295
0	Pista_ciclabile_del_Mincio	Piste_ciclabili_della_provincia_di_Mantova|Piste_ciclabili_della_provincia_di_Verona		2934778
0	Pista_ciclabile_della_Riviera_Berica	Piste_ciclabili_della_provincia_di_Vicenza		4614462
0	Pista_ciclabile_della_Riviera_Ligure	Piste_ciclabili_della_provincia_di_Imperia		3420366
0	Pista_ciclabile_di_Castel_Goffredo	Piste_ciclabili_della_provincia_di_Mantova		4202466
0	Piste_ciclabili_del_Trentino	Piste_ciclabili_della_provincia_di_Trento		2728832
14	Piste_ciclabili_del_Trentino-Alto_Adige	Piste_ciclabili_d'Italia		4099430
14	Piste_ciclabili_del_Veneto	Piste_ciclabili_d'Italia		4099441
0	Piste_ciclabili_dell'Alto_Adige	Piste_ciclabili_della_provincia_di_Bolzano		765837
14	Piste_ciclabili_dell'Emilia-Romagna	Piste_ciclabili_d'Italia		4101506
14	Piste_ciclabili_della_Campania	Piste_ciclabili_d'Italia		4101530
14	Piste_ciclabili_della_Liguria	Piste_ciclabili_d'Italia		4101509
14	Piste_ciclabili_della_Lombardia	Piste_ciclabili_d'Italia		4099425
14	Piste_ciclabili_della_Toscana	Piste_ciclabili_d'Italia		2000517
14	Piste_ciclabili_della_provincia_della_Spezia	Piste_ciclabili_della_Liguria		4385756
14	Piste_ciclabili_della_provincia_di_Belluno	Piste_ciclabili_del_Veneto		4099440
14	Piste_ciclabili_della_provincia_di_Bergamo	Piste_ciclabili_della_Lombardia		4099424
14	Piste_ciclabili_della_provincia_di_Bolzano	Piste_ciclabili_del_Trentino-Alto_Adige		4099436
14	Piste_ciclabili_della_provincia_di_Brescia	Piste_ciclabili_della_Lombardia		4099427
14	Piste_ciclabili_della_provincia_di_Cremona	Piste_ciclabili_della_Lombardia		4099439
14	Piste_ciclabili_della_provincia_di_Ferrara	Piste_ciclabili_dell'Emilia-Romagna		4101505
14	Piste_ciclabili_della_provincia_di_Grosseto	Piste_ciclabili_della_Toscana		2007719
14	Piste_ciclabili_della_provincia_di_Imperia	Piste_ciclabili_della_Liguria		4101507
14	Piste_ciclabili_della_provincia_di_Mantova	Piste_ciclabili_della_Lombardia		4101519
14	Piste_ciclabili_della_provincia_di_Salerno	Piste_ciclabili_della_Campania		4101528
14	Piste_ciclabili_della_provincia_di_Trento	Piste_ciclabili_del_Trentino-Alto_Adige		4099429
14	Piste_ciclabili_della_provincia_di_Verona	Piste_ciclabili_del_Veneto		4101521
14	Piste_ciclabili_della_provincia_di_Vicenza	Piste_ciclabili_del_Veneto		4616581
14	Piste_ciclabili_di_Grosseto	Piste_ciclabili_della_provincia_di_Grosseto		1998653
0	Rete_ciclopedonale_della_provincia_di_Brescia	Piste_ciclabili_della_provincia_di_Brescia		488815
0	Rete_ciclopedonale_della_provincia_di_Mantova	Piste_ciclabili_della_provincia_di_Mantova		4202339
0	Strada_del_Ponale	Piste_ciclabili_della_provincia_di_Trento		2949473
