14	Affreschi_nel_Camposanto_monumentale	Opere_nel_Camposanto_monumentale		4640463
0	Alberto_Sordi	Sepolti_nel_cimitero_del_Verano		37944
0	Aldo_Fabrizi	Sepolti_nel_cimitero_del_Verano		74737
0	Alessandro_Blasetti	Sepolti_nel_cimitero_del_Verano		335302
0	Alessandro_Bonsanti	Sepolti_nel_cimitero_delle_Porte_Sante		1099416
0	Alessandro_Castellani	Sepolti_nel_cimitero_del_Verano		3194553
0	Alfredo_Castellani	Sepolti_nel_cimitero_del_Verano		3618277
0	Alimondo_Ciampi	Sepolti_nel_cimitero_delle_Porte_Sante		3352269
0	Antico_cimitero_degli_Inglesi	Cimiteri_di_Livorno		1248159
0	Anton_Giulio_Bragaglia	Sepolti_nel_cimitero_del_Verano		581151
0	Antonio_Baldini	Sepolti_nel_cimitero_del_Verano		1523396
0	Armando_Casalini	Sepolti_nel_cimitero_del_Verano		1473132
0	Arturo_Colautti	Sepolti_nel_cimitero_del_Verano		2326339
0	Augusto_Castellani	Sepolti_nel_cimitero_del_Verano		2898382
0	Augusto_Silj	Sepolti_nel_cimitero_del_Verano		539196
0	British_War_Cemetery_di_Arquata_Scrivia	Cimiteri_della_provincia_di_Alessandria|Cimiteri_militari_d'Italia		908328
0	Bruno_Buozzi	Sepolti_nel_cimitero_del_Verano		286379
0	Bruno_Cicognani	Sepolti_nel_cimitero_delle_Porte_Sante		1433894
0	Bruno_Corbucci	Sepolti_nel_cimitero_del_Verano		758903
0	Camposanto_della_Misericordia_di_Siena	Cimiteri_di_Siena		850564
0	Camposanto_monumentale	Camposanto_monumentale		557991
14	Camposanto_monumentale	Cimiteri_di_Pisa		4640460
0	Campusantu_Vezzu	Cimiteri_della_provincia_di_Nuoro		2018238
0	Cappella_Ammannati	Camposanto_monumentale		1292291
0	Cappella_Aulla	Camposanto_monumentale		1292332
0	Cappella_Dal_Pozzo	Camposanto_monumentale		1298348
0	Carla_Capponi	Sepolti_nel_cimitero_del_Verano		1586808
0	Carlo_Collodi	Sepolti_nel_cimitero_delle_Porte_Sante		1408
0	Carlo_Ludovico_Bragaglia	Sepolti_nel_cimitero_del_Verano		529236
0	Casimiro_Pisani	Sepolti_nel_cimitero_del_Verano		1679646
0	Cassino_War_Cemetery	Cimiteri_di_Cassino|Cimiteri_militari_d'Italia		1664899
0	Catacombe_di_Porta_d'Ossuna	Cimiteri_di_Palermo		2786891
0	Catene_di_Porto_Pisano	Camposanto_monumentale		4527016
0	Cesena_War_Cemetery	Cimiteri_della_provincia_di_Forlì-Cesena|Cimiteri_militari_d'Italia		2551910
0	Cesira_Pozzolini	Sepolti_nel_cimitero_delle_Porte_Sante		2210762
0	Chiesa_armena_di_San_Gregorio_Illuminatore	Cimiteri_di_Livorno		1177755
0	Chiesa_di_San_Sepolcro_(Cagliari)	Cimiteri_di_Cagliari		1653145
14	Cimiteri_del_Friuli-Venezia_Giulia	Cimiteri_d'Italia		2848720
14	Cimiteri_del_Lazio	Cimiteri_d'Italia		3041443
14	Cimiteri_del_Piemonte	Cimiteri_d'Italia		3299520
14	Cimiteri_del_Trentino-Alto_Adige	Cimiteri_d'Italia		3041448
14	Cimiteri_del_Veneto	Cimiteri_d'Italia		2587142
14	Cimiteri_dell'Abruzzo	Cimiteri_d'Italia		3101557
14	Cimiteri_dell'Emilia-Romagna	Cimiteri_d'Italia		2589386
14	Cimiteri_dell'Umbria	Cimiteri_d'Italia		4294608
14	Cimiteri_della_Calabria	Cimiteri_d'Italia		4578464
14	Cimiteri_della_Campania	Cimiteri_d'Italia		3733419
14	Cimiteri_della_Liguria	Cimiteri_d'Italia		4294607
14	Cimiteri_della_Lombardia	Cimiteri_d'Italia		2218569
14	Cimiteri_della_Puglia	Cimiteri_d'Italia		4007760
14	Cimiteri_della_Sardegna	Cimiteri_d'Italia		1491239
14	Cimiteri_della_Sicilia	Cimiteri_d'Italia		2322213
14	Cimiteri_della_Toscana	Cimiteri_d'Italia		1415952
14	Cimiteri_della_provincia_di_Agrigento	Cimiteri_della_Sicilia		4522155
14	Cimiteri_della_provincia_di_Alessandria	Cimiteri_del_Piemonte		4301837
14	Cimiteri_della_provincia_di_Ancona	Cimiteri_delle_Marche		4297328
14	Cimiteri_della_provincia_di_Arezzo	Cimiteri_della_Toscana		2021753
14	Cimiteri_della_provincia_di_Bari	Cimiteri_della_Puglia		4297333
14	Cimiteri_della_provincia_di_Belluno	Cimiteri_del_Veneto		4335318
14	Cimiteri_della_provincia_di_Bologna	Cimiteri_dell'Emilia-Romagna		4046521
14	Cimiteri_della_provincia_di_Bolzano	Cimiteri_del_Trentino-Alto_Adige		4334984
14	Cimiteri_della_provincia_di_Brescia	Cimiteri_della_Lombardia		4298325
14	Cimiteri_della_provincia_di_Cagliari	Cimiteri_della_Sardegna		1491241
14	Cimiteri_della_provincia_di_Caltanissetta	Cimiteri_della_Sicilia		3775791
14	Cimiteri_della_provincia_di_Catania	Cimiteri_della_Sicilia		3775759
14	Cimiteri_della_provincia_di_Chieti	Cimiteri_dell'Abruzzo		4294618
14	Cimiteri_della_provincia_di_Ferrara	Cimiteri_dell'Emilia-Romagna		4294798
14	Cimiteri_della_provincia_di_Firenze	Cimiteri_della_Toscana		2021750
14	Cimiteri_della_provincia_di_Forlì-Cesena	Cimiteri_dell'Emilia-Romagna		4034733
14	Cimiteri_della_provincia_di_Frosinone	Cimiteri_del_Lazio		4297153
14	Cimiteri_della_provincia_di_Genova	Cimiteri_della_Liguria		4297174
14	Cimiteri_della_provincia_di_Gorizia	Cimiteri_del_Friuli-Venezia_Giulia		1329645
14	Cimiteri_della_provincia_di_Grosseto	Cimiteri_della_Toscana		2021730
14	Cimiteri_della_provincia_di_Livorno	Cimiteri_della_Toscana		2021712
14	Cimiteri_della_provincia_di_Lucca	Cimiteri_della_Toscana		1253582
14	Cimiteri_della_provincia_di_Messina	Cimiteri_della_Sicilia		3775781
14	Cimiteri_della_provincia_di_Milano	Cimiteri_della_Lombardia		4298321
14	Cimiteri_della_provincia_di_Monza_e_della_Brianza	Cimiteri_della_Lombardia		4298328
14	Cimiteri_della_provincia_di_Napoli	Cimiteri_della_Campania		4294651
14	Cimiteri_della_provincia_di_Nuoro	Cimiteri_della_Sardegna		4326160
14	Cimiteri_della_provincia_di_Palermo	Cimiteri_della_Sicilia		3775795
14	Cimiteri_della_provincia_di_Parma	Cimiteri_dell'Emilia-Romagna		4294797
14	Cimiteri_della_provincia_di_Perugia	Cimiteri_dell'Umbria		4335311
14	Cimiteri_della_provincia_di_Piacenza	Cimiteri_dell'Emilia-Romagna		4294801
14	Cimiteri_della_provincia_di_Pisa	Cimiteri_della_Toscana		2021722
14	Cimiteri_della_provincia_di_Reggio_Calabria	Cimiteri_della_Calabria		4578462
14	Cimiteri_della_provincia_di_Reggio_nell'Emilia	Cimiteri_dell'Emilia-Romagna		4294791
14	Cimiteri_della_provincia_di_Roma	Cimiteri_del_Lazio		4294986
14	Cimiteri_della_provincia_di_Sassari	Cimiteri_della_Sardegna		4326162
14	Cimiteri_della_provincia_di_Siena	Cimiteri_della_Toscana		2021757
14	Cimiteri_della_provincia_di_Siracusa	Cimiteri_della_Sicilia		3775792
14	Cimiteri_della_provincia_di_Sondrio	Cimiteri_della_Lombardia		4298326
14	Cimiteri_della_provincia_di_Torino	Cimiteri_del_Piemonte		4301834
14	Cimiteri_della_provincia_di_Trapani	Cimiteri_della_Sicilia		4663417
14	Cimiteri_della_provincia_di_Trento	Cimiteri_del_Trentino-Alto_Adige		4334989
14	Cimiteri_della_provincia_di_Varese	Cimiteri_della_Lombardia		4298322
14	Cimiteri_della_provincia_di_Venezia	Cimiteri_del_Veneto		4335320
14	Cimiteri_della_provincia_di_Verona	Cimiteri_del_Veneto		4335316
14	Cimiteri_della_provincia_di_Vicenza	Cimiteri_del_Veneto		2587136
14	Cimiteri_delle_Marche	Cimiteri_d'Italia		3731350
14	Cimiteri_di_Bologna	Cimiteri_della_provincia_di_Bologna		4034789
14	Cimiteri_di_Bolzano	Cimiteri_della_provincia_di_Bolzano		4334982
14	Cimiteri_di_Cagliari	Cimiteri_della_provincia_di_Cagliari		1491245
14	Cimiteri_di_Cassino	Cimiteri_della_provincia_di_Frosinone		4297150
14	Cimiteri_di_Firenze	Cimiteri_della_provincia_di_Firenze		878063
0	Cimiteri_di_Firenze	Cimiteri_di_Firenze		2211128
14	Cimiteri_di_Fogliano_Redipuglia	Cimiteri_della_provincia_di_Gorizia		4091495
14	Cimiteri_di_Forlì	Cimiteri_dell'Emilia-Romagna		4428171
14	Cimiteri_di_Livorno	Cimiteri_della_provincia_di_Livorno		1247914
0	Cimiteri_di_Livorno	Cimiteri_di_Livorno		1759199
14	Cimiteri_di_Merano	Cimiteri_della_provincia_di_Bolzano		3035550
14	Cimiteri_di_Messina	Cimiteri_della_provincia_di_Messina		4089058
0	Cimiteri_di_Milano	Cimiteri_di_Milano		795236
14	Cimiteri_di_Milano	Cimiteri_della_provincia_di_Milano		795237
14	Cimiteri_di_Napoli	Cimiteri_della_provincia_di_Napoli		1073970
14	Cimiteri_di_Palermo	Cimiteri_della_provincia_di_Palermo		3487603
14	Cimiteri_di_Pisa	Cimiteri_della_provincia_di_Pisa		1882034
14	Cimiteri_di_Roma	Cimiteri_della_provincia_di_Roma		881893
14	Cimiteri_di_Siena	Cimiteri_della_provincia_di_Siena		2021760
14	Cimiteri_di_Torino	Cimiteri_della_provincia_di_Torino		3439158
14	Cimiteri_di_Vicenza	Cimiteri_della_provincia_di_Vicenza		4444906
0	Cimiteri_di_guerra_dell'Altopiano_dei_Sette_Comuni	Cimiteri_della_provincia_di_Vicenza|Cimiteri_militari_d'Italia		3383804
14	Cimiteri_ebraici_d'Italia	Cimiteri_d'Italia		2423144
0	Cimiteri_ebraici_di_Livorno	Cimiteri_di_Livorno|Cimiteri_ebraici_d'Italia		1431875
14	Cimiteri_militari_d'Italia	Cimiteri_d'Italia		4643114
0	Cimitero_Flaminio	Cimiteri_di_Roma		1883097
0	Cimitero_Maggiore	Cimiteri_di_Milano		1510141
0	Cimitero_Maggiore_di_Vicenza	Cimiteri_di_Vicenza		4444889
0	Cimitero_Militare_Britannico_di_Torino_di_Sangro	Cimiteri_della_provincia_di_Chieti|Cimiteri_militari_d'Italia		1703699
0	Cimitero_Militare_Canadese_di_Ortona	Cimiteri_della_provincia_di_Chieti|Cimiteri_militari_d'Italia		3069743
0	Cimitero_Monumentale_della_Certosa_di_Ferrara	Cimiteri_della_provincia_di_Ferrara		2589068
0	Cimitero_Monumentale_della_Misericordia_(Antella)	Cimiteri_della_provincia_di_Firenze		2890958
0	Cimitero_Monumentale_di_Legnano	Cimiteri_della_provincia_di_Milano		3620450
0	Cimitero_Monumentale_di_Verona	Cimiteri_della_provincia_di_Verona		3014881
0	Cimitero_Nuovo	Cimiteri_della_provincia_di_Pisa		1496466
0	Cimitero_Teutonico	Cimiteri_di_Roma		3803196
0	Cimitero_acattolico_di_Capri	Cimiteri_della_provincia_di_Napoli		3634499
0	Cimitero_acattolico_di_Roma	Cimiteri_di_Roma		2705181
0	Cimitero_acattolico_di_Santa_Maria_della_Fede	Cimiteri_di_Napoli		1177557
0	Cimitero_acattolico_di_Vicenza	Cimiteri_di_Vicenza		4444897
0	Cimitero_americano_di_Nettuno	Cimiteri_della_provincia_di_Roma|Cimiteri_militari_d'Italia		2902989
0	Cimitero_austro-ungarico_(Bolzano)	Cimiteri_di_Bolzano		2152622
0	Cimitero_austro-ungarico_(Bressanone)	Cimiteri_della_provincia_di_Bolzano|Cimiteri_militari_d'Italia		2155695
0	Cimitero_austro-ungarico_di_Brunico	Cimiteri_militari_d'Italia		2155780
0	Cimitero_austro-ungarico_di_Tonezza_del_Cimone	Cimiteri_della_provincia_di_Vicenza		3629795
0	Cimitero_comunale_dei_Lupi	Cimiteri_di_Livorno		1391691
0	Cimitero_comunale_di_Condera	Cimiteri_della_provincia_di_Reggio_Calabria		2909530
0	Cimitero_comunale_di_Sassari	Cimiteri_della_provincia_di_Sassari		1894481
0	Cimitero_degli_Allori	Cimiteri_di_Firenze		666951
0	Cimitero_degli_Indiani	Cimiteri_di_Forlì|Cimiteri_militari_d'Italia		4378303
0	Cimitero_degli_Inglesi	Cimiteri_di_Firenze		429860
0	Cimitero_degli_Inglesi_di_Messina	Cimiteri_di_Messina		3609378
0	Cimitero_degli_Invitti	Cimiteri_di_Fogliano_Redipuglia		2148169
0	Cimitero_dei_Cappuccini_(Palermo)	Cimiteri_di_Palermo		4045034
0	Cimitero_dei_colerosi_di_Barra	Cimiteri_di_Napoli		4004738
0	Cimitero_dei_colerosi_di_Napoli	Cimiteri_di_Napoli		3765376
0	Cimitero_del_Verano	Cimitero_del_Verano		562723
14	Cimitero_del_Verano	Cimiteri_di_Roma		4102849
0	Cimitero_della_Congregazione_olandese_alemanna	Cimiteri_di_Livorno		1248047
0	Cimitero_della_Misericordia_(Firenze)	Cimiteri_di_Firenze		1184183
0	Cimitero_della_Misericordia_(Livorno)	Cimiteri_di_Livorno		2171160
0	Cimitero_della_Mojazza	Cimiteri_di_Milano		4068385
0	Cimitero_della_Purificazione	Cimiteri_di_Livorno		2171063
0	Cimitero_della_Villetta	Cimiteri_della_provincia_di_Parma		1950115
0	Cimitero_delle_366_Fosse	Cimiteri_di_Napoli		3635833
0	Cimitero_delle_Ballodole	Cimiteri_di_Firenze		1695348
0	Cimitero_delle_Fontanelle	Cimiteri_di_Napoli		536153
0	Cimitero_delle_Porte_Sante	Cimitero_delle_Porte_Sante		504711
14	Cimitero_delle_Porte_Sante	Cimiteri_di_Firenze		4113566
0	Cimitero_di_Bonaria	Cimiteri_di_Cagliari		1491218
0	Cimitero_di_Lambrate	Cimiteri_di_Milano		3164976
0	Cimitero_di_Longarone	Cimiteri_della_provincia_di_Belluno		1543238
0	Cimitero_di_Monza	Cimiteri_della_provincia_di_Monza_e_della_Brianza		2286952
0	Cimitero_di_Piacenza	Cimiteri_della_provincia_di_Piacenza		2018933
0	Cimitero_di_Piana_Traversa	Cimiteri_della_provincia_di_Agrigento		4521688
0	Cimitero_di_Poggioreale	Cimiteri_di_Napoli		900311
0	Cimitero_di_Rifredi	Cimiteri_di_Firenze		2544263
0	Cimitero_di_Rosignano_Marittimo	Cimiteri_della_provincia_di_Livorno		1914410
0	Cimitero_di_San_Michele_(Cagliari)	Cimiteri_di_Cagliari		1891147
0	Cimitero_di_San_Michele_(Venezia)	Cimiteri_della_provincia_di_Venezia		2031541
0	Cimitero_di_San_Michele_agli_Scalzi	Cimiteri_di_Pisa		1817252
0	Cimitero_di_San_Piero_a_Grado	Cimiteri_di_Pisa		1817272
0	Cimitero_di_San_Pietro_in_Vincoli	Cimiteri_di_Torino		3297888
0	Cimitero_di_Sansepolcro	Cimiteri_della_provincia_di_Arezzo		1744125
0	Cimitero_di_Santa_Maria_dei_Rotoli	Cimiteri_di_Palermo		3580606
0	Cimitero_di_Santa_Maria_del_Pianto	Cimiteri_di_Napoli		886224
0	Cimitero_di_Soffiano	Cimiteri_di_Firenze		1695430
0	Cimitero_di_Trespiano	Cimiteri_di_Firenze		458377
0	Cimitero_di_Turigliano	Cimiteri_della_Toscana		4561147
0	Cimitero_di_guerra_di_Ancona	Cimiteri_della_provincia_di_Ancona|Cimiteri_militari_d'Italia		3730809
0	Cimitero_di_guerra_di_Ponte_Olivo	Cimiteri_della_provincia_di_Caltanissetta|Cimiteri_militari_d'Italia		2019246
0	Cimitero_ebraico_di_Asti	Cimiteri_ebraici_d'Italia		2418490
0	Cimitero_ebraico_di_Merano	Cimiteri_di_Merano|Cimiteri_ebraici_d'Italia		4496667
0	Cimitero_ebraico_di_Pisa	Cimiteri_di_Pisa|Cimiteri_ebraici_d'Italia		664710
0	Cimitero_ebraico_di_Pitigliano	Cimiteri_della_provincia_di_Grosseto|Cimiteri_ebraici_d'Italia		2021675
0	Cimitero_greco-ortodosso	Cimiteri_di_Livorno		1247823
0	Cimitero_inglese	Cimiteri_della_provincia_di_Lucca		1253580
0	Cimitero_israelitico_(Firenze)	Cimiteri_di_Firenze|Cimiteri_ebraici_d'Italia		1698098
0	Cimitero_militare_austro-ungarico_(Merano)	Cimiteri_di_Merano|Cimiteri_militari_d'Italia		2154239
0	Cimitero_militare_germanico_della_Futa	Cimiteri_della_provincia_di_Firenze|Cimiteri_militari_d'Italia		1270864
0	Cimitero_militare_germanico_di_Motta_Sant'Anastasia	Cimiteri_della_provincia_di_Catania|Cimiteri_militari_d'Italia		2366572
0	Cimitero_militare_germanico_di_Pomezia	Cimiteri_della_provincia_di_Roma|Cimiteri_militari_d'Italia		1629028
0	Cimitero_militare_italiano_(Bolzano)	Cimiteri_di_Bolzano		2152594
0	Cimitero_militare_italiano_(Merano)	Cimiteri_di_Merano		2154228
0	Cimitero_militare_monumentale_di_Arsiero	Cimiteri_della_provincia_di_Vicenza		4189911
0	Cimitero_militare_polacco_di_Bologna	Cimiteri_di_Bologna|Cimiteri_militari_d'Italia		2537867
0	Cimitero_militare_polacco_di_Casamassima	Cimiteri_della_provincia_di_Bari|Cimiteri_militari_d'Italia		4007724
0	Cimitero_militare_polacco_di_Loreto	Cimiteri_della_provincia_di_Ancona|Cimiteri_militari_d'Italia		3762741
0	Cimitero_militare_polacco_di_Montecassino	Cimiteri_di_Cassino|Cimiteri_militari_d'Italia		4007751
0	Cimitero_militare_tedesco_del_Passo_Pordoi	Cimiteri_della_provincia_di_Trento|Cimiteri_militari_d'Italia		2557345
0	Cimitero_militare_tedesco_di_Merano	Cimiteri_di_Merano|Cimiteri_militari_d'Italia		2154243
0	Cimitero_monumentale_austroungarico	Cimiteri_della_provincia_di_Trento		1963512
0	Cimitero_monumentale_della_Certosa_di_Bologna	Cimiteri_di_Bologna		268443
0	Cimitero_monumentale_di_Busto_Arsizio	Cimiteri_della_provincia_di_Varese		1449014
0	Cimitero_monumentale_di_Caltagirone	Cimiteri_della_provincia_di_Catania		2014923
0	Cimitero_monumentale_di_Catania	Cimiteri_della_provincia_di_Catania		2014820
0	Cimitero_monumentale_di_Forlì	Cimiteri_di_Forlì		3345974
0	Cimitero_monumentale_di_Marino	Cimiteri_della_provincia_di_Roma		3035256
0	Cimitero_monumentale_di_Messina	Cimiteri_di_Messina		1266505
0	Cimitero_monumentale_di_Milano	Cimiteri_di_Milano		319632
0	Cimitero_monumentale_di_Paternò	Cimiteri_della_provincia_di_Catania		3871901
0	Cimitero_monumentale_di_Perugia	Cimiteri_della_provincia_di_Perugia		1669059
0	Cimitero_monumentale_di_Staglieno	Cimiteri_della_provincia_di_Genova		1462
0	Cimitero_monumentale_di_Torino	Cimiteri_di_Torino		3433345
0	Cimitero_monumentale_di_Trento	Cimiteri_della_provincia_di_Trento		2106550
0	Cimitero_monumentale_ebraico_di_Firenze	Cimiteri_di_Firenze|Cimiteri_ebraici_d'Italia		393557
0	Cimitero_suburbano_di_Reggio_nell'Emilia	Cimiteri_della_provincia_di_Reggio_nell'Emilia		90840
0	Cimitero_tedesco_di_Costermano	Cimiteri_della_provincia_di_Verona|Cimiteri_militari_d'Italia		2155752
0	Ciro_Menotti	Sepolti_nel_cimitero_delle_Porte_Sante		89717
0	Clara_Petacci	Sepolti_nel_cimitero_del_Verano		18949
0	Compendio_garibaldino	Cimiteri_della_provincia_di_Sassari		1850011
0	Domenico_Consolini	Sepolti_nel_cimitero_del_Verano		742608
0	Emilio_Cecchi	Sepolti_nel_cimitero_del_Verano		211502
0	Enrico_Cosenz	Sepolti_nel_cimitero_del_Verano		1109406
0	Enrico_Coveri	Sepolti_nel_cimitero_delle_Porte_Sante		2295052
0	Enrico_Lattes	Sepolti_nel_cimitero_del_Verano		4686881
0	Ermenegildo_Pistelli	Sepolti_nel_cimitero_delle_Porte_Sante		869900
0	Ernesto_Buonaiuti	Sepolti_nel_cimitero_del_Verano		438388
0	Ernesto_Nathan	Sepolti_nel_cimitero_del_Verano		116136
0	Famedio_di_Santa_Croce	Cimiteri_di_Firenze		4512710
0	Fedele_Romani	Sepolti_nel_cimitero_delle_Porte_Sante		366668
0	Felice_Le_Monnier	Sepolti_nel_cimitero_delle_Porte_Sante		824576
0	Ferruccio_Amendola	Sepolti_nel_cimitero_del_Verano		91382
0	Filippo_Castracane_degli_Antelminelli	Sepolti_nel_cimitero_del_Verano		3777443
0	Florence_American_Cemetery_and_Memorial	Cimiteri_della_provincia_di_Firenze|Cimiteri_militari_d'Italia		878061
0	Florence_War_Cemetery	Cimiteri_della_provincia_di_Firenze|Cimiteri_militari_d'Italia		1190332
0	Francesco_Podesti	Sepolti_nel_cimitero_del_Verano		743751
0	Frederick_Stibbert	Sepolti_nel_cimitero_delle_Porte_Sante		1892872
0	Gaetano_Salvemini	Sepolti_nel_cimitero_delle_Porte_Sante		20150
0	Giacomo_Antonelli	Sepolti_nel_cimitero_del_Verano		462100
0	Giacomo_Balla	Sepolti_nel_cimitero_del_Verano		93412
0	Gianmaria_Benzoni	Sepolti_nel_cimitero_del_Verano		2066910
0	Giorgio_Almirante	Sepolti_nel_cimitero_del_Verano		2439303
0	Giorgio_Asproni	Sepolti_nel_cimitero_del_Verano		491857
0	Giorgio_Saviane	Sepolti_nel_cimitero_delle_Porte_Sante		875971
0	Giovanni_Battista_Casali_del_Drago	Sepolti_nel_cimitero_del_Verano		538224
0	Giovanni_Costa	Sepolti_nel_cimitero_del_Verano		705529
0	Giovanni_Papini	Sepolti_nel_cimitero_delle_Porte_Sante		2365708
0	Giovanni_Spadolini	Sepolti_nel_cimitero_delle_Porte_Sante		47246
0	Giudizio_finale_e_Inferno	Affreschi_nel_Camposanto_monumentale		110544
0	Giulio_Tonti	Sepolti_nel_cimitero_del_Verano		539269
0	Giuseppe_Aurelio_Costanzo	Sepolti_nel_cimitero_del_Verano		1268104
0	Giuseppe_Avezzana	Sepolti_nel_cimitero_del_Verano		293262
0	Giuseppe_Di_Vittorio	Sepolti_nel_cimitero_del_Verano		293228
0	Giuseppe_Gioachino_Belli	Sepolti_nel_cimitero_del_Verano		50708
0	Guglielmo_Libri_Carucci_dalla_Sommaja	Sepolti_nel_cimitero_delle_Porte_Sante		1633449
0	Julius_Evola	Sepolti_nel_cimitero_del_Verano		2529043
0	Leonida_Bissolati	Sepolti_nel_cimitero_del_Verano		54220
0	Libero_Andreotti	Sepolti_nel_cimitero_delle_Porte_Sante		452747
0	Lista_dei_cimiteri_ebraici_d'Italia	Cimiteri_ebraici_d'Italia		2443066
0	Lucio_Colletti	Sepolti_nel_cimitero_del_Verano		250658
0	Luigi_Bertelli	Sepolti_nel_cimitero_delle_Porte_Sante		104165
0	Luigi_Ugolini	Sepolti_nel_cimitero_delle_Porte_Sante		1232023
0	Marcello_Mastroianni	Sepolti_nel_cimitero_del_Verano		60644
0	Mario_Cecchi_Gori	Sepolti_nel_cimitero_delle_Porte_Sante		294760
0	Mario_Scaccia	Sepolti_nel_cimitero_del_Verano		1339426
0	Massimo_Bontempelli	Sepolti_nel_cimitero_del_Verano		140861
0	Mausoleo_Schilizzi	Cimiteri_di_Napoli		1142228
0	Mausoleo_di_Cesare_Battisti	Cimiteri_della_provincia_di_Trento|Cimiteri_militari_d'Italia		2162503
0	Nicola_Calipari	Sepolti_nel_cimitero_del_Verano		80618
0	Nicola_Lisi	Sepolti_nel_cimitero_delle_Porte_Sante		1097008
0	Nino_Manfredi	Sepolti_nel_cimitero_del_Verano		23960
0	Nuovo_cimitero_degli_Inglesi	Cimiteri_di_Livorno		1248262
0	Odoardo_Spadaro	Sepolti_nel_cimitero_delle_Porte_Sante		347882
14	Opere_nel_Camposanto_monumentale	Camposanto_monumentale		4640468
0	Ossario_Militare_Germanico_di_Pinzano	Cimiteri_del_Friuli-Venezia_Giulia|Cimiteri_militari_d'Italia		4081734
0	Ossario_del_Pasubio	Cimiteri_della_provincia_di_Vicenza		316329
0	Ossario_del_monte_Cimone	Cimiteri_della_provincia_di_Vicenza		2586412
0	Ossario_di_San_Martino	Cimiteri_della_provincia_di_Brescia		1927171
0	Ottavio_Cagiano_de_Azevedo	Sepolti_nel_cimitero_del_Verano		538181
0	Ottone_Rosai	Sepolti_nel_cimitero_delle_Porte_Sante		320310
0	Paolo_Mercuri	Sepolti_nel_cimitero_del_Verano		1943070
0	Pasquale_Villari	Sepolti_nel_cimitero_delle_Porte_Sante		717813
0	Pellegrino_Artusi	Sepolti_nel_cimitero_delle_Porte_Sante		144813
0	Persone_sepolte_nel_Cimitero_del_Verano	Sepolti_nel_cimitero_del_Verano		3808831
0	Piano_regolatore_cimiteriale_italiano	Cimiteri_d'Italia		2957103
0	Pietro_Annigoni	Sepolti_nel_cimitero_delle_Porte_Sante		460114
0	Pietro_Cossa	Sepolti_nel_cimitero_del_Verano		2909780
0	Pietro_Roselli	Sepolti_nel_cimitero_del_Verano		1811620
0	Pietro_Siciliani	Sepolti_nel_cimitero_delle_Porte_Sante		1016496
0	Prospero_Caterini	Sepolti_nel_cimitero_del_Verano		538233
0	Quadrato_degli_uomini_illustri	Cimiteri_di_Napoli		1134388
0	Renato_Turi	Sepolti_nel_cimitero_del_Verano		1100995
0	Renzo_Ricci	Sepolti_nel_cimitero_delle_Porte_Sante		347877
0	Romolo_Balzani	Sepolti_nel_cimitero_del_Verano		768093
0	Rotonda_della_Besana	Cimiteri_di_Milano		1501648
0	Ruggero_Luigi_Emidio_Antici_Mattei	Sepolti_nel_cimitero_del_Verano		537969
0	Sacrario_Militare_di_Cava_de'_Tirreni	Cimiteri_della_Campania|Cimiteri_militari_d'Italia		3260557
0	Sacrario_di_Pianto_Romano	Cimiteri_della_provincia_di_Trapani|Cimiteri_militari_d'Italia		1868909
0	Sacrario_militare_del_monte_Grappa	Cimiteri_della_provincia_di_Vicenza		1334675
0	Sacrario_militare_dello_Stelvio	Cimiteri_della_provincia_di_Sondrio		2155527
0	Sacrario_militare_di_Asiago	Cimiteri_della_provincia_di_Vicenza		2586316
0	Sacrario_militare_di_Monte_Suello	Cimiteri_militari_d'Italia		2040890
0	Sacrario_militare_di_Pocol	Cimiteri_della_provincia_di_Belluno		1380498
0	Sacrario_militare_di_Redipuglia	Cimiteri_di_Fogliano_Redipuglia		339068
0	Salerno_War_Cemetery	Cimiteri_della_Campania|Cimiteri_militari_d'Italia		4552158
0	Sant'Orsola_(cimitero)	Cimiteri_di_Palermo		2087885
0	Sante_Ancherani	Sepolti_nel_cimitero_del_Verano		772860
0	Santuario_dei_Martiri	Cimiteri_di_Cagliari		1285945
0	Santuario_della_Madonna_delle_Grazie_(Livorno)	Cimiteri_di_Livorno		1146361
0	Sarcofago_di_Caius_Bellicus_Natalis_Tebanianus	Sculture_nel_Camposanto_monumentale		1977137
0	Sarcofago_di_Giratto	Sculture_nel_Camposanto_monumentale		1998197
14	Sculture_nel_Camposanto_monumentale	Opere_nel_Camposanto_monumentale		4640467
14	Sepolti_nel_cimitero_del_Verano	Cimitero_del_Verano		4102837
14	Sepolti_nel_cimitero_delle_Porte_Sante	Cimitero_delle_Porte_Sante		4113567
0	Sergio_Amidei	Sepolti_nel_cimitero_del_Verano		1242392
0	Sergio_Corazzini	Sepolti_nel_cimitero_del_Verano		707464
0	Sergio_Corbucci	Sepolti_nel_cimitero_del_Verano		357259
0	Sibilla_Aleramo	Sepolti_nel_cimitero_del_Verano		25617
0	Silvio_D'Amico	Sepolti_nel_cimitero_del_Verano		642116
6	Sommarugagiudittatombag.jpg	Cimiteri_di_Milano		3037890
0	Syracuse_War_Cemetery	Cimiteri_della_provincia_di_Siracusa|Cimiteri_militari_d'Italia		1497332
0	Tebaide_(Buffalmacco)	Affreschi_nel_Camposanto_monumentale		110587
0	Tomba_della_famiglia_Della_Gherardesca	Sculture_nel_Camposanto_monumentale		3099134
0	Tombe_rupestri_di_San_Liberatore_a_Majella	Cimiteri_dell'Abruzzo		3997283
0	Tommaso_Aloisio_Juvara	Sepolti_nel_cimitero_del_Verano		2258300
0	Trilussa	Sepolti_nel_cimitero_del_Verano		110858
0	Trionfo_della_Morte_(Buffalmacco)	Affreschi_nel_Camposanto_monumentale		110508
0	Vasco_Pratolini	Sepolti_nel_cimitero_delle_Porte_Sante		86059
0	Virginio_Vespignani	Sepolti_nel_cimitero_del_Verano		3049673
0	Vittorio_De_Sica	Sepolti_nel_cimitero_del_Verano		55103
0	Vittorio_Gassman	Sepolti_nel_cimitero_del_Verano		43946
