0	Abbazia_di_San_Lorenzo_a_Coltibuono	Ville_della_provincia_di_Siena		847675
14	Affreschi_nella_Villa_Farnesina	Villa_Farnesina		3391755
0	Amor_sacro_e_Amor_profano	Dipinti_nella_Galleria_Borghese		1125898
0	Apollo_e_Dafne_(Bernini)	Sculture_nella_Galleria_Borghese		132394
14	Architetture_di_Castelnuovo_Berardenga	Ville_della_provincia_di_Siena		4545014
0	Arresto_dei_fratelli_di_Giuseppe	Dipinti_nella_Galleria_Borghese		3846024
0	Bacchino_malato	Dipinti_nella_Galleria_Borghese		1154123
0	Barchessa	Barchesse		2595205
0	Barchessa_Loredan	Barchesse		706344
0	Barchessa_di_Villa_Marcello	Barchesse		706347
0	Barchessa_di_Villa_Thiene	Barchesse|Ville_di_Villafranca_Padovana		1676120
0	Barchessa_di_villa_Badoer_detta_"La_Rotonda"	Ville_di_Morgano		3222684
14	Barchesse	Ville_del_Veneto		1676250
0	Barchesse_di_Villa_Trissino	Barchesse|Ville_di_Sarego|Ville_palladiane		1644818
0	Barchesse_di_villa_Valmarana	Barchesse|Ville_di_Mira		1625352
0	Barco_della_Regina_Cornaro	Barchesse|Ville_di_Altivole		2637313
0	Biblioteca_Civica_di_Mestre_VEZ_-_BCM	Ville_di_Venezia		4746004
0	Bicocca_degli_Arcimboldi	Ville_di_Milano		4106057
0	Bioparco_(Roma)	Villa_Borghese		712172
0	Busti_del_Pincio	Pincio		2964051
0	Ca'_Coletti_Careni_Lucchetti-Stiz	Ville_di_San_Pietro_di_Feletto		3107912
0	Ca'_Zenobio	Ville_di_Treviso		4124533
0	Cantore_appassionato	Dipinti_nella_Galleria_Borghese		3297842
0	Cappella_della_Madonna_del_Rosario_(Castelnuovo_Berardenga)	Chiese_di_Castelnuovo_Berardenga		1209945
0	Cappella_di_San_Giovanni_(Villa_Chigi-Saracini)	Chiese_di_Castelnuovo_Berardenga		1209932
0	Cappella_di_San_Giovanni_(Villa_di_Arceno)	Chiese_di_Castelnuovo_Berardenga		1209923
0	Cappella_di_Santa_Croce_(Villa_Sergardi_di_Catignano)	Chiese_di_Castelnuovo_Berardenga		1209935
0	Capra_Amaltea	Sculture_nella_Galleria_Borghese		132001
0	Casa-studio_Savioli	Ville_di_Firenze		1741143
0	Casa-studio_Vivarelli	Ville_di_Pistoia		1870827
0	Casa-studio_di_Leonardo_Ricci	Ville_di_Firenze		1741273
0	Casa_Amadi	Ville_di_Mogliano_Veneto		3146253
0	Casa_Bartolini	Ville_di_Vaiano		3707480
0	Casa_Gentili	Ville_di_Vecchiano		4142813
0	Casa_Mann_Borgese	Ville_di_Forte_dei_Marmi		1849774
0	Casa_Marotta	Liberty_napoletano		2703142
0	Casa_Ongaro_Marcon	Ville_di_San_Fior		2580244
0	Casa_Pampanini	Ville_di_San_Fior		2580329
0	Casa_Quaglia	Ville_di_Paese		2973597
0	Casa_Saldarini	Ville_della_provincia_di_Livorno		2077285
0	Casa_del_cinema	Villa_Borghese		85225
0	Casa_della_Farnesina	Villa_Farnesina		1866422
0	Casale_di_Valle	Ville_di_Vinci		861941
0	Casetta_Drouot_(Poggio)	Ville_della_provincia_di_Livorno		4157817
0	Casina_Valadier	Pincio		507936
0	Casina_di_Raffaello	Villa_Borghese		1765524
0	Casino_Nobile	Villa_Torlonia		2049705
0	Casino_dei_Principi	Villa_Torlonia		2931321
0	Castel_Savoia	Ville_della_Valle_d'Aosta		1369063
0	Castellaccio_di_Filettole	Ville_di_Vecchiano		4142970
0	Castelletto_(Corbetta)	Ville_di_Corbetta		4527073
0	Castello_Bruzzo	Ville_di_Genova		2669959
0	Castello_Il_Corno	Ville_di_San_Casciano_in_Val_di_Pesa		2650347
0	Castello_Sonnino	Ville_di_Livorno		1159264
0	Castello_del_Boccale	Ville_di_Livorno		1325605
0	Castello_della_Paneretta	Ville_di_Barberino_Val_d'Elsa		2507521
0	Castello_di_Bibbione	Ville_di_San_Casciano_in_Val_di_Pesa		1785848
0	Castello_di_Cerlongo	Ville_della_provincia_di_Mantova		4701653
0	Castello_di_Fabbrica	Ville_di_San_Casciano_in_Val_di_Pesa		1836232
0	Castello_di_Gabbiano	Ville_di_San_Casciano_in_Val_di_Pesa		1842816
0	Castello_di_Galbino	Ville_della_provincia_di_Arezzo		3374846
0	Castello_di_Linari	Ville_di_Barberino_Val_d'Elsa		3471074
0	Castello_di_Miradolo	Ville_del_Piemonte		2757123
0	Castello_di_Montalbano	Ville_di_Firenze		1397550
0	Castello_di_Montalto_in_Chianti	Architetture_di_Castelnuovo_Berardenga		2911172
0	Castello_di_Montauto	Ville_di_Bagno_a_Ripoli		2608733
0	Castello_di_Monte_Cucco	Ville_della_provincia_di_Grosseto		729098
0	Castello_di_Montefiridolfi	Ville_di_San_Casciano_in_Val_di_Pesa		1831007
0	Castello_di_Montegufoni	Ville_di_Montespertoli		1990373
0	Castello_di_Mugnana	Ville_di_Greve_in_Chianti		1114241
0	Castello_di_Pergolato	Ville_di_San_Casciano_in_Val_di_Pesa		1830982
0	Castello_di_Poppiano	Ville_di_Montespertoli		3470853
0	Castello_di_Sezzate	Ville_di_Greve_in_Chianti		1132425
0	Castello_di_Sidney_Sonnino	Ville_di_Montespertoli		3511408
0	Castello_di_Stigliano	Ville_di_Santa_Maria_di_Sala		2754238
0	Castello_di_Thiene	Ville_di_Thiene		1873500
0	Castello_di_Torregalli	Ville_di_Firenze		2643590
0	Castello_di_Uzzano	Ville_di_Greve_in_Chianti		1162224
0	Castello_di_Verrazzano	Ville_di_Greve_in_Chianti		1155593
0	Castello_di_Vicchiomaggio	Ville_di_Greve_in_Chianti		1155485
0	Castello_di_Villanova	Ville_di_Barberino_di_Mugello		861958
0	Castello_di_Vincigliata	Ville_di_Fiesole		862040
0	Castello_il_Palagio	Ville_di_San_Casciano_in_Val_di_Pesa		862062
0	Catacombe_di_Villa_Torlonia	Villa_Torlonia		1663432
0	Certosa_di_San_Pietro	Chiese_di_Castelnuovo_Berardenga		1209949
0	Chiatina	Ville_della_provincia_di_Siena		2064103
0	Chiesa_dei_Santi_Giacomo_e_Niccolò	Chiese_di_Castelnuovo_Berardenga		1209903
0	Chiesa_di_San_Bartolomeo_(Sestano)	Chiese_di_Castelnuovo_Berardenga		1209919
0	Chiesa_di_San_Cristoforo_(Vagliagli)	Chiese_di_Castelnuovo_Berardenga		1179125
0	Chiesa_di_San_Giovanni_Evangelista_(Cerreto)	Chiese_di_Castelnuovo_Berardenga		1209914
0	Chiesa_di_San_Pietro_(Canonica_a_Cerreto)	Chiese_di_Castelnuovo_Berardenga		1179137
0	Chiesa_di_Sant'Ansano_a_Dofàna	Chiese_di_Castelnuovo_Berardenga		1179144
14	Chiese_di_Castelnuovo_Berardenga	Architetture_di_Castelnuovo_Berardenga		1298509
0	Cinema_dei_Piccoli	Villa_Borghese		1173968
0	Corte_Palazzina	Ville_di_Castel_Goffredo		4109284
0	Corte_dominicale_Verità	Ville_di_San_Pietro_di_Morubio		3301044
0	Crocifisso_tra_i_santi_Girolamo_e_Cristoforo	Dipinti_nella_Galleria_Borghese		2984227
0	Dama_col_liocorno	Dipinti_nella_Galleria_Borghese		1249400
0	Danae_(Correggio)	Dipinti_nella_Galleria_Borghese		1761512
0	David_(Bernini)	Sculture_nella_Galleria_Borghese		439985
0	Davide_con_la_testa_di_Golia_(Caravaggio_Roma)	Dipinti_nella_Galleria_Borghese		1206057
0	Delizia_del_Verginese	Ville_della_provincia_di_Ferrara		848882
0	Delizia_di_Belriguardo	Ville_della_provincia_di_Ferrara		484229
0	Delizia_di_Benvignante	Ville_della_provincia_di_Ferrara		3493490
0	Delizie_estensi	Ville_della_provincia_di_Ferrara		750786
0	Deposizione_Borghese	Dipinti_nella_Galleria_Borghese		3219415
0	Deposizione_nel_sepolcro_(Rubens)	Dipinti_nella_Galleria_Borghese		1238722
0	Dipendenza_Villa_Spinelli	Ville_di_Napoli|Ville_vesuviane_del_Miglio_d'oro		2011900
14	Dipinti_nella_Galleria_Borghese	Opere_nella_Galleria_Borghese		2599323
0	Edificio_liberty_ex_"O.N.M.I."_(Corbetta)	Ville_di_Corbetta		4532320
0	Enea,_Anchise_e_Ascanio	Sculture_nella_Galleria_Borghese		2398099
0	Fanciullo_con_canestro_di_frutta	Dipinti_nella_Galleria_Borghese		1154126
0	Fattoria_Acquisti	Ville_di_Grosseto		1139515
0	Fattoria_Bicocchi	Ville_della_provincia_di_Grosseto		3146486
0	Fattoria_Santonuovo	Ville_della_provincia_di_Pistoia		4615436
0	Fattoria_della_Badiola	Ville_di_Castiglione_della_Pescaia		2107345
0	Fattoria_della_Campigliola	Ville_della_provincia_di_Grosseto		1117228
0	Fattoria_della_Grancia	Ville_di_Grosseto		1495949
0	Fattoria_di_Collecchio	Ville_della_provincia_di_Grosseto		3143444
0	Fattoria_di_Lattaia	Ville_della_provincia_di_Grosseto		2312136
0	Fattoria_di_Marena	Ville_della_provincia_di_Arezzo		861615
0	Fattoria_di_Marsiliana	Ville_della_provincia_di_Grosseto		1124034
0	Fattoria_di_Monte_Lattaia	Ville_della_provincia_di_Grosseto		1117331
0	Fattoria_di_Peruzzo	Ville_della_provincia_di_Grosseto		1117319
0	Fattoria_di_Pian_di_Rocca	Ville_di_Castiglione_della_Pescaia		2281667
0	Fattoria_di_Principina	Ville_di_Grosseto		1814279
0	Fondazione_Ente_Ville_Vesuviane	Ville_della_Campania|Ville_della_provincia_di_Napoli|Ville_vesuviane_del_Miglio_d'oro		3779274
0	Fonte_Lucente	Ville_di_Fiesole		861888
0	Forte_Belvedere	Ville_medicee		400037
0	Galleria_Borghese	Galleria_Borghese		1237771
14	Galleria_Borghese	Villa_Borghese		1263914
0	Giardini_Colonna	Ville_del_Lazio		1701333
0	Giardino_botanico_Clelia_Durazzo_Grimaldi	Ville_di_Genova		116598
0	Giuseppe_venduto_dai_fratelli_(Bacchiacca)	Dipinti_nella_Galleria_Borghese		3846010
0	Grand_Hotel_de_Londres	Liberty_napoletano		3788941
0	Il_Castellano	Ville_della_provincia_di_Fermo		1714332
0	Il_Corvenale	Ville_di_Carrara		1873542
0	Istituto_Leone_Dehon	Ville_di_Monza		3139123
0	Istituto_Regionale_Ville_Venete	Ville_del_Veneto		2805611
0	Kaffeehaus_di_Corliano	Ville_di_San_Giuliano_Terme		2034271
0	Leda_col_cigno_(Galleria_Borghese)	Dipinti_nella_Galleria_Borghese		1085958
0	Liberty_napoletano	Liberty_napoletano		1518514
14	Liberty_napoletano	Ville_di_Napoli		1526554
0	Limonaia_di_Villa_Strozzi	Ville_di_Firenze		1743153
0	Loggia_di_Psiche	Villa_Farnesina		3406639
0	Madonna_col_Bambino_(Giovanni_Bellini_Roma)	Dipinti_nella_Galleria_Borghese		2809100
0	Madonna_col_Bambino_tra_i_santi_Flaviano_e_Onofrio	Dipinti_nella_Galleria_Borghese		3255139
0	Madonna_dei_Palafrenieri	Dipinti_nella_Galleria_Borghese		1203259
0	Masseria_Miniero	Ville_di_Napoli		2064213
0	Melissa_(Dossi)	Dipinti_nella_Galleria_Borghese		3494620
0	Miglio_d'oro	Ville_vesuviane_del_Miglio_d'oro		1576532
0	Monastero_di_San_Salvatore_a_Fontebona	Chiese_di_Castelnuovo_Berardenga		1209957
0	Mosaico_del_gladiatore	Opere_nella_Galleria_Borghese		2174371
0	Musei_di_Villa_Torlonia	Villa_Torlonia		1619735
0	Museo_Canonica	Villa_Borghese		831262
0	Museo_Carlo_Bilotti	Villa_Borghese		1617475
0	Museo_Casina_delle_Civette	Villa_Torlonia		788285
0	Negozio_"Lotto_zero"	Liberty_napoletano		3593542
0	Nozze_di_Alessandro_e_Rossane	Affreschi_nella_Villa_Farnesina		2991716
0	Obelisco_del_Pincio	Pincio		1979700
14	Opere_nel_Museo_Torlonia	Villa_Torlonia		2381057
14	Opere_nella_Galleria_Borghese	Galleria_Borghese		2064970
0	Orologio_ad_acqua_(Roma)	Pincio		2975618
0	Orto_sconcluso	Ville_di_Bagno_a_Ripoli		3475802
0	Ospizio_Marino_Padre_Ludovico_da_Casoria	Ville_di_Napoli		2037186
0	Palagio_dei_Corbinelli	Ville_di_Firenze		2204608
0	Palazzina_Paradisiello	Liberty_napoletano		1382366
0	Palazzina_Rocco	Liberty_napoletano		2703014
0	Palazzina_Russo_Ermolli	Liberty_napoletano		2008689
0	Palazzina_Velardi	Liberty_napoletano		2116702
0	Palazzina_dei_Mulini	Ville_della_provincia_di_Livorno		846118
0	Palazzina_gonzaghesca_di_Bosco_Fontana	Ville_della_provincia_di_Mantova		4661802
0	Palazzo_Acquaviva_Coppola	Liberty_napoletano		1526635
0	Palazzo_Amoretti	Ville_di_Portici|Ville_vesuviane_del_Miglio_d'oro		3638460
0	Palazzo_Arese_Borromeo	Ville_della_provincia_di_Monza_e_della_Brianza		3491035
0	Palazzo_Avena	Liberty_napoletano		2014311
0	Palazzo_Bolongaro	Ville_della_provincia_del_Verbano-Cusio-Ossola		4193992
0	Palazzo_Chiarini	Ville_di_Grosseto		2320273
0	Palazzo_Farnese_(Caprarola)	Ville_del_Lazio		152173
0	Palazzo_Ferrero-Colonna-Cambiaso	Ville_della_provincia_di_Savona		2231312
0	Palazzo_Gallio_(Gravedona)	Ville_della_provincia_di_Como		1708675
0	Palazzo_Giulini	Ville_della_provincia_di_Como		1453353
0	Palazzo_Gonzaga-Guerrieri	Ville_della_provincia_di_Mantova		3849963
0	Palazzo_Landriani	Ville_vesuviane_del_Miglio_d'oro		3643078
0	Palazzo_Leone_da_Perego	Ville_della_provincia_di_Milano		1519487
0	Palazzo_Leonetti	Liberty_napoletano		1526723
0	Palazzo_Lucini_Arborio_Mella	Ville_della_provincia_di_Milano		1757762
0	Palazzo_Mannajuolo	Liberty_napoletano		2026589
0	Palazzo_Taccona	Ville_della_provincia_di_Monza_e_della_Brianza		697718
0	Palazzo_Vallelonga	Ville_vesuviane_del_Miglio_d'oro		2275938
0	Palazzo_Verlato_Putin	Ville_di_Villaverla		4069663
0	Palazzo_Villarosa	Ville_di_Bagheria		816358
0	Palazzo_Visconti-Castelli	Ville_della_provincia_di_Milano		1635436
0	Palazzo_Visconti_(Saronno)	Ville_della_provincia_di_Varese		1725780
0	Palazzo_mediceo_di_Seravezza	Ville_della_provincia_di_Lucca|Ville_medicee		586040
0	Paolina_Borghese_(Canova)	Sculture_nella_Galleria_Borghese		677774
0	Parco_Virgiliano_(Roma)	Ville_di_Roma		3325923
0	Parco_degli_Scipioni	Ville_di_Roma		4031620
0	Parco_di_Monza	Ville_di_Monza		1392682
0	Patrizio_Torlonia	Opere_nel_Museo_Torlonia		1894530
0	Piazza_di_Siena	Villa_Borghese		1930176
0	Piccola_Casa_della_Divina_Provvidenza_(Firenze)	Ville_di_Firenze		1082832
0	Pieve_dei_Santi_Cosma_e_Damiano	Chiese_di_Castelnuovo_Berardenga		1179122
0	Pieve_di_San_Felice_a_Bossi	Chiese_di_Castelnuovo_Berardenga		1179118
0	Pieve_di_San_Giovanni_Battista_(Pieve_Asciata)	Chiese_di_Castelnuovo_Berardenga		1209942
0	Pieve_di_Santa_Maria_(Villa_a_Sesta)	Chiese_di_Castelnuovo_Berardenga		1179134
0	Pieve_di_Santa_Maria_a_Pàcina	Chiese_di_Castelnuovo_Berardenga		1179108
0	Pincio	Pincio		699182
14	Pincio	Villa_Borghese		2965103
0	Polifemo_(Sebastiano_del_Piombo)	Affreschi_nella_Villa_Farnesina		3391742
0	Propositura_dei_Santi_Giusto_e_Clemente	Chiese_di_Castelnuovo_Berardenga		1179102
0	Ratto_di_Proserpina_(Bernini)	Sculture_nella_Galleria_Borghese		132251
0	Reggia_di_Portici	Ville_vesuviane_del_Miglio_d'oro		1046078
0	Residenza_di_Mussolini_a_Villa_Torlonia	Villa_Torlonia		2936360
0	Ricerca_della_coppa_rubata	Dipinti_nella_Galleria_Borghese		3845988
0	Ritratto_del_Pianerlotto	Dipinti_nella_Galleria_Borghese		3607243
0	Ritratto_di_Papa_Paolo_V	Dipinti_nella_Galleria_Borghese		2047854
0	Ritratto_di_gentiluomo_(Lotto)	Dipinti_nella_Galleria_Borghese		3349593
0	Ritratto_virile_(Raffaello_Galleria_Borghese)	Dipinti_nella_Galleria_Borghese		3207127
0	Ritrovamento_della_coppa_rubata_nel_sacco_di_Beniamino	Dipinti_nella_Galleria_Borghese		3846001
0	San_Giovanni_Battista_(Caravaggio)	Dipinti_nella_Galleria_Borghese		1203151
0	San_Girolamo_(Caravaggio)	Dipinti_nella_Galleria_Borghese		1206058
0	Sarcofago_Torlonia	Opere_nel_Museo_Torlonia		1977702
14	Sculture_nella_Galleria_Borghese	Opere_nella_Galleria_Borghese		4000392
0	Serra_moresca	Villa_Torlonia		2922040
0	Silvano_Toti_Globe_Theatre	Villa_Borghese		2094636
0	Spicciano	Ville_della_provincia_di_Firenze		2035583
0	Storia_di_Villa_Borghese	Villa_Borghese		3301929
0	Storia_di_Villa_Torlonia	Villa_Torlonia		2941287
14	Stub_-_ville_d'Italia	Ville_d'Italia		4565745
0	Suonatore_di_flauto	Dipinti_nella_Galleria_Borghese		3297849
0	Susanna_e_i_vecchioni_(Rubens)	Dipinti_nella_Galleria_Borghese		1225605
0	Teatro_Torlonia	Villa_Torlonia		2932913
0	Teatro_Vittorio_Alfieri_(Castelnuovo_Berardenga)	Architetture_di_Castelnuovo_Berardenga		2019532
0	Tempio_di_Esculapio_(Villa_Borghese)	Villa_Borghese		1767338
0	Tobiolo_e_l'angelo_(Savoldo)	Dipinti_nella_Galleria_Borghese		3482171
0	Torre_del_Gallo	Ville_di_Firenze		740547
0	Trionfo_di_Galatea	Affreschi_nella_Villa_Farnesina		1121913
4	VEZ	Ville_di_Venezia		4745823
0	Villa-convento_di_Carmignanello	Ville_di_Sesto_Fiorentino		529498
0	Villa-fattoria_di_Capezzana	Ville_della_provincia_di_Prato		4130516
6	VillaAdriana_01.JPG	Villa_Adriana		1115566
6	VillaAdriana_02.JPG	Villa_Adriana		1115569
6	VillaAdriana_03.JPG	Villa_Adriana		1115575
6	VillaAdriana_04.JPG	Villa_Adriana		1115579
0	Villa_"La_Colombina"	Ville_del_Terraglio|Ville_di_Preganziol		3413948
0	Villa_Abamelek	Ville_di_Roma		1602620
0	Villa_Abegg	Ville_di_Torino		4566313
0	Villa_Ada_(Bagni_di_Lucca)	Ville_della_provincia_di_Lucca		872118
0	Villa_Ada_(Roma)	Ville_di_Roma		921694
0	Villa_Addeo	Ville_di_Napoli		2011567
14	Villa_Adriana	Ville_di_Tivoli		1892850
0	Villa_Adriana	Ville_di_Tivoli		2616254
0	Villa_Agape-Arrighetti	Ville_di_Firenze		2335902
0	Villa_Albani	Ville_di_Roma		294262
0	Villa_Alberti	Ville_di_Firenze		1099084
0	Villa_Albizzi	Ville_di_Fiesole		1103743
0	Villa_Aldobrandini_(Frascati)	Stub_-_ville_d'Italia|Ville_di_Frascati		791766
0	Villa_Aldobrandini_(Roma)	Ville_di_Roma		1615088
0	Villa_Algarotti-Berchet	Ville_del_Terraglio|Ville_di_Venezia		2396057
0	Villa_Allegri_von_Ghega	Ville_di_Mira		1894565
0	Villa_Alliata_Cardillo	Ville_di_Palermo		2669180
0	Villa_Alliata_di_Pietratagliata	Ville_di_Palermo		2407330
0	Villa_Almerico_Capra	Ville_di_Vicenza|Ville_palladiane		243841
0	Villa_Alta	Ville_di_San_Giuliano_Terme		2958983
0	Villa_Amalia	Ville_di_Napoli|Ville_vesuviane_del_Miglio_d'oro		2458645
0	Villa_Amari_Cusa	Ville_della_Puglia		3513483
0	Villa_Amirante	Ville_di_San_Giorgio_a_Cremano		4053182
0	Villa_Angarano	Ville_di_Bassano_del_Grappa|Ville_palladiane		1687347
0	Villa_Anna	Ville_di_Lastra_a_Signa		3149643
0	Villa_Annoni_(Cuggiono)	Ville_della_provincia_di_Milano		4668709
0	Villa_Antinori_del_Cigliano	Ville_di_San_Casciano_in_Val_di_Pesa		2339912
0	Villa_Antinori_delle_Rose	Ville_di_Firenze		3463852
0	Villa_Antona_Traversi	Ville_della_provincia_di_Monza_e_della_Brianza		1200853
0	Villa_Antonietta	Ville_di_Forte_dei_Marmi		1849797
0	Villa_Arata	Ville_di_Napoli		2014421
0	Villa_Arceno	Ville_di_Castelnuovo_Berardenga		847035
0	Villa_Archinto_Pennati	Ville_di_Monza		1777707
0	Villa_Arconati	Ville_della_provincia_di_Milano		201777
0	Villa_Argentina	Ville_di_Viareggio		1849982
0	Villa_Arnaldi	Ville_di_Sarego|Ville_palladiane		1697705
0	Villa_Arvedi	Ville_di_Grezzana		3075945
0	Villa_Ascarelli	Liberty_napoletano|Ville_di_Napoli		2703113
0	Villa_Attias	Ville_di_Livorno		1818139
0	Villa_Avallone_Tufarelli	Ville_di_San_Giorgio_a_Cremano|Ville_vesuviane_del_Miglio_d'oro		3768023
0	Villa_Avanzati	Ville_di_Castelnuovo_Berardenga		3938296
0	Villa_Badoer	Ville_della_provincia_di_Rovigo|Ville_palladiane		211168
0	Villa_Badoer_Fattoretto	Ville_di_Dolo		2382260
0	Villa_Bagatti_Valsecchi	Ville_della_provincia_di_Monza_e_della_Brianza		2139496
0	Villa_Baiocchi	Ville_di_Livorno		1255448
0	Villa_Baldasseroni	Ville_di_Montespertoli		3532070
0	Villa_Banchieri_(Castelmartini)	Ville_della_provincia_di_Pistoia		1677168
0	Villa_Banchieri_(Lucca)	Ville_della_provincia_di_Lucca		2574629
0	Villa_Barbarigo_(Noventa_Vicentina)	Stub_-_ville_d'Italia|Ville_di_Noventa_Vicentina		4047516
0	Villa_Barbarigo_(Valsanzibio)	Ville_di_Galzignano_Terme		2539843
0	Villa_Barbaro	Ville_di_Maser|Ville_palladiane		300915
0	Villa_Bardi	Ville_di_Barberino_Val_d'Elsa		3467059
0	Villa_Bardini	Ville_di_Firenze		2280889
0	Villa_Basilewsky	Ville_di_Firenze		4656205
0	Villa_Bayon	Ville_di_Firenze		1790974
0	Villa_Beffa	Ville_di_Castel_Goffredo		3793233
0	Villa_Belgiojoso_(Castello)	Ville_di_Lecco		864208
0	Villa_Bellagio	Ville_di_Fiesole		3464918
0	Villa_Bellavista	Ville_della_provincia_di_Pistoia		846686
0	Villa_Bellini	Ville_di_Firenze		1810283
0	Villa_Belvedere_(San_Giuliano_Terme)	Ville_di_San_Giuliano_Terme		2570841
0	Villa_Bencistà	Ville_di_Fiesole		4602428
0	Villa_Benetton_detta_"La_Marignana"	Ville_di_Mogliano_Veneto		1194855
0	Villa_Benvenuti	Ville_di_Fiesole		1103682
0	Villa_Bernardini	Ville_di_Lucca		872285
0	Villa_Bernini_Buri	Ville_di_Verona		3211979
0	Villa_Bertelli	Ville_di_Forte_dei_Marmi		2891154
0	Villa_Bertoldi	Ville_di_Negrar		2875099
0	Villa_Bettelloni	Ville_di_San_Pietro_in_Cariano		3049973
0	Villa_Bezzuoli	Ville_di_Fiesole		911545
0	Villa_Bianca	Ville_di_Napoli		2015346
0	Villa_Biancardi_(Codogno)	Ville_della_provincia_di_Lodi		4612867
0	Villa_Biancardi_(Zorlesco)	Ville_della_provincia_di_Lodi		3388128
0	Villa_Bianchi	Ville_del_Terraglio|Ville_di_Mogliano_Veneto		3112424
0	Villa_Bisignano	Ville_di_Napoli|Ville_vesuviane_del_Miglio_d'oro		2202389
0	Villa_Bisio	Ville_di_Genova		517754
0	Villa_Bissari_Curti	Ville_di_Sovizzo		1717344
0	Villa_Bloch	Ville_di_Napoli		2011405
0	Villa_Bonaccorsi	Ville_della_provincia_di_Macerata		621679
0	Villa_Bonini_Matteazzi	Ville_di_Vicenza		1434957
0	Villa_Bonocore	Ville_di_San_Giorgio_a_Cremano|Ville_vesuviane_del_Miglio_d'oro		3723781
0	Villa_Borbone	Ville_di_Viareggio		874140
0	Villa_Borbone_delle_Pianore	Ville_della_provincia_di_Lucca		872145
0	Villa_Borgherini	Ville_di_Firenze		900607
0	Villa_Borghese	Villa_Borghese|Ville_di_Roma		41111
14	Villa_Borghese	Ville_di_Roma		2159811
0	Villa_Borghese_Pinciana	Villa_Borghese		1848679
0	Villa_Borrelli	Ville_di_San_Giorgio_a_Cremano|Ville_vesuviane_del_Miglio_d'oro		3728154
0	Villa_Borri_Manzoli	Ville_di_Corbetta		4527189
0	Villa_Borromeo_(San_Casciano_Val_di_Pesa)	Ville_di_San_Casciano_in_Val_di_Pesa		1184611
0	Villa_Borromeo_d'Adda	Ville_di_Arcore		2495980
0	Villa_Bortolon	Ville_di_Conegliano		2571211
0	Villa_Borzino	Ville_della_provincia_di_Genova		2694735
0	Villa_Boscogrande	Ville_di_Palermo		1383793
0	Villa_Bottini	Ville_di_Lucca		872290
0	Villa_Bozzi	Ville_di_Napoli		2595442
0	Villa_Brandolini_d'Adda	Ville_di_Pieve_di_Soligo		2562011
0	Villa_Brignole_Sale_Duchessa_di_Galliera	Ville_di_Genova		533220
0	Villa_Brody	Ville_di_Greve_in_Chianti		1285546
0	Villa_Brugola	Ville_di_Monza		2405590
0	Villa_Bruno	Ville_di_San_Giorgio_a_Cremano|Ville_vesuviane_del_Miglio_d'oro		1754821
0	Villa_Buonamici_a_Savignano	Ville_di_Vaiano		3707613
0	Villa_Buonvisi_Oliva	Ville_di_Lucca		872316
0	Villa_Buratti	Ville_del_Terraglio|Ville_di_Mogliano_Veneto		4058338
0	Villa_Buri,_Avanzi	Ville_di_San_Pietro_in_Cariano		3066412
0	Villa_Butori	Ville_di_Lucca		1744479
0	Villa_Caccia	Ville_della_provincia_di_Novara		3290127
0	Villa_Cadorin_Soldi	Ville_di_San_Fior		2579377
0	Villa_Caimi	Ville_di_Milano		1279514
0	Villa_Caldogno	Ville_di_Caldogno|Ville_palladiane		770014
0	Villa_Campbell	Ville_di_Napoli		2010814
0	Villa_Campolieto	Ville_della_provincia_di_Napoli|Ville_vesuviane_del_Miglio_d'oro		1579693
0	Villa_Canello	Ville_di_Conegliano		2531188
0	Villa_Capello	Ville_di_Galliera_Veneta		3896810
0	Villa_Capitaneo	Ville_della_Puglia		3503032
0	Villa_Capponi_(Barberino_Val_d'Elsa)	Ville_di_Barberino_Val_d'Elsa		3470887
0	Villa_Capponi_(Firenze)	Ville_di_Firenze		529287
0	Villa_Capponi_Piaggio	Ville_di_Montopoli_in_Val_d'Arno		1079102
0	Villa_Capra_(Sarcedo)	Ville_di_Sarcedo		4493905
0	Villa_Capra_Barbaran	Stub_-_ville_d'Italia|Ville_di_Camisano_Vicentino		4494083
0	Villa_Capsoni_(Corbetta)	Ville_di_Corbetta		4532307
0	Villa_Caracciolo_di_Forino	Ville_di_San_Giorgio_a_Cremano|Ville_vesuviane_del_Miglio_d'oro		3744458
0	Villa_Carafa_di_Belvedere	Ville_di_Napoli		2051672
0	Villa_Carafa_di_Percuoco	Ville_di_San_Giorgio_a_Cremano|Ville_vesuviane_del_Miglio_d'oro		3735153
0	Villa_Carducci	Ville_di_Firenze		2346593
0	Villa_Carlotta	Ville_della_provincia_di_Como		1357989
0	Villa_Carminati-Ferrario	Ville_di_Monza		2278713
0	Villa_Carobbi	Ville_di_Firenze		1901932
0	Villa_Carpegna	Ville_di_Roma		3327710
0	Villa_Carsana	Ville_di_San_Giorgio_a_Cremano|Ville_vesuviane_del_Miglio_d'oro		3744450
0	Villa_Caruso_di_Bellosguardo	Ville_di_Lastra_a_Signa		529317
0	Villa_Casagrande_Serristori	Ville_di_Figline_Valdarno		4065658
0	Villa_Casati_Stampa_(Muggiò)	Ville_della_provincia_di_Monza_e_della_Brianza		2094385
0	Villa_Casazza	Ville_di_Napoli		2011517
0	Villa_Casciaro	Ville_di_Napoli		2539594
0	Villa_Caserotta	Ville_di_San_Casciano_in_Val_di_Pesa		1751069
0	Villa_Castagneto-Caracciolo	Ville_di_Napoli		2010821
0	Villa_Castelletti	Ville_di_Signa		2114845
0	Villa_Castiglioni_(Corbetta)	Ville_di_Corbetta		4532332
0	Villa_Catello-Piccoli	Liberty_napoletano|Ville_di_Napoli		1585488
0	Villa_Cattolica	Ville_di_Bagheria		2678736
0	Villa_Cavaglioni	Ville_di_Sovicille		4577178
0	Villa_Cecchi	Ville_di_Firenze		3463373
0	Villa_Celimontana	Ville_di_Roma		1120696
0	Villa_Celle	Ville_di_Pistoia		874281
0	Villa_Celsa	Ville_di_Sovicille		849037
0	Villa_Cerami	Ville_di_Catania		381693
0	Villa_Cerbone	Ville_di_San_Giorgio_a_Cremano|Ville_vesuviane_del_Miglio_d'oro		3747541
0	Villa_Certosa	Ville_della_Sardegna		3060126
0	Villa_Cetinale	Ville_di_Sovicille		849054
0	Villa_Chierchia	Ville_di_Napoli		2037176
0	Villa_Chiericati	Ville_di_Grumolo_delle_Abbadesse|Ville_palladiane		1690462
0	Villa_Chigi_(Siena)	Ville_di_Siena		848886
0	Villa_Chigi_Saracini	Ville_di_Castelnuovo_Berardenga		847064
0	Villa_Cicogna_Mozzoni	Ville_della_provincia_di_Varese		637376
0	Villa_Cilento	Ville_di_Napoli		2142710
0	Villa_Cimbrone	Ville_di_Ravello		2287246
0	Villa_Cipolla_Pellegrini	Ville_di_Tregnago		1280656
0	Villa_Cislaghi_(Corbetta)	Ville_della_provincia_di_Milano		4530975
0	Villa_Civran_Morpurgo_Pini-Puig	Ville_di_Conegliano		2569033
0	Villa_Clio	Ville_della_provincia_di_Perugia		1886351
0	Villa_Colletta	Ville_di_Firenze		1720201
0	Villa_Colombini_(Corbetta)	Ville_di_Corbetta		4532342
0	Villa_Colonna_(Pistoia)	Ville_di_Pistoia		1677276
0	Villa_Colonna_Bandini	Ville_di_Napoli		2751648
0	Villa_Combi	Ville_di_Salzano		4589921
0	Villa_Compagnoni_delle_Lune	Ville_della_provincia_di_Macerata		4040637
0	Villa_Condulmer	Ville_di_Mogliano_Veneto		2344892
0	Villa_Contarini	Ville_di_Piazzola_sul_Brenta		341215
0	Villa_Contarini_(Este)	Ville_di_Este		2473098
0	Villa_Contarini_Rota_Piva	Ville_di_Cinto_Euganeo		2557238
0	Villa_Contini_Bonacossi	Ville_di_Firenze		2240890
0	Villa_Coppini	Ville_di_Firenze		1724798
0	Villa_Corbinelli	Ville_di_Firenze		3462721
0	Villa_Cordellina	Ville_di_Montecchio_Maggiore		1277695
0	Villa_Cornaro	Ville_di_Piombino_Dese|Ville_palladiane		1695070
0	Villa_Correr	Ville_di_Casale_di_Scodosia		3298116
0	Villa_Corridi	Ville_di_Livorno		872062
0	Villa_Corsi	Ville_di_Massa		1870976
0	Villa_Corsi_Salviati	Ville_di_Sesto_Fiorentino		870270
0	Villa_Corsini_(Albano)	Ville_di_Albano_Laziale		3430906
0	Villa_Corsini_a_Castello	Ville_di_Firenze		483790
0	Villa_Corsini_a_Mezzomonte	Ville_dell'Impruneta|Ville_medicee		587262
0	Villa_Cosenza	Ville_di_San_Giorgio_a_Cremano|Ville_vesuviane_del_Miglio_d'oro		3741695
0	Villa_Costantini_Morosini_Papadopoli-Aldobrandini	Ville_di_Vittorio_Veneto		2807589
0	Villa_Costanza	Ville_di_San_Pietro_in_Cariano		2882268
0	Villa_Cottrau	Ville_di_Napoli		2127945
0	Villa_Crastan	Ville_della_Valdera|Ville_di_Pontedera		873686
0	Villa_Craven	Ville_di_Napoli		2127034
0	Villa_Crespi	Ville_di_Napoli		1969646
0	Villa_Cristina	Ville_di_Firenze		1085387
0	Villa_Cristina_(Napoli)	Ville_di_Napoli|Ville_vesuviane_del_Miglio_d'oro		2595363
0	Villa_Crivelli_Mesmer	Ville_di_Monza		2278577
0	Villa_Cusani_Confalonieri_(Carate_Brianza)	Ville_della_provincia_di_Monza_e_della_Brianza		4696846
0	Villa_Da_Riva	Ville_di_Mogliano_Veneto		3288080
0	Villa_Da_Sacco	Ville_di_Pescantina		3017417
0	Villa_Dandini_de_Silva	Ville_di_Firenze		4627232
0	Villa_De_Cristoforo	Liberty_napoletano|Ville_di_Napoli		2014287
0	Villa_De_Larderel	Stub_-_ville_d'Italia|Ville_dell'Impruneta		4592350
0	Villa_De_Obizzi_Lanzone	Ville_del_Friuli-Venezia_Giulia		602714
0	Villa_Del_Lupo	Ville_di_San_Giuliano_Terme		2959451
0	Villa_Del_Magro	Ville_di_Lucca		1852842
0	Villa_Della_Casa	Ville_della_provincia_del_Verbano-Cusio-Ossola		4192465
0	Villa_Della_Porta_Bozzolo	Ville_della_provincia_di_Varese		1884057
0	Villa_Della_Torre	Ville_di_Fumane		2874709
0	Villa_Dello_Strologo	Ville_di_Livorno		1255829
0	Villa_Demidoff	Ville_di_Vaglia		495208
0	Villa_Devoto_(Cagliari)	Ville_della_Sardegna		3415026
0	Villa_Di_Breme_Gualdoni_Forno	Ville_della_provincia_di_Milano		4682945
0	Villa_Di_Napoli	Ville_di_Palermo		4473131
0	Villa_Dianella_Fucini	Ville_di_Vinci		870012
0	Villa_Dionisi	Ville_di_Cerea		3288842
0	Villa_Donatello	Ville_di_Firenze		3226394
0	Villa_Donzelli	Ville_di_Napoli		2464719
0	Villa_Doria_(Albano_Laziale)	Ville_di_Albano_Laziale		1671192
0	Villa_Doria_(Marina_di_Massa)	Ville_di_Massa		1870979
0	Villa_Doria_Centurione	Ville_di_Genova		3516698
0	Villa_Doria_Pamphilj	Ville_di_Roma		117197
0	Villa_Doria_d'Angri	Ville_di_Napoli		2037193
0	Villa_Dosso-Biffi	Ville_di_Monza		2400711
0	Villa_Draghi	Ville_di_Montegrotto_Terme		1635947
0	Villa_Ducloz-Dianola	Ville_di_Lucca		1852849
0	Villa_Duodo	Ville_di_Monselice		2379408
0	Villa_Dupouy	Ville_di_Livorno		2012775
0	Villa_Durazzo-Centurione	Ville_della_provincia_di_Genova		1467392
0	Villa_Durazzo-Pallavicini	Ville_di_Genova		103585
0	Villa_Durazzo_Bombrini	Ville_di_Genova		2872650
0	Villa_Durini	Ville_di_Monza		1777755
0	Villa_Ebe	Ville_di_Napoli		1061863
0	Villa_Eden_Leading_Health_Centre	Ville_d'Italia		4641775
0	Villa_Emma_(Napoli)	Ville_di_Napoli		2214925
0	Villa_Emma_(Nonantola)	Ville_della_provincia_di_Modena		3288839
0	Villa_Emo	Ville_di_Vedelago|Ville_palladiane		949503
0	Villa_Erba	Ville_di_Cernobbio		1338673
0	Villa_Eremo	Ville_di_Lecco		2115331
0	Villa_Erizzo_(Mestre)	Ville_di_Venezia		4736624
0	Villa_Eugenia	Ville_della_provincia_di_Macerata		1449696
0	Villa_Fabbricotti_(Firenze)	Ville_di_Firenze		529323
0	Villa_Fabbricotti_(Livorno)	Ville_di_Livorno		872071
0	Villa_Fabbricotti_alla_Padula	Ville_di_Carrara		872378
0	Villa_Fabris_Giavi	Ville_di_Conegliano		2571585
0	Villa_Fabris_detta_Casa_del_Tiziano	Ville_di_Colle_Umberto		3442829
0	Villa_Fagan	Ville_di_Firenze		4617572
0	Villa_Falconieri	Ville_di_Frascati		813343
0	Villa_Fanini	Ville_di_Capannori		2126237
0	Villa_Faraggiana	Ville_della_provincia_di_Savona		2175308
0	Villa_Faraggiana_(Meina)	Ville_della_provincia_di_Novara		2190863
0	Villa_Faraone	Ville_vesuviane_del_Miglio_d'oro		2011735
0	Villa_Farina	Ville_di_Cortona		875029
0	Villa_Farnesina	Villa_Farnesina		229448
14	Villa_Farnesina	Ville_di_Roma		3391756
0	Villa_Fasolo-Tozzato	Ville_di_Venezia		3778089
0	Villa_Favard	Ville_di_Firenze		1773205
0	Villa_Favard_di_Rovezzano	Ville_di_Firenze		529330
0	Villa_Favorita_(Ancona)	Ville_della_provincia_di_Ancona		1167813
0	Villa_Fehr	Ville_di_Vicopisano		873738
0	Villa_Fenaroli	Ville_della_provincia_di_Brescia		3546205
0	Villa_Feri	Ville_di_Firenze		2179367
0	Villa_Ferrari_Casnedi_Casati_Stampa_di_Soncino	Ville_della_provincia_di_Milano		4683338
0	Villa_Ferretti_Angeli	Ville_di_Dolo		2553236
0	Villa_Ferri	Ville_di_Napoli		1702154
0	Villa_Filangeri	Ville_di_Santa_Flavia		1107597
0	Villa_Filomena	Ville_di_Napoli|Ville_vesuviane_del_Miglio_d'oro		2888983
0	Villa_Finaly	Ville_di_Firenze		1720262
0	Villa_Fiorale	Ville_di_Firenze		1720375
0	Villa_Flora	Ville_di_Siena		1678683
0	Villa_Floridiana	Ville_di_Napoli		499785
0	Villa_Fogazzaro_Roi	Ville_della_provincia_di_Como		4528551
0	Villa_Fondi_De_Sangro	Ville_di_Piano_di_Sorrento		4730879
0	Villa_Fontallerta	Ville_di_Firenze		1793582
0	Villa_Forini_Lippi	Ville_della_provincia_di_Pistoia		873814
0	Villa_Forni_Cerato	Ville_di_Montecchio_Precalcino|Ville_palladiane		949746
0	Villa_Forquet	Ville_di_Napoli		2011428
0	Villa_Foscari	Ville_di_Mira|Ville_palladiane		829537
0	Villa_Foscarini_Rossi	Ville_del_Veneto		4745924
0	Villa_Fossi	Ville_di_Firenze		2795987
0	Villa_Franca	Ville_di_Massa		1870984
0	Villa_Franchetti	Ville_del_Terraglio|Ville_di_Preganziol		1556862
0	Villa_Franzan	Ville_di_Sarcedo		495756
0	Villa_Frisiani_Mereghetti	Ville_di_Corbetta		837976
0	Villa_Fumanelli	Ville_di_San_Pietro_in_Cariano		2874839
0	Villa_Fürstemberg	Ville_del_Terraglio|Ville_di_Venezia		3027964
0	Villa_G.A._Galante	Ville_di_San_Giorgio_a_Cremano|Ville_vesuviane_del_Miglio_d'oro		3745927
0	Villa_Gabbianelli	Ville_di_Casale_sul_Sile		4371571
0	Villa_Gabrielli_al_Gianicolo	Ville_di_Roma		1826455
0	Villa_Galante	Ville_di_San_Giorgio_a_Cremano|Ville_vesuviane_del_Miglio_d'oro		3744297
0	Villa_Galardi	Ville_di_Fiesole		3466688
0	Villa_Galeazzi_(Corbetta)	Ville_di_Corbetta		4532302
0	Villa_Gallarati_Scotti	Ville_della_provincia_di_Monza_e_della_Brianza		4698610
0	Villa_Gallo	Ville_di_Napoli		2213959
0	Villa_Gallotti	Ville_di_Napoli		2140071
0	Villa_Gamba_(Livorno)	Ville_di_Livorno		2019480
0	Villa_Gamberaia	Ville_di_Firenze		529532
0	Villa_Gargantini	Ville_della_provincia_di_Milano		4205364
0	Villa_Gargiulo	Ville_di_Napoli		2011923
0	Villa_Garzoni_(Collodi)	Ville_di_Pescia		841507
0	Villa_Garzoni_(Pontecasale)	Ville_di_Candiana		4216674
0	Villa_Gavotti	Ville_della_provincia_di_Savona		50797
0	Villa_Gazzotti	Ville_di_Vicenza|Ville_palladiane		1695404
0	Villa_Gera_(Conegliano)	Ville_di_Conegliano		2492999
0	Villa_Gera_(Parè)	Ville_di_Conegliano		2571626
0	Villa_Gera_Amadio_Maresio_detta_Palazzo_delle_Anime	Ville_di_Conegliano		2562443
0	Villa_Gerini	Ville_di_Sesto_Fiorentino		529478
0	Villa_Gerini_(Borgo_San_Lorenzo)	Ville_di_Borgo_San_Lorenzo		3473918
0	Villa_Ghellini	Ville_di_Villaverla		1109022
0	Villa_Ghirlanda_Silva	Ville_della_provincia_di_Milano		3714558
0	Villa_Ghislanzoni_del_Barco_Curti	Ville_di_Vicenza		4155686
0	Villa_Giampaoli	Ville_di_Carrara		1873655
0	Villa_Gianetti	Ville_della_provincia_di_Varese		1736120
0	Villa_Giarrusso	Ville_di_San_Giorgio_a_Cremano|Ville_vesuviane_del_Miglio_d'oro		3745946
0	Villa_Ginanneschi_Gori	Ville_di_Siena		848916
0	Villa_Ginori_(Cecina)	Ville_della_provincia_di_Livorno		2267246
0	Villa_Ginori_a_Collina	Ville_di_Calenzano		1170978
0	Villa_Ginori_a_Doccia	Ville_di_Sesto_Fiorentino		870019
0	Villa_Giogolirossi	Ville_di_Scandicci		2643799
0	Villa_Gioiosa	Ville_di_Lucca		1853628
0	Villa_Giomi	Ville_di_Lucca		1853585
0	Villa_Giona	Ville_di_San_Pietro_in_Cariano		2874824
0	Villa_Giorgini_Schiff	Ville_della_provincia_di_Massa_e_Carrara		872386
0	Villa_Giovannelli	Ville_di_Firenze		2335978
0	Villa_Giovio_Balbiano	Ville_della_provincia_di_Como		2098176
0	Villa_Giramonte	Ville_di_Firenze		2335948
0	Villa_Gisella	Ville_di_Firenze		1813557
0	Villa_Giulia	Ville_di_Roma		211036
0	Villa_Giulia_(Napoli)	Ville_di_Napoli|Ville_vesuviane_del_Miglio_d'oro		2595386
0	Villa_Giulia_(Palermo)	Ville_di_Palermo		1654576
0	Villa_Giulia_(San_Giorgio_a_Cremano)	Ville_di_San_Giorgio_a_Cremano|Ville_vesuviane_del_Miglio_d'oro		3745957
0	Villa_Giusti	Ville_di_Padova		642145
0	Villa_Giustinian	Ville_di_Conegliano		2536784
0	Villa_Giustiniani-Cambiaso	Ville_di_Genova		2380188
0	Villa_Godi	Ville_di_Lugo_di_Vicenza|Ville_palladiane		948644
0	Villa_Gori	Ville_di_Siena		1678770
0	Villa_Gower	Ville_di_Livorno		2049454
0	Villa_Grabau	Ville_di_Lucca		872299
0	Villa_Grassetti	Ville_della_provincia_di_Mantova		2871052
0	Villa_Grazioli_(Grottaferrata)	Ville_di_Grottaferrata		1349070
0	Villa_Gregoriana	Ville_di_Tivoli		204624
0	Villa_Greppi-Gonzaga	Ville_della_provincia_di_Varese		1590240
0	Villa_Grifoni	Ville_della_provincia_di_Cremona		3197429
0	Villa_Grimaldi_Fassio	Ville_di_Genova		415283
0	Villa_Grimani-Morosini	Ville_di_Martellago		3157945
0	Villa_Guaita	Ville_di_Firenze		2204643
0	Villa_Guerrazzi	Ville_della_provincia_di_Livorno		872107
0	Villa_Guicciardini	Ville_di_Firenze		1812961
0	Villa_Guicciardini_di_Vico	Ville_di_Barberino_Val_d'Elsa		3473409
0	Villa_Guidini	Ville_di_Zero_Branco		2627281
0	Villa_Henderson	Ville_di_Livorno		1818203
0	Villa_Hériot	Ville_di_Venezia		2269303
0	Villa_I_Busini	Ville_di_Rufina		870284
0	Villa_I_Cedri	Ville_di_Bagno_a_Ripoli|Ville_di_Firenze		2010030
0	Villa_I_Collazzi	Ville_di_Scandicci		877990
0	Villa_I_Nespoli	Ville_di_Fiesole		1723191
0	Villa_I_Tatti	Ville_di_Firenze		870294
0	Villa_I_Tattoli	Ville_di_San_Casciano_in_Val_di_Pesa		1842849
0	Villa_Il_Capriccio	Ville_di_Napoli		2010819
0	Villa_Il_Casale	Ville_di_Sesto_Fiorentino		1170798
0	Villa_Il_Castelletto	Ville_di_Torreglia		4397985
0	Villa_Il_Castelluccio	Ville_di_Fucecchio		1730936
0	Villa_Il_Chiuso	Ville_di_Firenze		1726842
0	Villa_Il_Colle	Ville_della_provincia_di_Siena		4576803
0	Villa_Il_Gioiello	Ville_di_Firenze		1121676
0	Villa_Il_Giullarino	Ville_di_Firenze		2335551
0	Villa_Il_Leccio	Ville_di_Castelfiorentino		2367664
0	Villa_Il_Melarancio_(Scandicci_Alto)	Ville_di_Scandicci		3000050
0	Villa_Il_Meleto	Ville_della_provincia_di_Torino		4108994
0	Villa_Il_Palagio_(Campi_Bisenzio)	Ville_di_Campi_Bisenzio		658650
0	Villa_Il_Palagio_di_Maiano	Ville_di_Fiesole		3466055
0	Villa_Il_Palagio_di_Rimaggio	Ville_di_Firenze		3186313
0	Villa_Il_Palmerino	Ville_di_Firenze		3463439
0	Villa_Il_Pavone	Ville_di_Siena		849029
0	Villa_Il_Peruzzo	Ville_di_Firenze		3463799
0	Villa_Il_Pino	Ville_di_Firenze		1724370
0	Villa_Il_Poggio_di_Villamagna	Ville_di_Firenze		3186083
0	Villa_Il_Poggione	Ville_di_Fiesole		3466792
0	Villa_Il_Pozzino	Ville_di_Firenze		1127707
0	Villa_Il_Prato	Ville_di_Firenze		1724707
0	Villa_Il_Rinuccino	Ville_di_Fiesole		1796303
0	Villa_Il_Riposo	Ville_di_Bagno_a_Ripoli		2965646
0	Villa_Il_Riposo_dei_Vescovi	Ville_di_Fiesole		875346
0	Villa_Il_Roseto	Ville_di_Fiesole		870304
0	Villa_Il_Roseto_(Firenze)	Ville_di_Firenze		1791007
0	Villa_Il_Salviatino	Ville_di_Fiesole		3465205
0	Villa_Il_Serraglio	Ville_di_Siena		1678802
0	Villa_Il_Tasso	Ville_di_Firenze		2280969
0	Villa_Il_Teatro	Ville_di_Firenze		2336202
0	Villa_Il_Terraio	Ville_della_provincia_di_Firenze		3202454
0	Villa_Il_Torrino	Ville_di_Scarperia		870317
0	Villa_Il_Ventaglio	Ville_di_Firenze		529280
0	Villa_Imperiale_(Genova)	Ville_di_Genova		544421
0	Villa_Imperiale_(Pesaro)	Ville_della_provincia_di_Pesaro_e_Urbino		3403105
0	Villa_Iozzelli	Ville_di_Pistoia		1795355
0	Villa_Isnard	Ville_della_provincia_di_Pisa		2163220
0	Villa_Jesu	Ville_di_San_Giorgio_a_Cremano|Ville_vesuviane_del_Miglio_d'oro		3832262
0	Villa_Jovene	Ville_di_Napoli		2012827
0	Villa_Jovis	Ville_di_Capri		1228658
0	Villa_L'Acciaiolo	Ville_di_Scandicci		1823489
0	Villa_L'Apparita	Ville_di_Siena		848682
0	Villa_L'Arcipresso	Ville_di_Scandicci		1823502
0	Villa_L'Arrigo	Ville_di_Scandicci		1823497
0	Villa_L'Ugolino	Ville_di_Bagno_a_Ripoli		3186646
0	Villa_La_Barbolana	Ville_della_provincia_di_Arezzo		861660
0	Villa_La_Capponcina	Ville_di_Firenze		3454163
0	Villa_La_Collina	Ville_di_Sesto_Fiorentino		3470809
0	Villa_La_Costaglia	Ville_della_provincia_di_Pistoia		2958592
0	Villa_La_Decina	Ville_di_Napoli		2430054
0	Villa_La_Duchesca	Ville_di_Napoli		2018996
0	Villa_La_Farnia	Ville_di_Pistoia		1744735
0	Villa_La_Favorita_(Firenze)	Ville_di_Firenze		2204627
0	Villa_La_Favorita_(Mantova)	Ville_della_provincia_di_Mantova		3821431
0	Villa_La_Favorita_(Roma)	Ville_di_Roma		1588051
0	Villa_La_Fiorita	Ville_di_Napoli		2142589
0	Villa_La_Foce	Ville_della_provincia_di_Siena		847652
0	Villa_La_Fontanella	Ville_di_Fiesole		3464853
0	Villa_La_Fonte	Ville_di_Fiesole		3464823
0	Villa_La_Gallina	Ville_di_Firenze		2336121
0	Villa_La_Gressa	Ville_di_Firenze		3463407
0	Villa_La_Guardatoia	Ville_di_Pescia		874162
0	Villa_La_Lastra	Ville_di_Firenze		1724614
0	Villa_La_Loggetta	Ville_di_Napoli		2015294
0	Villa_La_Loggia	Ville_di_Firenze		908508
0	Villa_La_Magia	Ville_della_provincia_di_Pistoia|Ville_medicee		2163601
0	Villa_La_Massa	Ville_di_Bagno_a_Ripoli		3464247
0	Villa_La_Mattonaia	Ville_di_Firenze		4471767
0	Villa_La_Mausolea	Ville_della_provincia_di_Arezzo		1119046
0	Villa_La_Nerlaia	Ville_di_Firenze		2643765
0	Villa_La_Palagina	Ville_di_Fucecchio		3164700
0	Villa_La_Petraia	Ville_di_Firenze|Ville_medicee		495216
0	Villa_La_Pietra	Ville_di_Firenze		529276
0	Villa_La_Quiete	Ville_di_Firenze|Ville_medicee		568728
0	Villa_La_Riccia	Ville_di_Napoli		2430138
0	Villa_La_Rondinella	Ville_della_provincia_di_Siena		1288685
0	Villa_La_Santarella	Ville_di_Napoli		2493905
0	Villa_La_Selva	Ville_di_Firenze		3542658
0	Villa_La_Sfacciata	Ville_di_Firenze		2644585
0	Villa_La_Suvera	Ville_di_Casole_d'Elsa		847576
0	Villa_La_Tana	Ville_di_Bagno_a_Ripoli		3464279
0	Villa_La_Tesoriera	Ville_di_Torino		902248
0	Villa_La_Torraccia	Ville_di_Fiesole		1796153
0	Villa_La_Torre	Ville_di_Bagno_a_Ripoli		4750013
0	Villa_La_Torretta	Ville_di_Firenze		1720340
0	Villa_La_Vagnola	Ville_della_provincia_di_Siena		847598
0	Villa_La_Versiliana	Ville_della_provincia_di_Lucca		872331
0	Villa_La_Vescogna	Ville_della_provincia_di_Lecco		3325734
0	Villa_Lancellotti	Ville_di_Frascati		1358693
0	Villa_Langer	Ville_della_provincia_di_Benevento		2238904
0	Villa_Lante_(Bagnaia)	Ville_del_Lazio		1598906
0	Villa_Lante_(Roma)	Ville_di_Roma		1612888
0	Villa_Lauro_Lancellotti	Ville_di_Portici|Ville_vesuviane_del_Miglio_d'oro		3403185
0	Villa_Lavezzari_Mantese_Angelina	Ville_di_Mareno_di_Piave		2567330
0	Villa_Le_Balze	Ville_di_Fiesole		520782
0	Villa_Le_Brache	Ville_di_Firenze		1726872
0	Villa_Le_Campora	Ville_di_Firenze		3048321
0	Villa_Le_Corti	Ville_di_San_Casciano_in_Val_di_Pesa		595781
0	Villa_Le_Corti_(Firenze)	Ville_di_Firenze		2336290
0	Villa_Le_Falle	Ville_di_Fiesole		875185
0	Villa_Le_Macine	Ville_di_Firenze		1089939
0	Villa_Le_Maschere	Ville_di_Barberino_di_Mugello		1079218
0	Villa_Le_Molina	Ville_di_San_Giuliano_Terme		873707
0	Villa_Le_Mozzete	Ville_di_San_Piero_a_Sieve		1201019
0	Villa_Le_Rondini	Ville_di_Firenze		1726795
0	Villa_Lebrecht	Ville_di_San_Pietro_in_Cariano		2874811
0	Villa_Lemmi	Ville_di_Firenze		2922129
0	Villa_Leone	Ville_di_San_Giorgio_a_Cremano|Ville_vesuviane_del_Miglio_d'oro		3747509
0	Villa_Leonetti	Ville_di_Napoli		2037204
0	Villa_Letizia	Ville_di_Firenze		1720364
0	Villa_Letizia_(Livorno)	Ville_di_Livorno		2019724
0	Villa_Liccer	Ville_di_San_Fior		2539940
0	Villa_Lieto	Ville_di_Napoli		2010817
0	Villa_Lignola	Ville_di_San_Giorgio_a_Cremano|Ville_vesuviane_del_Miglio_d'oro		3747583
0	Villa_Lippomano	Ville_di_San_Vendemiano		2540033
0	Villa_Litta_Bolognini_Modigliani	Ville_della_provincia_di_Monza_e_della_Brianza		3971434
0	Villa_Litta_Carini	Ville_della_provincia_di_Lodi		3387524
0	Villa_Livia	Ville_di_Napoli		1078842
0	Villa_Lo_Specchio	Ville_di_Firenze		1697651
0	Villa_Locanda_l'Elisa	Ville_di_Lucca		4147178
0	Villa_Lomellini_Rostan	Ville_di_Genova		433808
0	Villa_Longo_de_Bellis	Ville_della_Puglia		2748144
0	Villa_Loreley	Liberty_napoletano|Ville_di_Napoli		1586756
0	Villa_Lorenzi	Ville_di_Marano_di_Valpolicella		2876525
0	Villa_Lucia	Ville_di_Napoli		2069191
0	Villa_Lucini_Passalacqua	Ville_della_provincia_di_Como		4473929
0	Villa_Ludovisi	Ville_di_Roma		2884794
0	Villa_Luxoro	Ville_di_Genova		415248
0	Villa_Lysis	Ville_di_Capri		619148
0	Villa_Madama	Ville_di_Roma		900460
0	Villa_Maddalena	Ville_della_provincia_di_Genova		270311
0	Villa_Maderna	Ville_di_Napoli		2014382
0	Villa_Maggi-Corvini	Ville_della_provincia_di_Milano		1740924
0	Villa_Maggiolini	Ville_di_Corbetta		4532326
0	Villa_Magini	Ville_di_Firenze		1727147
0	Villa_Magni	Ville_di_Lerici		1089826
0	Villa_Malaparte	Ville_di_Capri		317921
0	Villa_Malenchini_(Castiglione_della_Pescaia)	Ville_di_Castiglione_della_Pescaia		2132855
0	Villa_Malenchini_(Parma)	Ville_di_Parma		4116745
0	Villa_Malfitano_Whitaker	Ville_di_Palermo		1666177
0	Villa_Malvolti	Ville_di_San_Fior		2573124
0	Villa_Mandella	Ville_di_Isola_Rizza		1723705
0	Villa_Manetti	Ville_di_Fiesole		3466169
0	Villa_Manfredi	Ville_di_Napoli		2010810
0	Villa_Manfrin_detta_Margherita	Ville_di_Treviso		2562387
0	Villa_Manganelli	Ville_della_provincia_di_Catania		4032762
0	Villa_Manganelli_(Catania)	Ville_di_Catania		4671308
0	Villa_Mangiacane	Ville_di_San_Casciano_in_Val_di_Pesa		1842892
0	Villa_Manin	Ville_del_Friuli-Venezia_Giulia		905488
0	Villa_Manin-Kechler	Ville_del_Friuli-Venezia_Giulia		3040113
0	Villa_Manin_Cantarella	Ville_di_Noventa_Vicentina		3678576
0	Villa_Mansi	Ville_di_Capannori		845843
0	Villa_Manzoni	Ville_di_Lecco		2150936
0	Villa_Marchesi	Ville_del_Terraglio|Ville_di_Mogliano_Veneto		3804934
0	Villa_Marescalchi	Ville_della_provincia_di_Bologna		4008860
0	Villa_Margherita_(Bordighera)	Ville_della_provincia_di_Imperia		3562982
0	Villa_Margherita_(Castagneto_Carducci)	Ville_della_provincia_di_Livorno		1240992
0	Villa_Margon	Ville_del_Trentino-Alto_Adige		2903364
0	Villa_Maria_(Livorno)	Ville_di_Livorno		2014753
0	Villa_Maria_(Napoli)	Liberty_napoletano|Ville_di_Napoli		1395184
0	Villa_Maria_De_Mari	Ville_di_Genova		3075935
0	Villa_Marignoli	Ville_di_Roma		2873363
0	Villa_Marigola	Ville_di_Lerici		1699685
0	Villa_Marmori	Ville_della_provincia_della_Spezia		1636717
0	Villa_Marsilio_Ficino	Ville_di_Fiesole		3465995
0	Villa_Martellini	Ville_della_provincia_di_Lucca		872321
0	Villa_Martello	Ville_di_Fiesole		3466074
0	Villa_Martinelli	Ville_di_Napoli		2011661
0	Villa_Martini	Ville_di_Prato		2154417
0	Villa_Martini_Bernardi_(Borgo_San_Lorenzo)	Ville_di_Borgo_San_Lorenzo		2197934
0	Villa_Martini_Bernardi_(Calenzano)	Ville_di_Calenzano		2197901
0	Villa_Martini_Bernardi_(Firenze)	Ville_di_Firenze		1724643
0	Villa_Marulli	Ville_di_San_Giorgio_a_Cremano|Ville_vesuviane_del_Miglio_d'oro		3754448
0	Villa_Marullier	Ville_di_San_Giorgio_a_Cremano|Ville_vesuviane_del_Miglio_d'oro		3754473
0	Villa_Masieri	Ville_di_Firenze		2336220
0	Villa_Masini	Ville_di_Montevarchi		1744687
0	Villa_Massimo	Ville_di_Roma		3260484
0	Villa_Massoni	Ville_di_Massa		1182071
0	Villa_Matilde	Ville_di_Calenzano		1730863
0	Villa_Matilde_(Napoli)	Ville_di_Napoli		2128067
0	Villa_Maurogordato	Ville_di_Livorno		872077
0	Villa_Mazzarosa	Ville_di_Capannori		887717
0	Villa_Mazziotti	Ville_di_Napoli		2339929
0	Villa_Meda_(Corbetta)	Ville_di_Corbetta		4530955
0	Villa_Medici	Pincio		241543
0	Villa_Medici_(Fiesole)	Ville_di_Fiesole|Ville_medicee		520060
0	Villa_Medici_del_Vascello	Ville_della_provincia_di_Cremona		1150980
0	Villa_Melzi_(Vaprio_d'Adda)	Ville_della_provincia_di_Milano		4659644
0	Villa_Melzi_d'Eril	Ville_della_provincia_di_Como		1594992
0	Villa_Menafoglio_Litta_Panza	Ville_di_Varese		868565
0	Villa_Menale	Ville_di_San_Giorgio_a_Cremano|Ville_vesuviane_del_Miglio_d'oro		3832221
0	Villa_Menichetti	Ville_di_Lucca		1853594
0	Villa_Mennella	Ville_di_Torre_del_Greco|Ville_vesuviane_del_Miglio_d'oro		3589765
0	Villa_Meroni	Ville_di_Corbetta		4532335
0	Villa_Michelangelo	Ville_di_Firenze		3454115
0	Villa_Mimbelli	Ville_di_Livorno		872084
0	Villa_Minerbetti	Ville_di_Firenze		1720537
0	Villa_Minutoli-Tegrimi	Ville_di_Capannori		887746
0	Villa_Mirabellino	Ville_di_Monza		1773180
0	Villa_Mirabello_(Monza)	Ville_di_Monza		1770595
0	Villa_Mirafiori	Ville_di_Roma		2021005
0	Villa_Mirra	Ville_della_provincia_di_Mantova		3832590
0	Villa_Mocenigo_(Alvisopoli)	Stub_-_ville_d'Italia|Ville_di_Fossalta_di_Portogruaro		1875577
0	Villa_Mocenigo_(Marocco)	Ville_del_Terraglio|Ville_di_Venezia|Ville_palladiane		3358653
0	Villa_Mocenigo_(Oriago)	Ville_di_Mira		4220206
0	Villa_Mocenigo_Randi	Ville_di_Cartura		2428220
0	Villa_Molin	Ville_di_Padova		639938
0	Villa_Mon_Plaisir_e_villa_Guercia	Ville_di_Napoli		2037182
0	Villa_Mondragone	Ville_di_Monte_Porzio_Catone		1262716
0	Villa_Montalban_Ghetti	Ville_di_Conegliano		3085908
0	Villa_Montalbano_Balbi_Valier_Paoletti	Ville_di_Mareno_di_Piave		2567388
0	Villa_Montalvo	Ville_di_Campi_Bisenzio		656794
0	Villa_Montececeri	Ville_di_Fiesole		4490923
0	Villa_Montegattoli	Ville_di_Serravalle_Pistoiese		2459147
0	Villa_Montegirone	Ville_di_Fiesole		3466642
0	Villa_Montereggi	Ville_di_Fiesole		2363485
0	Villa_Moretti	Ville_di_Conegliano		2571235
0	Villa_Morosini_Cappello	Ville_di_Cartigliano		4024793
0	Villa_Morosini_Lucheschi_Valforte	Ville_di_Colle_Umberto		2555916
0	Villa_Morra_di_Lavriano	Ville_di_Cortona		875147
0	Villa_Mosca	Ville_della_provincia_di_Biella		1618509
0	Villa_Mosconi_Bertani	Ville_di_Negrar		2874621
0	Villa_Muggia	Ville_della_provincia_di_Bologna		1121975
0	Villa_Murri	Stub_-_ville_d'Italia|Ville_della_provincia_di_Fermo		2863168
0	Villa_Muti	Ville_di_Grottaferrata		1349085
0	Villa_Nani_Mocenigo	Ville_della_provincia_di_Rovigo		4697343
0	Villa_Nanni_Rosiello	Ville_di_Corbetta		4532318
0	Villa_Nannini	Ville_di_Lucca		1853608
0	Villa_Nasti	Ville_di_Napoli|Ville_vesuviane_del_Miglio_d'oro		2595373
0	Villa_Natalia	Ville_di_Firenze		1723124
0	Villa_Necchi_alla_Portalupa	Ville_della_provincia_di_Pavia		3503552
0	Villa_Niccolini	Ville_di_Firenze		1146540
0	Villa_Niccolini_(Camugliano)	Ville_della_Valdera|Ville_di_Ponsacco|Ville_medicee		585252
0	Villa_Niscemi	Ville_di_Palermo		2409520
0	Villa_Nitti	Ville_della_Basilicata		2585854
0	Villa_Noris	Ville_di_Negrar		2874944
0	Villa_Nunes_Vais	Ville_di_Firenze		2336165
0	Villa_Obizza	Ville_della_provincia_di_Cremona		1547460
0	Villa_Ognissanti	Ville_di_Firenze		1791046
0	Villa_Olgiati	Ville_di_Corbetta		4518504
0	Villa_Olimpia	Ville_di_San_Giorgio_a_Cremano|Ville_vesuviane_del_Miglio_d'oro		3754521
0	Villa_Oliveto	Ville_della_provincia_di_Arezzo		861672
0	Villa_Olmo	Ville_della_provincia_di_Como		857039
0	Villa_Ombrosa	Ville_di_Livorno		2013290
0	Villa_Oro	Ville_di_Napoli		1702137
0	Villa_Orsini	Ville_della_provincia_di_Grosseto		848426
0	Villa_Orvieto	Ville_di_Firenze		1724325
0	Villa_Ottini	Ville_di_Verona		1888351
0	Villa_Ottolini-Tosi	Ville_della_provincia_di_Varese		1462513
0	Villa_Paccagnella	Ville_di_Conegliano		2493321
0	Villa_Padoan	Ville_del_Terraglio|Ville_di_Mogliano_Veneto		3143973
0	Villa_Pagana	Ville_della_provincia_di_Genova		3018524
0	Villa_Pagani	Ville_di_Firenze		1813502
0	Villa_Pagani_(Corbetta)	Ville_di_Corbetta		4532279
0	Villa_Pagani_Della_Torre	Ville_di_Corbetta		4530773
0	Villa_Pagliaia	Ville_di_Castelnuovo_Berardenga		1678608
0	Villa_Palagio_Vecchio	Ville_di_Fiesole		3466137
0	Villa_Palagonia	Ville_di_Bagheria		1981565
0	Villa_Pallavicini-Barbò	Ville_di_Monza		2400679
0	Villa_Pallavicino	Ville_della_provincia_di_Parma		1923166
0	Villa_Palmieri	Ville_di_Firenze		875328
0	Villa_Pandolfini	Ville_di_Lastra_a_Signa		3149578
0	Villa_Pandolfini_di_Carraia	Ville_di_Firenze		3463228
0	Villa_Panna	Ville_di_Firenze		1079931
0	Villa_Paoletti	Ville_di_Codognè		3098792
0	Villa_Paolina_(Lucca)	Ville_di_Lucca		1676326
0	Villa_Paolina_(Sesto_Fiorentino)	Ville_di_Sesto_Fiorentino		1170819
0	Villa_Paolina_(Viareggio)	Ville_di_Viareggio		3647688
0	Villa_Papa	Ville_di_Napoli|Ville_vesuviane_del_Miglio_d'oro		2011758
0	Villa_Papiniano	Ville_di_Fiesole		2645182
0	Villa_Pappone	Liberty_napoletano|Ville_di_Napoli		2014327
0	Villa_Paradiso	Ville_di_Napoli		2535417
0	Villa_Parigi_Corbinelli	Ville_di_Firenze		4084792
0	Villa_Parisi	Ville_di_Monte_Porzio_Catone		1669937
0	Villa_Parravicini	Ville_della_provincia_di_Milano		1148678
0	Villa_Pasquali_da_Cepparello	Ville_di_Scandicci		3436592
0	Villa_Passerini	Ville_di_Cortona		874980
0	Villa_Passerini_(Scandicci)	Ville_di_Scandicci		1843342
0	Villa_Paternò	Ville_di_Napoli		2596664
0	Villa_Patrizi_(Napoli)	Ville_di_Napoli		2012788
0	Villa_Patrizi_(Roma)	Ville_di_Roma		554354
0	Villa_Paudice	Ville_di_Napoli|Ville_vesuviane_del_Miglio_d'oro		2011770
0	Villa_Pavoncelli	Ville_di_Napoli		2037188
0	Villa_Pazzi	Ville_di_Firenze		2336344
0	Villa_Pennati	Ville_di_Monza		2279390
0	Villa_Pera_Riello	Ville_di_Gaiarine		4561153
0	Villa_Percuoco	Ville_di_Napoli|Ville_vesuviane_del_Miglio_d'oro		2011793
0	Villa_Pertusati	Ville_della_provincia_di_Lodi		3387563
0	Villa_Philipson	Ville_di_Pistoia		1832411
0	Villa_Piaggio	Ville_di_Genova		212909
0	Villa_Pian_dei_Giullari	Ville_di_Firenze		2336211
0	Villa_Piccolo	Ville_della_provincia_di_Messina		384598
0	Villa_Piercy	Ville_della_Sardegna		2845483
0	Villa_Pignatelli	Ville_di_Napoli		499786
0	Villa_Pignatelli_di_Montecalvo	Ville_di_San_Giorgio_a_Cremano|Ville_vesuviane_del_Miglio_d'oro		3633194
0	Villa_Pignatelli_di_Monteleone	Ville_di_Napoli|Ville_vesuviane_del_Miglio_d'oro		2012851
0	Villa_Piovene	Ville_di_Lugo_di_Vicenza|Ville_palladiane		1701065
0	Villa_Pisani_(Bagnolo)	Ville_di_Lonigo|Ville_palladiane		1519334
0	Villa_Pisani_(Lonigo)	Ville_di_Lonigo		1114767
0	Villa_Pisani_(Montagnana)	Ville_di_Montagnana|Ville_palladiane		479740
0	Villa_Pisani_(Stra)	Ville_di_Stra		519208
0	Villa_Pitzalis	Ville_della_Sardegna		1785915
0	Villa_Pizzicato	Ville_di_San_Giorgio_a_Cremano|Ville_vesuviane_del_Miglio_d'oro		3757857
0	Villa_Pliniana	Ville_della_provincia_di_Como		2983483
0	Villa_Plinianina	Ville_della_provincia_di_Como		1210317
0	Villa_Poggio_Torselli	Ville_di_San_Casciano_in_Val_di_Pesa		870340
0	Villa_Pojana	Ville_di_Pojana_Maggiore|Ville_palladiane		479688
0	Villa_Pollini	Ville_della_Sardegna		2059109
0	Villa_Pompei,_Carlotti	Ville_di_Illasi		3275466
0	Villa_Porcia_Andreetta_Dell'Andrea	Ville_di_Codognè		3098778
0	Villa_Porta	Ville_di_Marano_di_Valpolicella		3217312
0	Villa_Porto_(Molina)	Ville_di_Malo|Ville_palladiane		1701196
0	Villa_Porto_(Vivaro)	Ville_di_Dueville|Ville_palladiane		1699630
0	Villa_Porziuncola	Ville_di_Firenze		3454181
0	Villa_Poschi	Ville_di_San_Giuliano_Terme		2958926
0	Villa_Prata	Ville_di_Monza		2281165
0	Villa_Presenzano	Ville_di_Napoli		2037199
0	Villa_Priuli_De_Chastonay_Da_Re	Ville_di_Orsago		3082897
0	Villa_Procaccini	Ville_di_Napoli|Ville_vesuviane_del_Miglio_d'oro		2011817
0	Villa_Pucci	Ville_di_Castelfiorentino		587758
0	Villa_Puccini	Ville_di_Viareggio		849096
0	Villa_Puccini_di_Scornio	Ville_di_Pistoia		874292
0	Villa_Pullè	Ville_di_San_Pietro_in_Cariano		2083985
0	Villa_Pusterla	Ville_della_provincia_di_Monza_e_della_Brianza		1497128
0	Villa_Quaranta	Stub_-_ville_d'Italia|Ville_di_Pescantina		3051266
0	Villa_Rachele	Liberty_napoletano|Ville_di_Napoli		2461891
0	Villa_Raffaelli	Ville_di_Napoli		2011541
0	Villa_Raiola_Scarinzi	Ville_di_Napoli|Ville_vesuviane_del_Miglio_d'oro		2011847
0	Villa_Ravà	Ville_di_Firenze		2337762
0	Villa_Reale_di_Marlia	Ville_di_Capannori		840797
0	Villa_Reale_di_Milano	Ville_di_Milano		1338964
0	Villa_Reale_di_Monza	Ville_di_Monza		1338701
0	Villa_Reati	Ville_della_provincia_di_Monza_e_della_Brianza		3414537
0	Villa_Regina	Ville_di_Napoli		2061382
0	Villa_Renatico_Martini	Ville_della_provincia_di_Pistoia		2327015
0	Villa_Repeta	Ville_di_Campiglia_dei_Berici|Ville_palladiane		1701139
0	Villa_Rezzonico	Ville_di_Bassano_del_Grappa		3327854
0	Villa_Ricasoli	Ville_di_Grosseto		1814684
0	Villa_Ricciardi	Ville_di_Napoli		2061642
0	Villa_Righi	Ville_di_San_Giorgio_a_Cremano|Ville_vesuviane_del_Miglio_d'oro		3764696
0	Villa_Righi_(Firenze)	Ville_di_Firenze		4472401
0	Villa_Rigoni_Savioli	Ville_di_Abano_Terme		2342289
0	Villa_Rinaldi_Nardi	Ville_di_Lucca		1676300
0	Villa_Rita	Ville_di_Vicopisano		4142924
0	Villa_Riva_Berni	Ville_della_provincia_di_Mantova		2465701
0	Villa_Rizzardi	Ville_di_Negrar		2874643
0	Villa_Robson	Ville_di_Carrara		1873665
0	Villa_Rocca_Matilde	Ville_di_Napoli		3557324
0	Villa_Roccaromana	Ville_di_Napoli		2011706
0	Villa_Rodocanacchi	Ville_di_Livorno		885624
0	Villa_Rodocanacchi_(via_Calzabigi)	Ville_di_Livorno		2014965
0	Villa_Romana	Ville_di_Firenze		3462681
0	Villa_Romanin_Jacur	Ville_di_Salzano		2967856
0	Villa_Roncioni	Ville_di_San_Giuliano_Terme		845595
0	Villa_Rondinelli	Ville_di_Fiesole		1103847
0	Villa_Rosazza	Ville_di_Genova		2456895
0	Villa_Rosebery	Ville_di_Napoli		632373
0	Villa_Rospigliosi	Ville_della_provincia_di_Pistoia		477345
0	Villa_Rossa	Ville_di_Firenze		2796398
0	Villa_Rossi_Martini	Ville_di_Genova		731660
0	Villa_Rucellai	Ville_di_Campi_Bisenzio		656809
0	Villa_Rufolo	Ville_di_Ravello		2288514
0	Villa_Rusconi-Clerici	Ville_della_provincia_del_Verbano-Cusio-Ossola		1371958
0	Villa_Ruspoli	Ville_di_Firenze		1099133
0	Villa_Saffi	Ville_di_Forlì		1679495
0	Villa_Sagramoso	Ville_di_Zevio		3555666
0	Villa_Saluzzo_Bombrini	Ville_di_Genova		940144
0	Villa_Saluzzo_Serra	Ville_di_Genova		415311
0	Villa_Salvati	Ville_della_provincia_di_Ancona		4663114
0	Villa_Salve	Ville_di_Napoli		2537283
0	Villa_Salvetella	Ville_di_San_Giorgio_a_Cremano|Ville_vesuviane_del_Miglio_d'oro		3764805
0	Villa_Salvetti	Ville_di_Napoli|Ville_vesuviane_del_Miglio_d'oro		2598963
0	Villa_Salviati	Ville_di_Firenze		1090736
0	Villa_Salvini	Ville_di_Firenze		1724593
0	Villa_Sambinello_Pecchio	Ville_di_Corbetta		4532282
0	Villa_San_Carlo_Borromeo	Ville_della_provincia_di_Milano		1741274
0	Villa_San_Chimento	Ville_di_Casole_d'Elsa		847587
0	Villa_San_Donato	Ville_di_Firenze		2410521
0	Villa_San_Fermo	Ville_di_Lonigo		3552842
0	Villa_San_Giorgio	Ville_di_Livorno		2013228
0	Villa_San_Lorenzo	Ville_di_Signa		2114850
0	Villa_San_Marco_(Santa_Flavia)	Ville_di_Santa_Flavia		3274505
0	Villa_San_Martino_(Arcore)	Ville_di_Arcore		229977
0	Villa_San_Michele_a_Doccia	Ville_di_Fiesole		3464644
0	Villa_Sanfiori_Armellin	Ville_di_San_Fior		2580415
0	Villa_Sant'Anna	Ville_di_Napoli|Ville_vesuviane_del_Miglio_d'oro		2011907
0	Villa_Saraceno	Ville_di_Agugliaro|Ville_palladiane		1699653
0	Villa_Sartori	Ville_di_Negrar		2875075
0	Villa_Sassetti	Ville_di_Firenze		1723167
0	Villa_Saulina	Ville_di_Lastra_a_Signa		3114507
0	Villa_Savarese	Ville_di_Napoli		1702204
0	Villa_Savonarola	Ville_di_Firenze		2341756
0	Villa_Sceriman_Widmann_Rezzonico_Foscari	Ville_di_Mira		2553313
0	Villa_Scheibler	Ville_di_Milano		1279308
0	Villa_Schifanoia	Ville_di_Fiesole		870347
0	Villa_Schneider	Ville_della_provincia_di_Biella		2805451
0	Villa_Sciallero-Carbone	Ville_di_Genova		3072846
0	Villa_Sciarra_(Frascati)	Stub_-_ville_d'Italia|Ville_di_Frascati		2986904
0	Villa_Sciarra_(Roma)	Ville_di_Roma		831242
0	Villa_Scopoli	Ville_di_Verona		4403706
0	Villa_Scott	Ville_di_Torino		2940559
0	Villa_Senzano	Ville_di_San_Casciano_in_Val_di_Pesa		3209005
0	Villa_Sepp	Ville_di_Firenze		4475449
0	Villa_Serego	Ville_di_San_Pietro_in_Cariano|Ville_palladiane		1708076
0	Villa_Serego_Alighieri	Ville_di_Sant'Ambrogio_di_Valpolicella		3045313
0	Villa_Serra	Ville_della_provincia_di_Genova		2906687
0	Villa_Sertorio	Ville_della_provincia_di_Genova		672805
0	Villa_Serventi	Ville_di_Roma		4449867
0	Villa_Sesso_Schiavo	Ville_di_Sandrigo		4415616
0	Villa_Settefinestre	Ville_della_provincia_di_Grosseto		2328056
0	Villa_Sforzesca_(Castell'Azzara)	Ville_della_provincia_di_Grosseto		1429107
0	Villa_Sforzesca_(Scansano)	Ville_della_provincia_di_Grosseto		1429160
0	Villa_Sigurtà	Ville_di_Valeggio_sul_Mincio		2932114
0	Villa_Silvia	Ville_dell'Emilia-Romagna		3460945
0	Villa_Simoneschi	Ville_della_provincia_di_Siena		847663
0	Villa_Simonetta	Ville_di_Milano		2712491
0	Villa_Simonetta_Castelbarco-Albani_Quintavalle	Ville_della_provincia_di_Milano		3387209
0	Villa_Simonetti	Ville_di_Lucca		2462018
0	Villa_Simonini	Ville_di_Lucca		1853615
0	Villa_Sinicopri	Ville_di_San_Giorgio_a_Cremano|Ville_vesuviane_del_Miglio_d'oro		3766433
0	Villa_Sizzo_de_Noris	Ville_del_Trentino-Alto_Adige		4632664
0	Villa_Soldera	Ville_di_Conegliano		2575811
0	Villa_Sommi_Picenardi	Ville_della_provincia_di_Lecco		4561285
0	Villa_Sora_(Frascati)	Ville_di_Frascati		1381961
0	Villa_Sora_(Torre_del_Greco)	Ville_di_Torre_del_Greco		524413
0	Villa_Sorgato	Ville_di_Ponzano_Veneto		768692
0	Villa_Sormani	Ville_della_provincia_di_Monza_e_della_Brianza		1736666
0	Villa_Sorra	Ville_della_provincia_di_Modena		1164021
0	Villa_Sparta	Ville_di_Fiesole		875405
0	Villa_Spedalotto	Ville_di_Santa_Flavia		3274523
0	Villa_Spera	Liberty_napoletano|Ville_di_Napoli		1990322
0	Villa_Sperlinga	Ville_di_Palermo		1865114
0	Villa_Sperlinga_(Santa_Flavia)	Ville_di_Santa_Flavia		3748749
0	Villa_Spineda	Ville_di_Volpago_del_Montello		705980
0	Villa_Spinelli_di_Scalea	Ville_di_Napoli|Ville_vesuviane_del_Miglio_d'oro		2414187
0	Villa_Spinola_Dufour	Ville_di_Genova		867521
0	Villa_Stanley	Ville_di_Sesto_Fiorentino		4103865
0	Villa_Stigler	Ville_di_Scandicci		1823505
0	Villa_Strohl_Fern	Ville_di_Roma		2626967
0	Villa_Strozzi_al_Boschetto	Ville_di_Firenze		870608
0	Villa_Suman	Ville_di_Sarcedo		3336041
0	Villa_Taddei	Ville_di_Fiesole		1742892
0	Villa_Tanucci	Ville_di_San_Giorgio_a_Cremano|Ville_vesuviane_del_Miglio_d'oro		3766483
0	Villa_Tanzi_Taverna	Ville_della_provincia_di_Como		4577725
0	Villa_Taranto	Ville_della_provincia_del_Verbano-Cusio-Ossola		1403446
0	Villa_Tavani	Ville_di_Livorno		1255878
0	Villa_Taverna_(Triuggio)	Ville_della_provincia_di_Monza_e_della_Brianza		4694280
0	Villa_Tempestini	Ville_di_Napoli		2011532
0	Villa_Thiene	Ville_di_Quinto_Vicentino|Ville_palladiane		1705280
0	Villa_Tittoni_Traversi	Ville_della_provincia_di_Monza_e_della_Brianza		1668897
0	Villa_Tivan	Ville_del_Terraglio|Ville_di_Venezia		2156478
0	Villa_Toderini	Ville_di_Codognè		2540529
0	Villa_Tolomei	Ville_della_provincia_di_Grosseto		1117338
0	Villa_Tommasi_Aliotti	Ville_di_Cortona		861602
14	Villa_Torlonia	Ville_di_Roma		2931389
0	Villa_Torlonia_(Avezzano)	Ville_d'Italia		3637913
0	Villa_Torlonia_(Frascati)	Ville_di_Frascati		862707
0	Villa_Torlonia_(Roma)	Villa_Torlonia|Ville_di_Roma		366460
0	Villa_Torneamento	Ville_di_Monza		2400289
0	Villa_Torni	Ville_di_Mogliano_Veneto		4125911
0	Villa_Torre_il_Palagio	Ville_di_Barberino_di_Mugello		870630
0	Villa_Torresina	Stub_-_ville_d'Italia|Ville_della_provincia_di_Roma		4350613
0	Villa_Torrigiani	Ville_di_Capannori		845737
0	Villa_Torrigiani_(Barberino_Val_d'Elsa)	Ville_di_Barberino_Val_d'Elsa		3473319
0	Villa_Torrigiani_(Scandicci)	Ville_di_Scandicci		1823512
0	Villa_Torrigiani_(Sesto_Fiorentino)	Ville_di_Sesto_Fiorentino		878464
0	Villa_Torrigiani_Malaspina	Ville_della_Valdera		1730557
0	Villa_Torrigiani_di_Valdigelata	Ville_di_Barberino_Val_d'Elsa		3473359
0	Villa_Trabia	Ville_di_Palermo		1832652
0	Villa_Travaini	Ville_di_Codognè		2539534
0	Villa_Trento	Ville_di_Cervarese_Santa_Croce		4017826
0	Villa_Trevisanato	Ville_di_Mogliano_Veneto		1944125
0	Villa_Trissino_(Cricoli)	Ville_di_Vicenza|Ville_palladiane		1706706
0	Villa_Trissino_Marzotto	Ville_di_Trissino		4353810
0	Villa_Triste	Ville_di_Firenze		531115
0	Villa_Tufarelli	Ville_di_San_Giorgio_a_Cremano|Ville_vesuviane_del_Miglio_d'oro		3776229
0	Villa_Turri	Ville_di_Scandicci		1823491
0	Villa_Tuscolana	Ville_di_Frascati		813354
0	Villa_Ummarino	Ville_di_San_Giorgio_a_Cremano|Ville_vesuviane_del_Miglio_d'oro		3776240
0	Villa_Vai_al_Mulinaccio	Ville_di_Vaiano		3707337
0	Villa_Valcerasa	Ville_della_provincia_di_Macerata		903488
0	Villa_Valdina	Ville_di_Santa_Flavia		3274528
0	Villa_Valdirose	Ville_di_Lastra_a_Signa		3112362
0	Villa_Valguarnera	Ville_di_Bagheria		2407406
0	Villa_Valiante	Ville_di_Napoli		2011504
0	Villa_Valmarana_"Ai_Nani"	Ville_di_Vicenza		1187176
0	Villa_Valmarana_(Lisiera)	Ville_di_Bolzano_Vicentino|Ville_palladiane		1706679
0	Villa_Valmarana_(Vigardolo)	Ville_di_Monticello_Conte_Otto|Ville_palladiane		1707444
0	Villa_Valmarana_Morosini	Ville_di_Altavilla_Vicentina		2647443
0	Villa_Vannucchi	Ville_di_San_Giorgio_a_Cremano|Ville_vesuviane_del_Miglio_d'oro		2456281
0	Villa_Varda	Ville_del_Friuli-Venezia_Giulia		2576660
0	Villa_Vecchia_(Monte_Porzio_Catone)	Ville_di_Monte_Porzio_Catone		2982149
0	Villa_Vecelli,_Cavriani	Ville_di_Mozzecane		2994445
0	Villa_Venezia	Ville_del_Trentino-Alto_Adige		4707969
0	Villa_Venier	Ville_di_Mira		3677112
0	Villa_Verità	Ville_di_Negrar		3045335
0	Villa_Verri_(Biassono)	Ville_della_provincia_di_Monza_e_della_Brianza		3503183
0	Villa_Vescovile	Ville_di_Montebelluna		3534204
0	Villa_Vettori	Ville_di_San_Vendemiano		2565593
0	Villa_Vettori_Bargagli	Ville_di_Santa_Croce_sull'Arno		1676805
0	Villa_Vicentini_Breda_Beretta	Ville_di_Vittorio_Veneto		2807518
0	Villa_Vignola	Ville_di_Napoli|Ville_vesuviane_del_Miglio_d'oro		2037208
0	Villa_Vignozzi	Ville_di_Vinci		870636
0	Villa_Villoresi	Ville_di_Sesto_Fiorentino		1170853
0	Villa_Visconti_Borromeo_Arese_Litta	Ville_della_provincia_di_Milano		580819
0	Villa_Vistarenni	Ville_della_provincia_di_Siena		2607422
0	Villa_Vittoria	Ville_di_Napoli|Ville_vesuviane_del_Miglio_d'oro		2011882
0	Villa_Vogel	Ville_di_Firenze		3703314
0	Villa_Volpi	Ville_del_Terraglio|Ville_di_Mogliano_Veneto|Ville_di_Venezia		2155653
0	Villa_Volpicelli	Ville_di_Napoli		2011986
0	Villa_Volpicelli_(al_n._827)	Ville_di_Napoli|Ville_vesuviane_del_Miglio_d'oro		2037207
0	Villa_Volpicelli_(al_n._835)	Ville_di_Napoli|Ville_vesuviane_del_Miglio_d'oro		2037218
0	Villa_Volte_Alte	Ville_di_Sovicille		849124
0	Villa_Votanidi	Ville_di_Borgo_San_Lorenzo		3473898
0	Villa_Walpole	Ville_di_Napoli		2430180
0	Villa_Wanda	Ville_della_provincia_di_Arezzo		447955
0	Villa_Weil	Ville_di_Genova		462482
0	Villa_Wolkonsky	Ville_di_Roma		2015095
0	Villa_York	Ville_di_Roma		1116800
0	Villa_Zampaglione	Ville_di_San_Giorgio_a_Cremano|Ville_vesuviane_del_Miglio_d'oro		3776257
0	Villa_Zanchi-Capitaneo	Ville_della_Puglia		3420750
0	Villa_Zanelli	Ville_della_provincia_di_Savona		2281227
0	Villa_Zanga	Ville_di_Mogliano_Veneto		3221435
0	Villa_Zari_(Corbetta)	Ville_di_Corbetta		4532263
0	Villa_Zelo	Ville_di_Portici|Ville_vesuviane_del_Miglio_d'oro		3666331
0	Villa_Zeno	Ville_di_Cessalto|Ville_palladiane		1707789
0	Villa_Zucchini_Zannelli	Ville_della_provincia_della_Spezia		2981618
0	Villa_a_Trentaremi	Ville_di_Napoli		2014344
6	Villa_adriana2.jpg	Villa_Adriana		686905
0	Villa_comunale_di_Nocera_Inferiore	Ville_della_provincia_di_Salerno		1612697
0	Villa_d'Abro	Ville_di_Napoli		2889003
0	Villa_d'Agliè	Ville_di_Torino		2712207
0	Villa_d'Avalos	Ville_di_Napoli		2429612
0	Villa_d'Elboeuf	Ville_di_Portici|Ville_vesuviane_del_Miglio_d'oro		1999647
0	Villa_d'Este_(Cernobbio)	Ville_di_Cernobbio		1338863
0	Villa_d'Este_(Tivoli)	Ville_di_Tivoli		121499
0	Villa_da_Pisa	Ville_di_Pisa		4301259
0	Villa_da_Porto_(Sarego)	Ville_di_Sarego		3550986
0	Villa_de'_Franceschi	Ville_di_Pistoia		1677328
0	Villa_de'_Rossi_Passerin_d'Entreves	Ville_di_Pistoia		1677301
0	Villa_de_Marsilio	Ville_di_Napoli		2888961
0	Villa_de_Reali	Ville_di_Casier		3806235
0	Villa_de_Vecchi	Ville_della_provincia_di_Lecco		2082681
0	Villa_dei_Vescovi	Ville_di_Torreglia		916389
0	Villa_del_Balbianello	Ville_della_provincia_di_Como		1603028
0	Villa_del_Barone	Stub_-_ville_d'Italia		4497086
0	Villa_del_Bello	Ville_di_Vaiano		3707382
0	Villa_del_Carretta	Ville_di_Crespina		1676714
0	Villa_del_Casale	Ville_della_provincia_di_Enna		98952
0	Villa_del_Cassero	Ville_di_Serravalle_Pistoiese		1678297
0	Villa_del_Colle_del_Cardinale_(Perugia)	Ville_della_provincia_di_Perugia		4740367
0	Villa_del_Cupolino	Ville_di_Firenze		1720403
0	Villa_del_Duca_di_Bivona	Ville_di_Palermo		2104515
0	Villa_del_Ferrale	Ville_di_Vinci		869996
0	Villa_del_Garofano	Ville_di_Fiesole		1098625
0	Villa_del_Gombo	Ville_di_Pisa		3342313
0	Villa_del_Loretino	Ville_di_Firenze		3462631
0	Villa_del_Palco	Ville_di_Prato		1117618
0	Villa_del_Principe	Ville_di_Genova		903555
0	Villa_del_Priorato_di_Malta	Ville_di_Roma		648756
0	Villa_del_Sannazaro	Ville_di_Napoli		2011630
0	Villa_del_Tellaro	Ville_della_provincia_di_Siracusa		99287
0	Villa_del_Vascello	Ville_di_Roma		4482956
0	Villa_dell'Ombrellino	Ville_di_Firenze		529312
0	Villa_della_Giovannina	Ville_della_provincia_di_Bologna		1589030
0	Villa_della_Grotta_di_San_Giovanni	Ville_di_Napoli		2339994
0	Villa_della_Mensa	Ville_della_provincia_di_Ferrara		3479890
0	Villa_della_Regina	Ville_di_Torino		106573
0	Villa_della_Valle	Ville_della_provincia_di_Livorno		1870799
0	Villa_delle_Ginestre	Ville_di_Torre_del_Greco|Ville_vesuviane_del_Miglio_d'oro		2001245
0	Villa_delle_Lune	Ville_di_Firenze		923868
0	Villa_delle_Peschiere_di_Tobia_Pallavicino	Ville_di_Genova		822447
0	Villa_delle_Sacca	Ville_di_Prato		1499692
0	Villa_delle_Selve	Ville_di_Lastra_a_Signa		3155099
0	Villa_dello_Spedaluzzo	Ville_di_Firenze		1720285
0	Villa_di_Agnano	Ville_di_San_Giuliano_Terme|Ville_medicee		581867
0	Villa_di_Arena_Metato	Ville_di_San_Giuliano_Terme|Ville_medicee		1168607
0	Villa_di_Bagazzano	Ville_di_Fiesole		3466813
0	Villa_di_Bellosguardo	Ville_di_Firenze		3465071
0	Villa_di_Bibbiani	Ville_di_Capraia_e_Limite		870279
0	Villa_di_Bivigliano	Ville_di_Vaglia		529504
0	Villa_di_Cambiano	Ville_di_Castelfiorentino		529508
0	Villa_di_Carraia	Ville_della_provincia_di_Pistoia		1520274
0	Villa_di_Castelpulci	Ville_di_Scandicci		3110460
0	Villa_di_Castiglionchio	Ville_di_Pontassieve		3464127
0	Villa_di_Castiglioni	Ville_di_Montespertoli		3532113
0	Villa_di_Catignano	Ville_di_Castelnuovo_Berardenga		847052
0	Villa_di_Corliano	Ville_di_San_Giuliano_Terme		1091848
0	Villa_di_Corte_Vecchia	Ville_della_provincia_di_Grosseto		1747046
0	Villa_di_Cortine	Ville_di_Barberino_Val_d'Elsa		3470935
0	Villa_di_Fagnano	Ville_di_Castelnuovo_Berardenga		1291360
0	Villa_di_Ferrante_d'Aragona	Ville_di_Napoli		2600904
0	Villa_di_Fontana	Ville_di_Pistoia		1549483
0	Villa_di_Geggiano	Ville_di_Castelnuovo_Berardenga		847022
0	Villa_di_Gricigliano	Ville_di_Pontassieve		3464065
0	Villa_di_Grotta_Marina	Ville_di_Napoli		2127905
0	Villa_di_Limone	Ville_di_Livorno		2046038
0	Villa_di_Linari_(Sovicille)	Ville_di_Sovicille		3928414
0	Villa_di_Livia	Ville_di_Roma		1912632
0	Villa_di_Maiano	Ville_di_Fiesole		1795622
0	Villa_di_Malavolta	Ville_di_Firenze		2204659
0	Villa_di_Massenzio	Ville_di_Roma		1619214
0	Villa_di_Mercatale	Ville_della_provincia_di_Firenze		529515
0	Villa_di_Monaciano	Ville_di_Castelnuovo_Berardenga		847073
0	Villa_di_Mondeggi	Ville_di_Bagno_a_Ripoli		3989994
0	Villa_di_Montalto	Ville_di_Firenze		3465041
0	Villa_di_Monteripaldi	Ville_di_Firenze		2341770
0	Villa_di_Murlo	Ville_di_San_Casciano_in_Val_di_Pesa		3338419
0	Villa_di_Pastine	Ville_di_Barberino_Val_d'Elsa		3471104
0	Villa_di_Patti	Ville_della_provincia_di_Messina		99293
0	Villa_di_Petrognano	Ville_di_Barberino_Val_d'Elsa		3471142
0	Villa_di_Poggio_Gherardo	Ville_di_Fiesole		908488
0	Villa_di_Poggio_Imperiale	Ville_di_Firenze|Ville_medicee		591448
0	Villa_di_Poggio_Petroio	Ville_di_Tavarnelle_in_Val_di_Pesa		1861734
0	Villa_di_Poggio_Reale	Ville_di_Firenze		529523
0	Villa_di_Poggioreale	Ville_di_Napoli		2017329
0	Villa_di_Pompeo	Ville_del_Lazio		68962
0	Villa_di_Prumiano	Ville_di_Barberino_Val_d'Elsa		3472376
0	Villa_di_Quarto	Ville_di_Firenze		568664
0	Villa_di_Rusciano	Ville_di_Firenze		1102899
0	Villa_di_San_Cerbone	Ville_di_Figline_Valdarno		1273427
0	Villa_di_San_Filippo	Ville_di_Barberino_Val_d'Elsa		3472465
0	Villa_di_San_Lorenzo_a_Vigliano	Ville_di_Barberino_Val_d'Elsa		3472550
0	Villa_di_San_Martino	Ville_della_provincia_di_Livorno		846252
0	Villa_di_Sestano	Ville_di_Castelnuovo_Berardenga		1678412
0	Villa_di_Spedaletto	Ville_della_Valdera|Ville_di_Lajatico|Ville_medicee		584437
0	Villa_di_Striano	Ville_di_Borgo_San_Lorenzo		1217518
0	Villa_di_Tiberio	Ville_del_Lazio		507216
0	Villa_di_Torre_a_Cona	Ville_di_Rignano_sull'Arno		3464291
0	Villa_di_Trefiano	Ville_della_provincia_di_Prato		3006385
0	Villa_di_Villamagna	Ville_del_Lazio		3478707
0	Villa_di_Viteccio	Ville_di_Sovicille		3930076
0	Villa_di_Volsanminiato	Ville_di_Firenze		2335670
0	Villa_e_Bosco_Morsiani	Ville_della_provincia_di_Ravenna		4041965
0	Villa_e_parco_Baciocchi	Ville_della_Valdera|Ville_di_Capannoli		873589
0	Villa_e_parco_Negrotto_Cambiaso	Ville_della_provincia_di_Genova		2574906
0	Villa_granducale_di_Alberese	Ville_di_Grosseto		1139202
0	Villa_la_Cava	Ville_della_Valdera|Ville_di_Pontedera		873663
0	Villa_la_Rinchiostra	Ville_di_Massa		872384
0	Villa_la_Rotonda_(Inverigo)	Ville_della_Lombardia		3121943
0	Villa_la_Torre	Ville_della_Valdera|Ville_di_Capannoli		873604
0	Villa_le_Sorti	Ville_di_Lastra_a_Signa		3155151
0	Villa_medicea_del_Trebbio	Ville_di_San_Piero_a_Sieve|Ville_medicee		579966
0	Villa_medicea_dell'Ambrogiana	Ville_di_Montelupo_Fiorentino|Ville_medicee		589668
0	Villa_medicea_della_Topaia	Ville_di_Firenze|Ville_medicee		585308
0	Villa_medicea_di_Artimino	Ville_della_provincia_di_Prato|Ville_medicee		590439
0	Villa_medicea_di_Buti	Ville_della_provincia_di_Pisa|Ville_medicee		3527878
0	Villa_medicea_di_Cafaggiolo	Ville_di_Barberino_di_Mugello|Ville_medicee		580074
0	Villa_medicea_di_Careggi	Ville_di_Firenze|Ville_medicee		495212
0	Villa_medicea_di_Castello	Ville_di_Firenze|Ville_medicee		495215
0	Villa_medicea_di_Cerreto_Guidi	Ville_di_Cerreto_Guidi|Ville_medicee		592410
0	Villa_medicea_di_Collesalvetti	Ville_della_provincia_di_Livorno|Ville_medicee		584215
0	Villa_medicea_di_Coltano	Ville_di_Pisa|Ville_medicee		589598
0	Villa_medicea_di_Lappeggi	Ville_di_Bagno_a_Ripoli|Ville_medicee		587513
0	Villa_medicea_di_Lilliano	Ville_di_Bagno_a_Ripoli|Ville_medicee		1131457
0	Villa_medicea_di_Marignolle	Ville_di_Firenze|Ville_medicee		587606
0	Villa_medicea_di_Mezzomonte	Ville_medicee		587265
0	Villa_medicea_di_Montevettolini	Ville_della_provincia_di_Pistoia|Ville_medicee		591392
0	Villa_medicea_di_Poggio_a_Caiano	Ville_di_Poggio_a_Caiano|Ville_medicee		227172
0	Villa_medicea_di_Pratolino	Ville_medicee		496096
0	Villa_medicea_di_Stabbia	Ville_di_Cerreto_Guidi|Ville_medicee		585378
0	Villa_romana_delle_Paduline	Ville_di_Castiglione_della_Pescaia		2280004
0	Villa_romana_di_Russi	Ville_della_provincia_di_Ravenna		3083737
0	Villa_romana_di_Torvaianica	Ville_del_Lazio		655443
0	Villa_veneta	Ville_del_Veneto		1282085
0	Ville_Ponti	Ville_di_Varese		2019717
14	Ville_del_Friuli-Venezia_Giulia	Ville_d'Italia		2848747
14	Ville_del_Lazio	Ville_d'Italia		467334
0	Ville_del_Naviglio_Grande	Ville_della_provincia_di_Milano		1250575
14	Ville_del_Piemonte	Ville_d'Italia		1372183
14	Ville_del_Terraglio	Ville_del_Veneto		2156488
14	Ville_del_Trentino-Alto_Adige	Ville_d'Italia		4142544
14	Ville_del_Veneto	Ville_d'Italia		1262579
14	Ville_dell'Emilia-Romagna	Ville_d'Italia		1262799
14	Ville_dell'Impruneta	Ville_della_provincia_di_Firenze		2984308
14	Ville_dell'Umbria	Ville_d'Italia		2796751
14	Ville_della_Basilicata	Ville_d'Italia		4296926
14	Ville_della_Campania	Ville_d'Italia		467349
14	Ville_della_Liguria	Ville_d'Italia		467341
14	Ville_della_Lombardia	Ville_d'Italia		467340
14	Ville_della_Puglia	Ville_d'Italia		2752895
14	Ville_della_Sardegna	Ville_d'Italia		1787101
14	Ville_della_Sicilia	Ville_d'Italia		467342
14	Ville_della_Toscana	Ville_d'Italia		460385
14	Ville_della_Valdera	Ville_della_provincia_di_Pisa		1339828
14	Ville_della_Valle_d'Aosta	Ville_d'Italia		3991559
14	Ville_della_provincia_del_Verbano-Cusio-Ossola	Ville_del_Piemonte		3184539
14	Ville_della_provincia_della_Spezia	Ville_della_Liguria		4449915
14	Ville_della_provincia_di_Ancona	Ville_delle_Marche		3573140
14	Ville_della_provincia_di_Arezzo	Ville_della_Toscana		1676957
14	Ville_della_provincia_di_Benevento	Ville_della_Campania		4294549
14	Ville_della_provincia_di_Biella	Ville_del_Piemonte		4538847
14	Ville_della_provincia_di_Bologna	Ville_dell'Emilia-Romagna		2144644
14	Ville_della_provincia_di_Brescia	Ville_della_Lombardia		1329634
14	Ville_della_provincia_di_Catania	Ville_della_Sicilia		3531745
14	Ville_della_provincia_di_Como	Ville_della_Lombardia		1329621
14	Ville_della_provincia_di_Cremona	Ville_della_Lombardia		1329631
14	Ville_della_provincia_di_Enna	Ville_della_Sicilia		3775801
14	Ville_della_provincia_di_Fermo	Ville_delle_Marche		3111876
14	Ville_della_provincia_di_Ferrara	Ville_dell'Emilia-Romagna		2144639
14	Ville_della_provincia_di_Firenze	Ville_della_Toscana		1676923
14	Ville_della_provincia_di_Genova	Ville_della_Liguria		4449879
14	Ville_della_provincia_di_Grosseto	Ville_della_Toscana		1149024
14	Ville_della_provincia_di_Imperia	Ville_della_Liguria		3568336
14	Ville_della_provincia_di_Lecco	Ville_della_Lombardia		1329637
14	Ville_della_provincia_di_Livorno	Ville_della_Toscana		1415915
14	Ville_della_provincia_di_Lodi	Ville_della_Lombardia		3387533
14	Ville_della_provincia_di_Lucca	Ville_della_Toscana		1468817
14	Ville_della_provincia_di_Macerata	Ville_delle_Marche		3111881
14	Ville_della_provincia_di_Mantova	Ville_della_Lombardia		2915126
14	Ville_della_provincia_di_Massa_e_Carrara	Ville_della_Toscana		2794045
14	Ville_della_provincia_di_Messina	Ville_della_Sicilia		3775813
14	Ville_della_provincia_di_Milano	Ville_della_Lombardia		1329616
14	Ville_della_provincia_di_Modena	Ville_dell'Emilia-Romagna		3292649
14	Ville_della_provincia_di_Monza_e_della_Brianza	Ville_della_Lombardia		1669195
14	Ville_della_provincia_di_Napoli	Ville_della_Campania		3589933
14	Ville_della_provincia_di_Novara	Ville_del_Piemonte		3312900
14	Ville_della_provincia_di_Padova	Ville_del_Veneto		1883883
14	Ville_della_provincia_di_Palermo	Ville_della_Sicilia		1666265
14	Ville_della_provincia_di_Parma	Ville_dell'Emilia-Romagna		3979979
14	Ville_della_provincia_di_Pavia	Ville_della_Lombardia		4695997
14	Ville_della_provincia_di_Perugia	Ville_dell'Umbria		2048284
14	Ville_della_provincia_di_Pesaro_e_Urbino	Ville_delle_Marche		3404715
14	Ville_della_provincia_di_Pisa	Ville_della_Toscana		1468738
14	Ville_della_provincia_di_Pistoia	Ville_della_Toscana		1676912
14	Ville_della_provincia_di_Prato	Ville_della_Toscana		1677006
14	Ville_della_provincia_di_Ravenna	Ville_dell'Emilia-Romagna		4042014
14	Ville_della_provincia_di_Roma	Ville_del_Lazio		4499577
14	Ville_della_provincia_di_Rovigo	Ville_del_Veneto		1945656
14	Ville_della_provincia_di_Salerno	Ville_della_Campania		3981111
14	Ville_della_provincia_di_Savona	Ville_della_Liguria		4449882
14	Ville_della_provincia_di_Siena	Ville_della_Toscana		1676979
14	Ville_della_provincia_di_Siracusa	Ville_della_Sicilia		1331526
14	Ville_della_provincia_di_Torino	Ville_del_Piemonte		4305683
14	Ville_della_provincia_di_Treviso	Ville_del_Veneto		1945629
14	Ville_della_provincia_di_Varese	Ville_della_Lombardia		1329619
14	Ville_della_provincia_di_Venezia	Ville_del_Veneto		1945654
14	Ville_della_provincia_di_Verona	Ville_del_Veneto		1792619
14	Ville_della_provincia_di_Vicenza	Ville_del_Veneto		1731348
14	Ville_delle_Marche	Ville_d'Italia		1262793
14	Ville_di_Abano_Terme	Ville_della_provincia_di_Padova		4235813
14	Ville_di_Agugliaro	Ville_della_provincia_di_Vicenza		4058218
14	Ville_di_Albano_Laziale	Ville_della_provincia_di_Roma		4566875
14	Ville_di_Altavilla_Vicentina	Ville_della_provincia_di_Vicenza		4058238
14	Ville_di_Altivole	Ville_della_provincia_di_Treviso		3108169
14	Ville_di_Arcore	Ville_della_provincia_di_Monza_e_della_Brianza		4166741
14	Ville_di_Bagheria	Ville_della_provincia_di_Palermo		2453933
14	Ville_di_Bagno_a_Ripoli	Ville_della_provincia_di_Firenze		1764156
14	Ville_di_Barberino_Val_d'Elsa	Ville_della_provincia_di_Firenze		3467060
14	Ville_di_Barberino_di_Mugello	Ville_della_provincia_di_Firenze		1730814
14	Ville_di_Bassano_del_Grappa	Ville_della_provincia_di_Vicenza		4058169
14	Ville_di_Bolzano_Vicentino	Ville_della_provincia_di_Vicenza		4058234
14	Ville_di_Borgo_San_Lorenzo	Ville_della_provincia_di_Firenze		1763737
14	Ville_di_Caldogno	Ville_della_provincia_di_Vicenza		4058178
14	Ville_di_Calenzano	Ville_della_provincia_di_Firenze		1730869
14	Ville_di_Camisano_Vicentino	Ville_della_provincia_di_Vicenza		4580861
14	Ville_di_Campi_Bisenzio	Ville_della_provincia_di_Firenze		1764001
14	Ville_di_Campiglia_dei_Berici	Ville_della_provincia_di_Vicenza		4058214
14	Ville_di_Candiana	Ville_della_provincia_di_Padova		4235821
14	Ville_di_Capannoli	Ville_della_provincia_di_Pisa		1820652
14	Ville_di_Capannori	Ville_della_provincia_di_Lucca		1818656
14	Ville_di_Capraia_e_Limite	Ville_della_provincia_di_Firenze		1763955
14	Ville_di_Capri	Ville_della_provincia_di_Napoli		2652777
14	Ville_di_Carrara	Ville_della_provincia_di_Massa_e_Carrara		1870989
14	Ville_di_Cartigliano	Ville_della_provincia_di_Vicenza		4058466
14	Ville_di_Cartura	Ville_della_provincia_di_Padova		4235766
14	Ville_di_Casale_di_Scodosia	Ville_della_provincia_di_Padova		4235771
14	Ville_di_Casale_sul_Sile	Ville_della_provincia_di_Treviso		4371576
14	Ville_di_Casier	Ville_della_provincia_di_Treviso		3971231
14	Ville_di_Casole_d'Elsa	Ville_della_provincia_di_Siena		2420561
14	Ville_di_Castel_Goffredo	Ville_della_provincia_di_Mantova		4701994
14	Ville_di_Castelfiorentino	Ville_della_provincia_di_Firenze		1763983
14	Ville_di_Castelnuovo_Berardenga	Architetture_di_Castelnuovo_Berardenga|Ville_della_provincia_di_Siena		1677089
14	Ville_di_Castiglione_della_Pescaia	Ville_della_provincia_di_Grosseto		4116755
14	Ville_di_Catania	Ville_della_provincia_di_Catania		3531744
14	Ville_di_Cerea	Ville_della_provincia_di_Verona		4058573
14	Ville_di_Cernobbio	Ville_della_provincia_di_Como		4171199
14	Ville_di_Cerreto_Guidi	Ville_della_provincia_di_Firenze		1763986
14	Ville_di_Cervarese_Santa_Croce	Ville_della_provincia_di_Padova		4235788
14	Ville_di_Cessalto	Ville_della_provincia_di_Treviso		3108210
14	Ville_di_Cinto_Euganeo	Ville_della_provincia_di_Padova		4235826
14	Ville_di_Codognè	Ville_della_provincia_di_Treviso		3108113
14	Ville_di_Colle_Umberto	Ville_della_provincia_di_Treviso		3108168
14	Ville_di_Conegliano	Ville_della_provincia_di_Treviso		2493509
14	Ville_di_Corbetta	Ville_della_provincia_di_Milano		4532494
14	Ville_di_Cortona	Ville_della_provincia_di_Arezzo		1775386
14	Ville_di_Crespina	Ville_della_provincia_di_Pisa		1820695
14	Ville_di_Dolo	Ville_della_provincia_di_Venezia		3778100
14	Ville_di_Dueville	Ville_della_provincia_di_Vicenza		4058211
14	Ville_di_Este	Ville_della_provincia_di_Padova		4235785
14	Ville_di_Fiesole	Ville_della_provincia_di_Firenze		861725
14	Ville_di_Figline_Valdarno	Ville_della_provincia_di_Firenze		1764027
14	Ville_di_Firenze	Ville_della_provincia_di_Firenze		495211
0	Ville_di_Firenze	Ville_di_Firenze		1723234
14	Ville_di_Forlì	Ville_dell'Emilia-Romagna		2142491
14	Ville_di_Forte_dei_Marmi	Ville_della_provincia_di_Lucca		1849777
14	Ville_di_Fossalta_di_Portogruaro	Ville_della_provincia_di_Venezia		3778101
14	Ville_di_Frascati	Ville_della_provincia_di_Roma		4499578
14	Ville_di_Fucecchio	Ville_della_provincia_di_Firenze		1730942
14	Ville_di_Fumane	Ville_della_provincia_di_Verona		4058501
14	Ville_di_Gaiarine	Ville_della_provincia_di_Treviso		4580848
14	Ville_di_Galliera_Veneta	Ville_della_provincia_di_Padova		4235834
14	Ville_di_Galzignano_Terme	Ville_della_provincia_di_Padova		4580864
14	Ville_di_Genova	Ville_della_provincia_di_Genova		415251
0	Ville_di_Genova	Ville_di_Genova		482978
14	Ville_di_Greve_in_Chianti	Ville_della_provincia_di_Firenze		1728070
14	Ville_di_Grezzana	Ville_della_provincia_di_Verona		4058571
14	Ville_di_Grosseto	Ville_della_provincia_di_Grosseto		1149023
14	Ville_di_Grottaferrata	Ville_della_provincia_di_Roma		4565839
14	Ville_di_Grumolo_delle_Abbadesse	Ville_della_provincia_di_Vicenza		4058179
14	Ville_di_Illasi	Ville_della_provincia_di_Verona		4058537
14	Ville_di_Isola_Rizza	Ville_della_provincia_di_Verona		4058556
14	Ville_di_Lajatico	Ville_della_provincia_di_Pisa		1820743
14	Ville_di_Lastra_a_Signa	Ville_della_provincia_di_Firenze		1742856
14	Ville_di_Lecco	Ville_della_provincia_di_Lecco		4090293
14	Ville_di_Lerici	Ville_della_provincia_della_Spezia		4613296
14	Ville_di_Livorno	Ville_della_provincia_di_Livorno		1200087
0	Ville_di_Livorno	Ville_di_Livorno		1461633
14	Ville_di_Lonigo	Ville_della_provincia_di_Vicenza		4058201
14	Ville_di_Lucca	Ville_della_provincia_di_Lucca		840798
14	Ville_di_Lugo_di_Vicenza	Ville_della_provincia_di_Vicenza		4058204
14	Ville_di_Malo	Ville_della_provincia_di_Vicenza		4058208
14	Ville_di_Marano_di_Valpolicella	Ville_della_provincia_di_Verona		4058478
14	Ville_di_Mareno_di_Piave	Ville_della_provincia_di_Treviso		3108107
14	Ville_di_Martellago	Ville_della_provincia_di_Venezia		3778116
14	Ville_di_Maser	Ville_della_provincia_di_Treviso		3108204
14	Ville_di_Massa	Ville_della_provincia_di_Massa_e_Carrara		1870987
14	Ville_di_Milano	Ville_della_provincia_di_Milano		1305386
14	Ville_di_Mira	Ville_della_provincia_di_Venezia		3778094
14	Ville_di_Mogliano_Veneto	Ville_della_provincia_di_Treviso		3108138
14	Ville_di_Monselice	Ville_della_provincia_di_Padova		4235811
14	Ville_di_Montagnana	Ville_della_provincia_di_Padova		4235818
14	Ville_di_Monte_Porzio_Catone	Ville_della_provincia_di_Roma		4499580
14	Ville_di_Montebelluna	Ville_della_provincia_di_Treviso		3534205
14	Ville_di_Montecchio_Maggiore	Ville_della_provincia_di_Vicenza		4058185
14	Ville_di_Montecchio_Precalcino	Ville_della_provincia_di_Vicenza		4058188
14	Ville_di_Montegrotto_Terme	Ville_della_provincia_di_Padova		4235824
14	Ville_di_Montelupo_Fiorentino	Ville_della_provincia_di_Firenze		1730978
14	Ville_di_Montespertoli	Ville_della_provincia_di_Firenze		2339921
14	Ville_di_Montevarchi	Ville_della_provincia_di_Arezzo		1746349
14	Ville_di_Monticello_Conte_Otto	Ville_della_provincia_di_Vicenza		4058239
14	Ville_di_Montopoli_in_Val_d'Arno	Ville_della_provincia_di_Pisa		1820678
14	Ville_di_Monza	Ville_della_provincia_di_Monza_e_della_Brianza		2329750
14	Ville_di_Morgano	Ville_della_provincia_di_Treviso		3222686
14	Ville_di_Mozzecane	Ville_della_provincia_di_Verona		4058512
14	Ville_di_Napoli	Ville_della_provincia_di_Napoli		1073978
0	Ville_di_Napoli	Ville_di_Napoli		2009695
14	Ville_di_Negrar	Ville_della_provincia_di_Verona		4058473
14	Ville_di_Noventa_Vicentina	Ville_della_provincia_di_Vicenza		4235762
14	Ville_di_Orsago	Ville_della_provincia_di_Treviso		3108196
14	Ville_di_Padova	Ville_della_provincia_di_Padova		1883917
14	Ville_di_Paese	Ville_della_provincia_di_Treviso		3108160
14	Ville_di_Palermo	Ville_della_provincia_di_Palermo		1666270
14	Ville_di_Parma	Ville_della_provincia_di_Parma		4116782
14	Ville_di_Pescantina	Ville_della_provincia_di_Verona		4058510
14	Ville_di_Pescia	Ville_della_provincia_di_Pistoia		1782430
14	Ville_di_Piano_di_Sorrento	Ville_della_provincia_di_Napoli		4730881
14	Ville_di_Piazzola_sul_Brenta	Ville_della_provincia_di_Padova		4235829
14	Ville_di_Pieve_di_Soligo	Ville_della_provincia_di_Treviso		3108212
14	Ville_di_Piombino_Dese	Ville_della_provincia_di_Padova		4235825
14	Ville_di_Pisa	Ville_della_provincia_di_Pisa		1468795
14	Ville_di_Pistoia	Ville_della_provincia_di_Pistoia		1589938
14	Ville_di_Poggio_a_Caiano	Ville_della_provincia_di_Prato		1731058
14	Ville_di_Pojana_Maggiore	Ville_della_provincia_di_Vicenza		4058199
14	Ville_di_Ponsacco	Ville_della_provincia_di_Pisa		1820660
14	Ville_di_Pontassieve	Ville_della_provincia_di_Firenze		3464066
14	Ville_di_Pontedera	Ville_della_provincia_di_Pisa		1820624
14	Ville_di_Ponzano_Veneto	Ville_della_provincia_di_Treviso		3108197
14	Ville_di_Portici	Ville_della_provincia_di_Napoli		4129561
14	Ville_di_Prato	Ville_della_provincia_di_Prato		2154419
14	Ville_di_Preganziol	Ville_della_provincia_di_Treviso		3108155
14	Ville_di_Quinto_Vicentino	Ville_della_provincia_di_Vicenza		4058221
14	Ville_di_Ravello	Ville_della_provincia_di_Salerno		3981106
14	Ville_di_Rignano_sull'Arno	Ville_della_provincia_di_Firenze		1764058
0	Ville_di_Roma	Ville_di_Roma		498292
14	Ville_di_Roma	Ville_della_provincia_di_Roma		1992024
14	Ville_di_Rufina	Ville_della_provincia_di_Firenze		1763994
14	Ville_di_Salzano	Ville_della_provincia_di_Venezia		3778096
14	Ville_di_San_Casciano_in_Val_di_Pesa	Ville_della_provincia_di_Firenze		1728042
14	Ville_di_San_Fior	Ville_della_provincia_di_Treviso		2573125
14	Ville_di_San_Giorgio_a_Cremano	Ville_della_provincia_di_Napoli		3978101
14	Ville_di_San_Giuliano_Terme	Ville_della_provincia_di_Pisa		1820640
14	Ville_di_San_Piero_a_Sieve	Ville_della_provincia_di_Firenze		1763790
14	Ville_di_San_Pietro_di_Feletto	Ville_della_provincia_di_Treviso		3108162
14	Ville_di_San_Pietro_di_Morubio	Ville_della_provincia_di_Verona		4058487
14	Ville_di_San_Pietro_in_Cariano	Ville_della_provincia_di_Verona		3059024
14	Ville_di_San_Vendemiano	Ville_della_provincia_di_Treviso		3108175
14	Ville_di_Sandrigo	Ville_della_provincia_di_Vicenza		4418148
14	Ville_di_Sant'Ambrogio_di_Valpolicella	Ville_della_provincia_di_Verona		4058474
14	Ville_di_Santa_Croce_sull'Arno	Ville_della_provincia_di_Pisa		1820752
14	Ville_di_Santa_Flavia	Ville_della_provincia_di_Palermo		3274512
14	Ville_di_Santa_Maria_di_Sala	Ville_della_provincia_di_Venezia		3778095
14	Ville_di_Sarcedo	Ville_della_provincia_di_Vicenza		4058192
14	Ville_di_Sarego	Ville_della_provincia_di_Vicenza		4058173
0	Ville_di_Scandicci	Ville_di_Scandicci		1616849
14	Ville_di_Scandicci	Ville_della_provincia_di_Firenze		1823487
14	Ville_di_Scarperia	Ville_della_provincia_di_Firenze		1764018
14	Ville_di_Serravalle_Pistoiese	Ville_della_provincia_di_Pistoia		4057318
14	Ville_di_Sesto_Fiorentino	Ville_della_provincia_di_Firenze		869976
14	Ville_di_Siena	Ville_della_provincia_di_Siena		847027
14	Ville_di_Signa	Ville_della_provincia_di_Firenze		2114842
14	Ville_di_Sovicille	Ville_della_provincia_di_Siena		1677131
14	Ville_di_Sovizzo	Ville_della_provincia_di_Vicenza		4058175
14	Ville_di_Stra	Ville_della_provincia_di_Venezia		3778113
14	Ville_di_Tavarnelle_in_Val_di_Pesa	Ville_della_provincia_di_Firenze		2339923
14	Ville_di_Thiene	Ville_della_provincia_di_Vicenza		4058228
14	Ville_di_Tivoli	Ville_della_provincia_di_Roma		1892820
14	Ville_di_Torino	Ville_della_provincia_di_Torino		467347
14	Ville_di_Torre_del_Greco	Ville_della_provincia_di_Napoli		3978035
14	Ville_di_Torreglia	Ville_della_provincia_di_Padova		4235816
14	Ville_di_Tregnago	Ville_della_provincia_di_Verona		4058574
14	Ville_di_Treviso	Ville_della_provincia_di_Treviso		3108157
0	Ville_di_Treviso	Ville_di_Treviso		4123925
14	Ville_di_Trissino	Ville_della_provincia_di_Vicenza		4414657
14	Ville_di_Vaglia	Ville_della_provincia_di_Firenze		1743819
14	Ville_di_Vaiano	Ville_della_provincia_di_Prato		4065620
14	Ville_di_Valeggio_sul_Mincio	Ville_della_provincia_di_Verona		4058494
14	Ville_di_Varese	Ville_della_provincia_di_Varese		1329617
14	Ville_di_Vecchiano	Ville_della_provincia_di_Pisa		4142971
14	Ville_di_Vedelago	Ville_della_provincia_di_Treviso		3108214
14	Ville_di_Venezia	Ville_della_provincia_di_Venezia		3778093
14	Ville_di_Verona	Ville_della_provincia_di_Verona		4058538
14	Ville_di_Viareggio	Ville_della_provincia_di_Lucca		1818661
14	Ville_di_Vicenza	Ville_della_provincia_di_Vicenza		1731349
14	Ville_di_Vicopisano	Ville_della_provincia_di_Pisa		1820719
14	Ville_di_Villafranca_Padovana	Ville_della_provincia_di_Padova		4235830
14	Ville_di_Villaverla	Ville_della_provincia_di_Vicenza		4058195
14	Ville_di_Vinci	Ville_della_provincia_di_Firenze		1763984
14	Ville_di_Vittorio_Veneto	Ville_della_provincia_di_Treviso		2807525
14	Ville_di_Volpago_del_Montello	Ville_della_provincia_di_Treviso		3108200
14	Ville_di_Zero_Branco	Ville_della_provincia_di_Treviso		3108205
14	Ville_di_Zevio	Ville_della_provincia_di_Verona		4058518
0	Ville_e_palazzi_di_Milano	Ville_di_Milano		1249902
0	Ville_medicee	Ville_medicee		237503
14	Ville_medicee	Ville_della_Toscana		1414313
0	Ville_napoleoniche_di_Portoferraio	Ville_della_provincia_di_Livorno		845981
0	Ville_palladiane	Ville_palladiane		226578
14	Ville_palladiane	Ville_del_Veneto		293971
0	Ville_vesuviane_del_Miglio_d'oro	Ville_vesuviane_del_Miglio_d'oro		1576550
14	Ville_vesuviane_del_Miglio_d'oro	Ville_della_provincia_di_Napoli		1834721
0	Villetta_Di_Negro	Ville_di_Genova		415421
0	Villini_Servadio	Ville_di_Firenze		4472817
0	Villino_Berlingieri	Ville_di_Napoli		2479769
0	Villino_Brunetti	Ville_di_Viareggio		1849989
0	Villino_Coppini	Ville_di_Firenze		4440499
0	Villino_Favaloro	Ville_di_Palermo		2709511
0	Villino_Florio	Ville_di_Palermo		1364116
0	Villino_Galeotti-Flori	Ville_di_Firenze		1791077
0	Villino_Hoepli	Ville_di_Milano		4201042
0	Villino_Il_Guscio	Ville_di_Viareggio		1850006
0	Villino_Pacini	Ville_di_Pistoia		1795368
0	Villino_Panichi	Ville_di_Grosseto		1819404
0	Villino_Pastorelli	Ville_di_Grosseto		1756955
0	Villino_Ruggeri	Stub_-_ville_d'Italia|Ville_della_provincia_di_Pesaro_e_Urbino		2908780
0	Villino_Serati_De_Vecchi	Ville_di_Corbetta		3755983
0	Villino_Tolomei	Ville_di_Viareggio		1850000
0	Villino_Uzielli	Ville_di_Firenze		1791143
0	Vittoriale_degli_italiani	Ville_della_provincia_di_Brescia		570002
